Index,S_ID,S_Abbrev,Structure_Method,R_ID,R_Abbrev,Reasoning_Method,P_ID,P_Abbrev,Presentation_Method,Problem_Types,Output_Types,Avg_Complexity,Avg_Domain_Specificity
1,1,S1,DSRP,3,R3,Abductive Reasoning,1,P1,Cornell Notes,complex,conceptual,1.67,0.33
2,1,S1,DSRP,3,R3,Abductive Reasoning,2,P2,SQ3R,complex,conceptual,1.67,0.37
3,1,S1,DSRP,3,R3,Abductive Reasoning,3,P3,CODE (Second Brain),complex,conceptual,2.00,0.33
4,1,S1,DSRP,3,R3,Abductive Reasoning,4,P4,Progressive Summarization,complex,conceptual,2.00,0.33
5,1,S1,DSRP,3,R3,Abductive Reasoning,6,P6,Memo,complex,conceptual,1.67,0.27
6,1,S1,DSRP,3,R3,Abductive Reasoning,7,P7,Executive Summary,complex,conceptual,1.67,0.27
7,1,S1,DSRP,3,R3,Abductive Reasoning,10,P10,White Paper,complex,conceptual,2.00,0.30
8,1,S1,DSRP,3,R3,Abductive Reasoning,14,P14,FAQ,complex,conceptual,1.67,0.27
9,1,S1,DSRP,3,R3,Abductive Reasoning,25,P25,Mind Map,complex,conceptual,1.67,0.27
10,1,S1,DSRP,3,R3,Abductive Reasoning,28,P28,Slide Deck,complex,conceptual,1.67,0.27
11,1,S1,DSRP,3,R3,Abductive Reasoning,36,P36,Metaphorical Explanation,complex,conceptual,2.00,0.30
12,1,S1,DSRP,8,R8,Design Thinking,5,P5,Checklist,complex,sequential,1.67,0.30
13,1,S1,DSRP,8,R8,Design Thinking,6,P6,Memo,complex,qualitative,1.67,0.27
14,1,S1,DSRP,8,R8,Design Thinking,8,P8,Technical Report,complex,qualitative; sequential,2.00,0.27
15,1,S1,DSRP,8,R8,Design Thinking,10,P10,White Paper,complex,qualitative,2.00,0.30
16,1,S1,DSRP,8,R8,Design Thinking,11,P11,Academic Paper,complex,qualitative,2.33,0.30
17,1,S1,DSRP,8,R8,Design Thinking,12,P12,Case Study,complex,qualitative,2.00,0.30
18,1,S1,DSRP,8,R8,Design Thinking,13,P13,Tutorial,complex,sequential,1.67,0.30
19,1,S1,DSRP,8,R8,Design Thinking,15,P15,Dialogue,complex,qualitative,2.00,0.30
20,1,S1,DSRP,8,R8,Design Thinking,19,P19,Flowchart,complex,sequential,1.67,0.27
21,1,S1,DSRP,8,R8,Design Thinking,20,P20,Gantt Chart,complex,sequential,1.67,0.33
22,1,S1,DSRP,8,R8,Design Thinking,26,P26,Timeline,complex,sequential,1.67,0.27
23,1,S1,DSRP,8,R8,Design Thinking,32,P32,Annotated Code,complex,sequential,2.00,0.40
24,1,S1,DSRP,8,R8,Design Thinking,33,P33,Narrative Synthesis,complex,qualitative,2.00,0.27
25,1,S1,DSRP,8,R8,Design Thinking,35,P35,Dialogue Format,complex,qualitative,2.00,0.30
26,1,S1,DSRP,9,R9,OODA Loop,5,P5,Checklist,complex,sequential,1.67,0.33
27,1,S1,DSRP,9,R9,OODA Loop,8,P8,Technical Report,complex,sequential,2.00,0.30
28,1,S1,DSRP,9,R9,OODA Loop,13,P13,Tutorial,complex,sequential,1.67,0.33
29,1,S1,DSRP,9,R9,OODA Loop,19,P19,Flowchart,complex,sequential,1.67,0.30
30,1,S1,DSRP,9,R9,OODA Loop,20,P20,Gantt Chart,complex,sequential,1.67,0.37
31,1,S1,DSRP,9,R9,OODA Loop,26,P26,Timeline,complex,sequential,1.67,0.30
32,1,S1,DSRP,9,R9,OODA Loop,32,P32,Annotated Code,complex,sequential,2.00,0.43
33,1,S1,DSRP,12,R12,Scientific Method,5,P5,Checklist,complex,sequential,1.67,0.27
34,1,S1,DSRP,12,R12,Scientific Method,8,P8,Technical Report,complex,sequential,2.00,0.23
35,1,S1,DSRP,12,R12,Scientific Method,13,P13,Tutorial,complex,sequential,1.67,0.27
36,1,S1,DSRP,12,R12,Scientific Method,19,P19,Flowchart,complex,sequential,1.67,0.23
37,1,S1,DSRP,12,R12,Scientific Method,20,P20,Gantt Chart,complex,sequential,1.67,0.30
38,1,S1,DSRP,12,R12,Scientific Method,26,P26,Timeline,complex,sequential,1.67,0.23
39,1,S1,DSRP,12,R12,Scientific Method,32,P32,Annotated Code,complex,sequential,2.00,0.37
40,1,S1,DSRP,15,R15,Naturalistic Decision-Making,6,P6,Memo,complex,qualitative,1.67,0.30
41,1,S1,DSRP,15,R15,Naturalistic Decision-Making,8,P8,Technical Report,complex,qualitative,2.00,0.30
42,1,S1,DSRP,15,R15,Naturalistic Decision-Making,10,P10,White Paper,complex,qualitative,2.00,0.33
43,1,S1,DSRP,15,R15,Naturalistic Decision-Making,11,P11,Academic Paper,complex,qualitative,2.33,0.33
44,1,S1,DSRP,15,R15,Naturalistic Decision-Making,12,P12,Case Study,complex,qualitative,2.00,0.33
45,1,S1,DSRP,15,R15,Naturalistic Decision-Making,15,P15,Dialogue,complex,qualitative,2.00,0.33
46,1,S1,DSRP,15,R15,Naturalistic Decision-Making,33,P33,Narrative Synthesis,complex,qualitative,2.00,0.30
47,1,S1,DSRP,15,R15,Naturalistic Decision-Making,35,P35,Dialogue Format,complex,qualitative,2.00,0.33
48,1,S1,DSRP,16,R16,Intuitive Decision-Making,6,P6,Memo,complex,qualitative,1.33,0.27
49,1,S1,DSRP,16,R16,Intuitive Decision-Making,8,P8,Technical Report,complex,qualitative,1.67,0.27
50,1,S1,DSRP,16,R16,Intuitive Decision-Making,10,P10,White Paper,complex,qualitative,1.67,0.30
51,1,S1,DSRP,16,R16,Intuitive Decision-Making,11,P11,Academic Paper,complex,qualitative,2.00,0.30
52,1,S1,DSRP,16,R16,Intuitive Decision-Making,12,P12,Case Study,complex,qualitative,1.67,0.30
53,1,S1,DSRP,16,R16,Intuitive Decision-Making,15,P15,Dialogue,complex,qualitative,1.67,0.30
54,1,S1,DSRP,16,R16,Intuitive Decision-Making,33,P33,Narrative Synthesis,complex,qualitative,1.67,0.27
55,1,S1,DSRP,16,R16,Intuitive Decision-Making,35,P35,Dialogue Format,complex,qualitative,1.67,0.30
56,1,S1,DSRP,20,R20,Sensitivity Analysis,8,P8,Technical Report,complex,quantitative,2.00,0.27
57,1,S1,DSRP,20,R20,Sensitivity Analysis,11,P11,Academic Paper,complex,quantitative,2.33,0.30
58,1,S1,DSRP,20,R20,Sensitivity Analysis,17,P17,Decision Matrix,complex,quantitative,1.67,0.30
59,1,S1,DSRP,20,R20,Sensitivity Analysis,21,P21,Dashboard,complex,quantitative,2.00,0.30
60,1,S1,DSRP,20,R20,Sensitivity Analysis,29,P29,Interactive Visualization,complex,quantitative,2.33,0.33
61,1,S1,DSRP,20,R20,Sensitivity Analysis,31,P31,Simulation,complex,quantitative,2.33,0.37
62,1,S1,DSRP,21,R21,Analogical Reasoning,1,P1,Cornell Notes,complex,conceptual,1.67,0.30
63,1,S1,DSRP,21,R21,Analogical Reasoning,2,P2,SQ3R,complex,conceptual,1.67,0.33
64,1,S1,DSRP,21,R21,Analogical Reasoning,3,P3,CODE (Second Brain),complex,conceptual,2.00,0.30
65,1,S1,DSRP,21,R21,Analogical Reasoning,4,P4,Progressive Summarization,complex,conceptual,2.00,0.30
66,1,S1,DSRP,21,R21,Analogical Reasoning,6,P6,Memo,complex,conceptual,1.67,0.23
67,1,S1,DSRP,21,R21,Analogical Reasoning,7,P7,Executive Summary,complex,conceptual,1.67,0.23
68,1,S1,DSRP,21,R21,Analogical Reasoning,10,P10,White Paper,complex,conceptual,2.00,0.27
69,1,S1,DSRP,21,R21,Analogical Reasoning,14,P14,FAQ,complex,conceptual,1.67,0.23
70,1,S1,DSRP,21,R21,Analogical Reasoning,25,P25,Mind Map,complex,conceptual,1.67,0.23
71,1,S1,DSRP,21,R21,Analogical Reasoning,28,P28,Slide Deck,complex,conceptual,1.67,0.23
72,1,S1,DSRP,21,R21,Analogical Reasoning,36,P36,Metaphorical Explanation,complex,conceptual,2.00,0.27
73,1,S1,DSRP,24,R24,Scenario Planning,5,P5,Checklist,complex,sequential,1.67,0.30
74,1,S1,DSRP,24,R24,Scenario Planning,6,P6,Memo,complex,narrative,1.67,0.27
75,1,S1,DSRP,24,R24,Scenario Planning,8,P8,Technical Report,complex,sequential,2.00,0.27
76,1,S1,DSRP,24,R24,Scenario Planning,9,P9,Policy Brief,complex,narrative,2.00,0.33
77,1,S1,DSRP,24,R24,Scenario Planning,12,P12,Case Study,complex,narrative,2.00,0.30
78,1,S1,DSRP,24,R24,Scenario Planning,13,P13,Tutorial,complex,sequential,1.67,0.30
79,1,S1,DSRP,24,R24,Scenario Planning,15,P15,Dialogue,complex,narrative,2.00,0.30
80,1,S1,DSRP,24,R24,Scenario Planning,19,P19,Flowchart,complex,sequential,1.67,0.27
81,1,S1,DSRP,24,R24,Scenario Planning,20,P20,Gantt Chart,complex,sequential,1.67,0.33
82,1,S1,DSRP,24,R24,Scenario Planning,22,P22,Infographic,complex,narrative,1.67,0.30
83,1,S1,DSRP,24,R24,Scenario Planning,26,P26,Timeline,complex,sequential,1.67,0.27
84,1,S1,DSRP,24,R24,Scenario Planning,28,P28,Slide Deck,complex,narrative,1.67,0.27
85,1,S1,DSRP,24,R24,Scenario Planning,30,P30,Video,complex,narrative,2.00,0.30
86,1,S1,DSRP,24,R24,Scenario Planning,32,P32,Annotated Code,complex,sequential,2.00,0.40
87,1,S1,DSRP,24,R24,Scenario Planning,33,P33,Narrative Synthesis,complex,narrative,2.00,0.27
88,1,S1,DSRP,24,R24,Scenario Planning,34,P34,Scenario Narrative,complex,narrative,2.00,0.30
89,1,S1,DSRP,24,R24,Scenario Planning,35,P35,Dialogue Format,complex,narrative,2.00,0.30
90,1,S1,DSRP,24,R24,Scenario Planning,36,P36,Metaphorical Explanation,complex,narrative,2.00,0.30
91,1,S1,DSRP,25,R25,Counterfactual Analysis,6,P6,Memo,complex,narrative,1.67,0.27
92,1,S1,DSRP,25,R25,Counterfactual Analysis,9,P9,Policy Brief,complex,narrative,2.00,0.33
93,1,S1,DSRP,25,R25,Counterfactual Analysis,12,P12,Case Study,complex,narrative,2.00,0.30
94,1,S1,DSRP,25,R25,Counterfactual Analysis,15,P15,Dialogue,complex,narrative,2.00,0.30
95,1,S1,DSRP,25,R25,Counterfactual Analysis,22,P22,Infographic,complex,narrative,1.67,0.30
96,1,S1,DSRP,25,R25,Counterfactual Analysis,28,P28,Slide Deck,complex,narrative,1.67,0.27
97,1,S1,DSRP,25,R25,Counterfactual Analysis,30,P30,Video,complex,narrative,2.00,0.30
98,1,S1,DSRP,25,R25,Counterfactual Analysis,33,P33,Narrative Synthesis,complex,narrative,2.00,0.27
99,1,S1,DSRP,25,R25,Counterfactual Analysis,34,P34,Scenario Narrative,complex,narrative,2.00,0.30
100,1,S1,DSRP,25,R25,Counterfactual Analysis,35,P35,Dialogue Format,complex,narrative,2.00,0.30
101,1,S1,DSRP,25,R25,Counterfactual Analysis,36,P36,Metaphorical Explanation,complex,narrative,2.00,0.30
102,1,S1,DSRP,26,R26,Pre-mortem Analysis,6,P6,Memo,complex,qualitative,1.67,0.23
103,1,S1,DSRP,26,R26,Pre-mortem Analysis,8,P8,Technical Report,complex,qualitative,2.00,0.23
104,1,S1,DSRP,26,R26,Pre-mortem Analysis,10,P10,White Paper,complex,qualitative,2.00,0.27
105,1,S1,DSRP,26,R26,Pre-mortem Analysis,11,P11,Academic Paper,complex,qualitative,2.33,0.27
106,1,S1,DSRP,26,R26,Pre-mortem Analysis,12,P12,Case Study,complex,qualitative,2.00,0.27
107,1,S1,DSRP,26,R26,Pre-mortem Analysis,15,P15,Dialogue,complex,qualitative,2.00,0.27
108,1,S1,DSRP,26,R26,Pre-mortem Analysis,33,P33,Narrative Synthesis,complex,qualitative,2.00,0.23
109,1,S1,DSRP,26,R26,Pre-mortem Analysis,35,P35,Dialogue Format,complex,qualitative,2.00,0.27
110,1,S1,DSRP,28,R28,Red Team/Blue Team,7,P7,Executive Summary,complex,comparative,1.67,0.30
111,1,S1,DSRP,28,R28,Red Team/Blue Team,9,P9,Policy Brief,complex,comparative,2.00,0.37
112,1,S1,DSRP,28,R28,Red Team/Blue Team,16,P16,Comparative Table,complex,comparative,1.67,0.30
113,1,S1,DSRP,28,R28,Red Team/Blue Team,17,P17,Decision Matrix,complex,comparative,1.67,0.33
114,1,S1,DSRP,31,R31,Critical Thinking,6,P6,Memo,complex,qualitative,1.67,0.23
115,1,S1,DSRP,31,R31,Critical Thinking,8,P8,Technical Report,complex,qualitative,2.00,0.23
116,1,S1,DSRP,31,R31,Critical Thinking,10,P10,White Paper,complex,qualitative,2.00,0.27
117,1,S1,DSRP,31,R31,Critical Thinking,11,P11,Academic Paper,complex,qualitative,2.33,0.27
118,1,S1,DSRP,31,R31,Critical Thinking,12,P12,Case Study,complex,qualitative,2.00,0.27
119,1,S1,DSRP,31,R31,Critical Thinking,15,P15,Dialogue,complex,qualitative,2.00,0.27
120,1,S1,DSRP,31,R31,Critical Thinking,33,P33,Narrative Synthesis,complex,qualitative,2.00,0.23
121,1,S1,DSRP,31,R31,Critical Thinking,35,P35,Dialogue Format,complex,qualitative,2.00,0.27
122,1,S1,DSRP,36,R36,Delphi Method,6,P6,Memo,complex,qualitative,1.67,0.30
123,1,S1,DSRP,36,R36,Delphi Method,8,P8,Technical Report,complex,qualitative,2.00,0.30
124,1,S1,DSRP,36,R36,Delphi Method,10,P10,White Paper,complex,qualitative,2.00,0.33
125,1,S1,DSRP,36,R36,Delphi Method,11,P11,Academic Paper,complex,qualitative,2.33,0.33
126,1,S1,DSRP,36,R36,Delphi Method,12,P12,Case Study,complex,qualitative,2.00,0.33
127,1,S1,DSRP,36,R36,Delphi Method,15,P15,Dialogue,complex,qualitative,2.00,0.33
128,1,S1,DSRP,36,R36,Delphi Method,33,P33,Narrative Synthesis,complex,qualitative,2.00,0.30
129,1,S1,DSRP,36,R36,Delphi Method,35,P35,Dialogue Format,complex,qualitative,2.00,0.33
130,1,S1,DSRP,38,R38,Six Thinking Hats,6,P6,Memo,complex,qualitative,1.33,0.27
131,1,S1,DSRP,38,R38,Six Thinking Hats,8,P8,Technical Report,complex,qualitative,1.67,0.27
132,1,S1,DSRP,38,R38,Six Thinking Hats,10,P10,White Paper,complex,qualitative,1.67,0.30
133,1,S1,DSRP,38,R38,Six Thinking Hats,11,P11,Academic Paper,complex,qualitative,2.00,0.30
134,1,S1,DSRP,38,R38,Six Thinking Hats,12,P12,Case Study,complex,qualitative,1.67,0.30
135,1,S1,DSRP,38,R38,Six Thinking Hats,15,P15,Dialogue,complex,qualitative,1.67,0.30
136,1,S1,DSRP,38,R38,Six Thinking Hats,33,P33,Narrative Synthesis,complex,qualitative,1.67,0.27
137,1,S1,DSRP,38,R38,Six Thinking Hats,35,P35,Dialogue Format,complex,qualitative,1.67,0.30
138,2,S2,Soft Systems Methodology,8,R8,Design Thinking,5,P5,Checklist,wicked,sequential,2.00,0.33
139,2,S2,Soft Systems Methodology,8,R8,Design Thinking,6,P6,Memo,wicked,qualitative,2.00,0.30
140,2,S2,Soft Systems Methodology,8,R8,Design Thinking,8,P8,Technical Report,wicked,qualitative; sequential,2.33,0.30
141,2,S2,Soft Systems Methodology,8,R8,Design Thinking,10,P10,White Paper,wicked,qualitative,2.33,0.33
142,2,S2,Soft Systems Methodology,8,R8,Design Thinking,11,P11,Academic Paper,wicked,qualitative,2.67,0.33
143,2,S2,Soft Systems Methodology,8,R8,Design Thinking,12,P12,Case Study,wicked,qualitative,2.33,0.33
144,2,S2,Soft Systems Methodology,8,R8,Design Thinking,13,P13,Tutorial,wicked,sequential,2.00,0.33
145,2,S2,Soft Systems Methodology,8,R8,Design Thinking,15,P15,Dialogue,wicked,qualitative,2.33,0.33
146,2,S2,Soft Systems Methodology,8,R8,Design Thinking,19,P19,Flowchart,wicked,sequential,2.00,0.30
147,2,S2,Soft Systems Methodology,8,R8,Design Thinking,20,P20,Gantt Chart,wicked,sequential,2.00,0.37
148,2,S2,Soft Systems Methodology,8,R8,Design Thinking,26,P26,Timeline,wicked,sequential,2.00,0.30
149,2,S2,Soft Systems Methodology,8,R8,Design Thinking,32,P32,Annotated Code,wicked,sequential,2.33,0.43
150,2,S2,Soft Systems Methodology,8,R8,Design Thinking,33,P33,Narrative Synthesis,wicked,qualitative,2.33,0.30
151,2,S2,Soft Systems Methodology,8,R8,Design Thinking,35,P35,Dialogue Format,wicked,qualitative,2.33,0.33
152,2,S2,Soft Systems Methodology,30,R30,Dialectical Reasoning,6,P6,Memo,wicked,qualitative,2.00,0.30
153,2,S2,Soft Systems Methodology,30,R30,Dialectical Reasoning,8,P8,Technical Report,wicked,qualitative,2.33,0.30
154,2,S2,Soft Systems Methodology,30,R30,Dialectical Reasoning,10,P10,White Paper,wicked,qualitative,2.33,0.33
155,2,S2,Soft Systems Methodology,30,R30,Dialectical Reasoning,11,P11,Academic Paper,wicked,qualitative,2.67,0.33
156,2,S2,Soft Systems Methodology,30,R30,Dialectical Reasoning,12,P12,Case Study,wicked,qualitative,2.33,0.33
157,2,S2,Soft Systems Methodology,30,R30,Dialectical Reasoning,15,P15,Dialogue,wicked,qualitative,2.33,0.33
158,2,S2,Soft Systems Methodology,30,R30,Dialectical Reasoning,33,P33,Narrative Synthesis,wicked,qualitative,2.33,0.30
159,2,S2,Soft Systems Methodology,30,R30,Dialectical Reasoning,35,P35,Dialogue Format,wicked,qualitative,2.33,0.33
160,3,S3,System Dynamics,3,R3,Abductive Reasoning,1,P1,Cornell Notes,complex,conceptual,2.00,0.40
161,3,S3,System Dynamics,3,R3,Abductive Reasoning,2,P2,SQ3R,complex,conceptual,2.00,0.43
162,3,S3,System Dynamics,3,R3,Abductive Reasoning,3,P3,CODE (Second Brain),complex,conceptual,2.33,0.40
163,3,S3,System Dynamics,3,R3,Abductive Reasoning,4,P4,Progressive Summarization,complex,conceptual,2.33,0.40
164,3,S3,System Dynamics,3,R3,Abductive Reasoning,6,P6,Memo,complex,conceptual,2.00,0.33
165,3,S3,System Dynamics,3,R3,Abductive Reasoning,7,P7,Executive Summary,complex,conceptual,2.00,0.33
166,3,S3,System Dynamics,3,R3,Abductive Reasoning,10,P10,White Paper,complex,conceptual,2.33,0.37
167,3,S3,System Dynamics,3,R3,Abductive Reasoning,14,P14,FAQ,complex,conceptual,2.00,0.33
168,3,S3,System Dynamics,3,R3,Abductive Reasoning,25,P25,Mind Map,complex,conceptual,2.00,0.33
169,3,S3,System Dynamics,3,R3,Abductive Reasoning,28,P28,Slide Deck,complex,conceptual,2.00,0.33
170,3,S3,System Dynamics,3,R3,Abductive Reasoning,36,P36,Metaphorical Explanation,complex,conceptual,2.33,0.37
171,3,S3,System Dynamics,8,R8,Design Thinking,5,P5,Checklist,complex,sequential,2.00,0.37
172,3,S3,System Dynamics,8,R8,Design Thinking,6,P6,Memo,complex,qualitative,2.00,0.33
173,3,S3,System Dynamics,8,R8,Design Thinking,8,P8,Technical Report,complex,qualitative; sequential,2.33,0.33
174,3,S3,System Dynamics,8,R8,Design Thinking,10,P10,White Paper,complex,qualitative,2.33,0.37
175,3,S3,System Dynamics,8,R8,Design Thinking,11,P11,Academic Paper,complex,qualitative,2.67,0.37
176,3,S3,System Dynamics,8,R8,Design Thinking,12,P12,Case Study,complex,qualitative,2.33,0.37
177,3,S3,System Dynamics,8,R8,Design Thinking,13,P13,Tutorial,complex,sequential,2.00,0.37
178,3,S3,System Dynamics,8,R8,Design Thinking,15,P15,Dialogue,complex,qualitative,2.33,0.37
179,3,S3,System Dynamics,8,R8,Design Thinking,19,P19,Flowchart,complex,sequential,2.00,0.33
180,3,S3,System Dynamics,8,R8,Design Thinking,20,P20,Gantt Chart,complex,sequential,2.00,0.40
181,3,S3,System Dynamics,8,R8,Design Thinking,26,P26,Timeline,complex,sequential,2.00,0.33
182,3,S3,System Dynamics,8,R8,Design Thinking,32,P32,Annotated Code,complex,sequential,2.33,0.47
183,3,S3,System Dynamics,8,R8,Design Thinking,33,P33,Narrative Synthesis,complex,qualitative,2.33,0.33
184,3,S3,System Dynamics,8,R8,Design Thinking,35,P35,Dialogue Format,complex,qualitative,2.33,0.37
185,3,S3,System Dynamics,9,R9,OODA Loop,5,P5,Checklist,complex,sequential,2.00,0.40
186,3,S3,System Dynamics,9,R9,OODA Loop,8,P8,Technical Report,complex,sequential,2.33,0.37
187,3,S3,System Dynamics,9,R9,OODA Loop,13,P13,Tutorial,complex,sequential,2.00,0.40
188,3,S3,System Dynamics,9,R9,OODA Loop,19,P19,Flowchart,complex,sequential,2.00,0.37
189,3,S3,System Dynamics,9,R9,OODA Loop,20,P20,Gantt Chart,complex,sequential,2.00,0.43
190,3,S3,System Dynamics,9,R9,OODA Loop,26,P26,Timeline,complex,sequential,2.00,0.37
191,3,S3,System Dynamics,9,R9,OODA Loop,32,P32,Annotated Code,complex,sequential,2.33,0.50
192,3,S3,System Dynamics,12,R12,Scientific Method,5,P5,Checklist,complex,sequential,2.00,0.33
193,3,S3,System Dynamics,12,R12,Scientific Method,8,P8,Technical Report,complex,sequential,2.33,0.30
194,3,S3,System Dynamics,12,R12,Scientific Method,13,P13,Tutorial,complex,sequential,2.00,0.33
195,3,S3,System Dynamics,12,R12,Scientific Method,19,P19,Flowchart,complex,sequential,2.00,0.30
196,3,S3,System Dynamics,12,R12,Scientific Method,20,P20,Gantt Chart,complex,sequential,2.00,0.37
197,3,S3,System Dynamics,12,R12,Scientific Method,26,P26,Timeline,complex,sequential,2.00,0.30
198,3,S3,System Dynamics,12,R12,Scientific Method,32,P32,Annotated Code,complex,sequential,2.33,0.43
199,3,S3,System Dynamics,15,R15,Naturalistic Decision-Making,6,P6,Memo,complex,qualitative,2.00,0.37
200,3,S3,System Dynamics,15,R15,Naturalistic Decision-Making,8,P8,Technical Report,complex,qualitative,2.33,0.37
201,3,S3,System Dynamics,15,R15,Naturalistic Decision-Making,10,P10,White Paper,complex,qualitative,2.33,0.40
202,3,S3,System Dynamics,15,R15,Naturalistic Decision-Making,11,P11,Academic Paper,complex,qualitative,2.67,0.40
203,3,S3,System Dynamics,15,R15,Naturalistic Decision-Making,12,P12,Case Study,complex,qualitative,2.33,0.40
204,3,S3,System Dynamics,15,R15,Naturalistic Decision-Making,15,P15,Dialogue,complex,qualitative,2.33,0.40
205,3,S3,System Dynamics,15,R15,Naturalistic Decision-Making,33,P33,Narrative Synthesis,complex,qualitative,2.33,0.37
206,3,S3,System Dynamics,15,R15,Naturalistic Decision-Making,35,P35,Dialogue Format,complex,qualitative,2.33,0.40
207,3,S3,System Dynamics,16,R16,Intuitive Decision-Making,6,P6,Memo,complex,qualitative,1.67,0.33
208,3,S3,System Dynamics,16,R16,Intuitive Decision-Making,8,P8,Technical Report,complex,qualitative,2.00,0.33
209,3,S3,System Dynamics,16,R16,Intuitive Decision-Making,10,P10,White Paper,complex,qualitative,2.00,0.37
210,3,S3,System Dynamics,16,R16,Intuitive Decision-Making,11,P11,Academic Paper,complex,qualitative,2.33,0.37
211,3,S3,System Dynamics,16,R16,Intuitive Decision-Making,12,P12,Case Study,complex,qualitative,2.00,0.37
212,3,S3,System Dynamics,16,R16,Intuitive Decision-Making,15,P15,Dialogue,complex,qualitative,2.00,0.37
213,3,S3,System Dynamics,16,R16,Intuitive Decision-Making,33,P33,Narrative Synthesis,complex,qualitative,2.00,0.33
214,3,S3,System Dynamics,16,R16,Intuitive Decision-Making,35,P35,Dialogue Format,complex,qualitative,2.00,0.37
215,3,S3,System Dynamics,20,R20,Sensitivity Analysis,8,P8,Technical Report,complex,quantitative,2.33,0.33
216,3,S3,System Dynamics,20,R20,Sensitivity Analysis,11,P11,Academic Paper,complex,quantitative,2.67,0.37
217,3,S3,System Dynamics,20,R20,Sensitivity Analysis,17,P17,Decision Matrix,complex,quantitative,2.00,0.37
218,3,S3,System Dynamics,20,R20,Sensitivity Analysis,21,P21,Dashboard,complex,quantitative,2.33,0.37
219,3,S3,System Dynamics,20,R20,Sensitivity Analysis,29,P29,Interactive Visualization,complex,quantitative,2.67,0.40
220,3,S3,System Dynamics,20,R20,Sensitivity Analysis,31,P31,Simulation,complex,quantitative,2.67,0.43
221,3,S3,System Dynamics,21,R21,Analogical Reasoning,1,P1,Cornell Notes,complex,conceptual,2.00,0.37
222,3,S3,System Dynamics,21,R21,Analogical Reasoning,2,P2,SQ3R,complex,conceptual,2.00,0.40
223,3,S3,System Dynamics,21,R21,Analogical Reasoning,3,P3,CODE (Second Brain),complex,conceptual,2.33,0.37
224,3,S3,System Dynamics,21,R21,Analogical Reasoning,4,P4,Progressive Summarization,complex,conceptual,2.33,0.37
225,3,S3,System Dynamics,21,R21,Analogical Reasoning,6,P6,Memo,complex,conceptual,2.00,0.30
226,3,S3,System Dynamics,21,R21,Analogical Reasoning,7,P7,Executive Summary,complex,conceptual,2.00,0.30
227,3,S3,System Dynamics,21,R21,Analogical Reasoning,10,P10,White Paper,complex,conceptual,2.33,0.33
228,3,S3,System Dynamics,21,R21,Analogical Reasoning,14,P14,FAQ,complex,conceptual,2.00,0.30
229,3,S3,System Dynamics,21,R21,Analogical Reasoning,25,P25,Mind Map,complex,conceptual,2.00,0.30
230,3,S3,System Dynamics,21,R21,Analogical Reasoning,28,P28,Slide Deck,complex,conceptual,2.00,0.30
231,3,S3,System Dynamics,21,R21,Analogical Reasoning,36,P36,Metaphorical Explanation,complex,conceptual,2.33,0.33
232,3,S3,System Dynamics,24,R24,Scenario Planning,5,P5,Checklist,complex,sequential,2.00,0.37
233,3,S3,System Dynamics,24,R24,Scenario Planning,6,P6,Memo,complex,narrative,2.00,0.33
234,3,S3,System Dynamics,24,R24,Scenario Planning,8,P8,Technical Report,complex,sequential,2.33,0.33
235,3,S3,System Dynamics,24,R24,Scenario Planning,9,P9,Policy Brief,complex,narrative,2.33,0.40
236,3,S3,System Dynamics,24,R24,Scenario Planning,12,P12,Case Study,complex,narrative,2.33,0.37
237,3,S3,System Dynamics,24,R24,Scenario Planning,13,P13,Tutorial,complex,sequential,2.00,0.37
238,3,S3,System Dynamics,24,R24,Scenario Planning,15,P15,Dialogue,complex,narrative,2.33,0.37
239,3,S3,System Dynamics,24,R24,Scenario Planning,19,P19,Flowchart,complex,sequential,2.00,0.33
240,3,S3,System Dynamics,24,R24,Scenario Planning,20,P20,Gantt Chart,complex,sequential,2.00,0.40
241,3,S3,System Dynamics,24,R24,Scenario Planning,22,P22,Infographic,complex,narrative,2.00,0.37
242,3,S3,System Dynamics,24,R24,Scenario Planning,26,P26,Timeline,complex,sequential,2.00,0.33
243,3,S3,System Dynamics,24,R24,Scenario Planning,28,P28,Slide Deck,complex,narrative,2.00,0.33
244,3,S3,System Dynamics,24,R24,Scenario Planning,30,P30,Video,complex,narrative,2.33,0.37
245,3,S3,System Dynamics,24,R24,Scenario Planning,32,P32,Annotated Code,complex,sequential,2.33,0.47
246,3,S3,System Dynamics,24,R24,Scenario Planning,33,P33,Narrative Synthesis,complex,narrative,2.33,0.33
247,3,S3,System Dynamics,24,R24,Scenario Planning,34,P34,Scenario Narrative,complex,narrative,2.33,0.37
248,3,S3,System Dynamics,24,R24,Scenario Planning,35,P35,Dialogue Format,complex,narrative,2.33,0.37
249,3,S3,System Dynamics,24,R24,Scenario Planning,36,P36,Metaphorical Explanation,complex,narrative,2.33,0.37
250,3,S3,System Dynamics,25,R25,Counterfactual Analysis,6,P6,Memo,complex,narrative,2.00,0.33
251,3,S3,System Dynamics,25,R25,Counterfactual Analysis,9,P9,Policy Brief,complex,narrative,2.33,0.40
252,3,S3,System Dynamics,25,R25,Counterfactual Analysis,12,P12,Case Study,complex,narrative,2.33,0.37
253,3,S3,System Dynamics,25,R25,Counterfactual Analysis,15,P15,Dialogue,complex,narrative,2.33,0.37
254,3,S3,System Dynamics,25,R25,Counterfactual Analysis,22,P22,Infographic,complex,narrative,2.00,0.37
255,3,S3,System Dynamics,25,R25,Counterfactual Analysis,28,P28,Slide Deck,complex,narrative,2.00,0.33
256,3,S3,System Dynamics,25,R25,Counterfactual Analysis,30,P30,Video,complex,narrative,2.33,0.37
257,3,S3,System Dynamics,25,R25,Counterfactual Analysis,33,P33,Narrative Synthesis,complex,narrative,2.33,0.33
258,3,S3,System Dynamics,25,R25,Counterfactual Analysis,34,P34,Scenario Narrative,complex,narrative,2.33,0.37
259,3,S3,System Dynamics,25,R25,Counterfactual Analysis,35,P35,Dialogue Format,complex,narrative,2.33,0.37
260,3,S3,System Dynamics,25,R25,Counterfactual Analysis,36,P36,Metaphorical Explanation,complex,narrative,2.33,0.37
261,3,S3,System Dynamics,26,R26,Pre-mortem Analysis,6,P6,Memo,complex,qualitative,2.00,0.30
262,3,S3,System Dynamics,26,R26,Pre-mortem Analysis,8,P8,Technical Report,complex,qualitative,2.33,0.30
263,3,S3,System Dynamics,26,R26,Pre-mortem Analysis,10,P10,White Paper,complex,qualitative,2.33,0.33
264,3,S3,System Dynamics,26,R26,Pre-mortem Analysis,11,P11,Academic Paper,complex,qualitative,2.67,0.33
265,3,S3,System Dynamics,26,R26,Pre-mortem Analysis,12,P12,Case Study,complex,qualitative,2.33,0.33
266,3,S3,System Dynamics,26,R26,Pre-mortem Analysis,15,P15,Dialogue,complex,qualitative,2.33,0.33
267,3,S3,System Dynamics,26,R26,Pre-mortem Analysis,33,P33,Narrative Synthesis,complex,qualitative,2.33,0.30
268,3,S3,System Dynamics,26,R26,Pre-mortem Analysis,35,P35,Dialogue Format,complex,qualitative,2.33,0.33
269,3,S3,System Dynamics,28,R28,Red Team/Blue Team,7,P7,Executive Summary,complex,comparative,2.00,0.37
270,3,S3,System Dynamics,28,R28,Red Team/Blue Team,9,P9,Policy Brief,complex,comparative,2.33,0.43
271,3,S3,System Dynamics,28,R28,Red Team/Blue Team,16,P16,Comparative Table,complex,comparative,2.00,0.37
272,3,S3,System Dynamics,28,R28,Red Team/Blue Team,17,P17,Decision Matrix,complex,comparative,2.00,0.40
273,3,S3,System Dynamics,31,R31,Critical Thinking,6,P6,Memo,complex,qualitative,2.00,0.30
274,3,S3,System Dynamics,31,R31,Critical Thinking,8,P8,Technical Report,complex,qualitative,2.33,0.30
275,3,S3,System Dynamics,31,R31,Critical Thinking,10,P10,White Paper,complex,qualitative,2.33,0.33
276,3,S3,System Dynamics,31,R31,Critical Thinking,11,P11,Academic Paper,complex,qualitative,2.67,0.33
277,3,S3,System Dynamics,31,R31,Critical Thinking,12,P12,Case Study,complex,qualitative,2.33,0.33
278,3,S3,System Dynamics,31,R31,Critical Thinking,15,P15,Dialogue,complex,qualitative,2.33,0.33
279,3,S3,System Dynamics,31,R31,Critical Thinking,33,P33,Narrative Synthesis,complex,qualitative,2.33,0.30
280,3,S3,System Dynamics,31,R31,Critical Thinking,35,P35,Dialogue Format,complex,qualitative,2.33,0.33
281,3,S3,System Dynamics,36,R36,Delphi Method,6,P6,Memo,complex,qualitative,2.00,0.37
282,3,S3,System Dynamics,36,R36,Delphi Method,8,P8,Technical Report,complex,qualitative,2.33,0.37
283,3,S3,System Dynamics,36,R36,Delphi Method,10,P10,White Paper,complex,qualitative,2.33,0.40
284,3,S3,System Dynamics,36,R36,Delphi Method,11,P11,Academic Paper,complex,qualitative,2.67,0.40
285,3,S3,System Dynamics,36,R36,Delphi Method,12,P12,Case Study,complex,qualitative,2.33,0.40
286,3,S3,System Dynamics,36,R36,Delphi Method,15,P15,Dialogue,complex,qualitative,2.33,0.40
287,3,S3,System Dynamics,36,R36,Delphi Method,33,P33,Narrative Synthesis,complex,qualitative,2.33,0.37
288,3,S3,System Dynamics,36,R36,Delphi Method,35,P35,Dialogue Format,complex,qualitative,2.33,0.40
289,3,S3,System Dynamics,38,R38,Six Thinking Hats,6,P6,Memo,complex,qualitative,1.67,0.33
290,3,S3,System Dynamics,38,R38,Six Thinking Hats,8,P8,Technical Report,complex,qualitative,2.00,0.33
291,3,S3,System Dynamics,38,R38,Six Thinking Hats,10,P10,White Paper,complex,qualitative,2.00,0.37
292,3,S3,System Dynamics,38,R38,Six Thinking Hats,11,P11,Academic Paper,complex,qualitative,2.33,0.37
293,3,S3,System Dynamics,38,R38,Six Thinking Hats,12,P12,Case Study,complex,qualitative,2.00,0.37
294,3,S3,System Dynamics,38,R38,Six Thinking Hats,15,P15,Dialogue,complex,qualitative,2.00,0.37
295,3,S3,System Dynamics,38,R38,Six Thinking Hats,33,P33,Narrative Synthesis,complex,qualitative,2.00,0.33
296,3,S3,System Dynamics,38,R38,Six Thinking Hats,35,P35,Dialogue Format,complex,qualitative,2.00,0.37
297,4,S4,Viable System Model,1,R1,Deductive Reasoning,1,P1,Cornell Notes,complicated,conceptual,1.67,0.40
298,4,S4,Viable System Model,1,R1,Deductive Reasoning,2,P2,SQ3R,complicated,conceptual,1.67,0.43
299,4,S4,Viable System Model,1,R1,Deductive Reasoning,3,P3,CODE (Second Brain),complicated,conceptual,2.00,0.40
300,4,S4,Viable System Model,1,R1,Deductive Reasoning,4,P4,Progressive Summarization,complicated,conceptual,2.00,0.40
301,4,S4,Viable System Model,1,R1,Deductive Reasoning,6,P6,Memo,complicated,conceptual,1.67,0.33
302,4,S4,Viable System Model,1,R1,Deductive Reasoning,7,P7,Executive Summary,complicated,conceptual,1.67,0.33
303,4,S4,Viable System Model,1,R1,Deductive Reasoning,10,P10,White Paper,complicated,conceptual,2.00,0.37
304,4,S4,Viable System Model,1,R1,Deductive Reasoning,14,P14,FAQ,complicated,conceptual,1.67,0.33
305,4,S4,Viable System Model,1,R1,Deductive Reasoning,25,P25,Mind Map,complicated,conceptual,1.67,0.33
306,4,S4,Viable System Model,1,R1,Deductive Reasoning,28,P28,Slide Deck,complicated,conceptual,1.67,0.33
307,4,S4,Viable System Model,1,R1,Deductive Reasoning,36,P36,Metaphorical Explanation,complicated,conceptual,2.00,0.37
308,4,S4,Viable System Model,2,R2,Inductive Reasoning,6,P6,Memo,complicated,qualitative,2.00,0.33
309,4,S4,Viable System Model,2,R2,Inductive Reasoning,8,P8,Technical Report,complicated,qualitative,2.33,0.33
310,4,S4,Viable System Model,2,R2,Inductive Reasoning,10,P10,White Paper,complicated,qualitative,2.33,0.37
311,4,S4,Viable System Model,2,R2,Inductive Reasoning,11,P11,Academic Paper,complicated,qualitative,2.67,0.37
312,4,S4,Viable System Model,2,R2,Inductive Reasoning,12,P12,Case Study,complicated,qualitative,2.33,0.37
313,4,S4,Viable System Model,2,R2,Inductive Reasoning,15,P15,Dialogue,complicated,qualitative,2.33,0.37
314,4,S4,Viable System Model,2,R2,Inductive Reasoning,33,P33,Narrative Synthesis,complicated,qualitative,2.33,0.33
315,4,S4,Viable System Model,2,R2,Inductive Reasoning,35,P35,Dialogue Format,complicated,qualitative,2.33,0.37
316,4,S4,Viable System Model,3,R3,Abductive Reasoning,1,P1,Cornell Notes,complex; complicated,conceptual,2.00,0.43
317,4,S4,Viable System Model,3,R3,Abductive Reasoning,2,P2,SQ3R,complex; complicated,conceptual,2.00,0.47
318,4,S4,Viable System Model,3,R3,Abductive Reasoning,3,P3,CODE (Second Brain),complex; complicated,conceptual,2.33,0.43
319,4,S4,Viable System Model,3,R3,Abductive Reasoning,4,P4,Progressive Summarization,complex; complicated,conceptual,2.33,0.43
320,4,S4,Viable System Model,3,R3,Abductive Reasoning,6,P6,Memo,complex; complicated,conceptual,2.00,0.37
321,4,S4,Viable System Model,3,R3,Abductive Reasoning,7,P7,Executive Summary,complex; complicated,conceptual,2.00,0.37
322,4,S4,Viable System Model,3,R3,Abductive Reasoning,10,P10,White Paper,complex; complicated,conceptual,2.33,0.40
323,4,S4,Viable System Model,3,R3,Abductive Reasoning,14,P14,FAQ,complex; complicated,conceptual,2.00,0.37
324,4,S4,Viable System Model,3,R3,Abductive Reasoning,25,P25,Mind Map,complex; complicated,conceptual,2.00,0.37
325,4,S4,Viable System Model,3,R3,Abductive Reasoning,28,P28,Slide Deck,complex; complicated,conceptual,2.00,0.37
326,4,S4,Viable System Model,3,R3,Abductive Reasoning,36,P36,Metaphorical Explanation,complex; complicated,conceptual,2.33,0.40
327,4,S4,Viable System Model,4,R4,Root Cause Analysis,1,P1,Cornell Notes,complicated,conceptual,2.00,0.43
328,4,S4,Viable System Model,4,R4,Root Cause Analysis,2,P2,SQ3R,complicated,conceptual,2.00,0.47
329,4,S4,Viable System Model,4,R4,Root Cause Analysis,3,P3,CODE (Second Brain),complicated,conceptual,2.33,0.43
330,4,S4,Viable System Model,4,R4,Root Cause Analysis,4,P4,Progressive Summarization,complicated,conceptual,2.33,0.43
331,4,S4,Viable System Model,4,R4,Root Cause Analysis,6,P6,Memo,complicated,conceptual,2.00,0.37
332,4,S4,Viable System Model,4,R4,Root Cause Analysis,7,P7,Executive Summary,complicated,conceptual,2.00,0.37
333,4,S4,Viable System Model,4,R4,Root Cause Analysis,10,P10,White Paper,complicated,conceptual,2.33,0.40
334,4,S4,Viable System Model,4,R4,Root Cause Analysis,14,P14,FAQ,complicated,conceptual,2.00,0.37
335,4,S4,Viable System Model,4,R4,Root Cause Analysis,25,P25,Mind Map,complicated,conceptual,2.00,0.37
336,4,S4,Viable System Model,4,R4,Root Cause Analysis,28,P28,Slide Deck,complicated,conceptual,2.00,0.37
337,4,S4,Viable System Model,4,R4,Root Cause Analysis,36,P36,Metaphorical Explanation,complicated,conceptual,2.33,0.40
338,4,S4,Viable System Model,5,R5,A3 Problem Solving,18,P18,Causal Diagram,complicated,visual,2.33,0.47
339,4,S4,Viable System Model,5,R5,A3 Problem Solving,19,P19,Flowchart,complicated,visual,2.00,0.43
340,4,S4,Viable System Model,5,R5,A3 Problem Solving,20,P20,Gantt Chart,complicated,visual,2.00,0.50
341,4,S4,Viable System Model,5,R5,A3 Problem Solving,21,P21,Dashboard,complicated,visual,2.33,0.47
342,4,S4,Viable System Model,5,R5,A3 Problem Solving,22,P22,Infographic,complicated,visual,2.00,0.47
343,4,S4,Viable System Model,5,R5,A3 Problem Solving,23,P23,Systems Diagram,complicated,visual,2.33,0.50
344,4,S4,Viable System Model,5,R5,A3 Problem Solving,24,P24,Network Graph,complicated,visual,2.33,0.50
345,4,S4,Viable System Model,5,R5,A3 Problem Solving,25,P25,Mind Map,complicated,visual,2.00,0.43
346,4,S4,Viable System Model,5,R5,A3 Problem Solving,26,P26,Timeline,complicated,visual,2.00,0.43
347,4,S4,Viable System Model,5,R5,A3 Problem Solving,27,P27,Fishbone Diagram,complicated,visual,2.00,0.50
348,4,S4,Viable System Model,5,R5,A3 Problem Solving,28,P28,Slide Deck,complicated,visual,2.00,0.43
349,4,S4,Viable System Model,5,R5,A3 Problem Solving,29,P29,Interactive Visualization,complicated,visual,2.67,0.50
350,4,S4,Viable System Model,5,R5,A3 Problem Solving,30,P30,Video,complicated,visual,2.33,0.47
351,4,S4,Viable System Model,5,R5,A3 Problem Solving,31,P31,Simulation,complicated,visual,2.67,0.53
352,4,S4,Viable System Model,6,R6,8D Problem Solving,5,P5,Checklist,complicated,sequential,2.00,0.50
353,4,S4,Viable System Model,6,R6,8D Problem Solving,8,P8,Technical Report,complicated,sequential,2.33,0.47
354,4,S4,Viable System Model,6,R6,8D Problem Solving,13,P13,Tutorial,complicated,sequential,2.00,0.50
355,4,S4,Viable System Model,6,R6,8D Problem Solving,19,P19,Flowchart,complicated,sequential,2.00,0.47
356,4,S4,Viable System Model,6,R6,8D Problem Solving,20,P20,Gantt Chart,complicated,sequential,2.00,0.53
357,4,S4,Viable System Model,6,R6,8D Problem Solving,26,P26,Timeline,complicated,sequential,2.00,0.47
358,4,S4,Viable System Model,6,R6,8D Problem Solving,32,P32,Annotated Code,complicated,sequential,2.33,0.60
359,4,S4,Viable System Model,7,R7,TRIZ,1,P1,Cornell Notes,complicated,conceptual,2.33,0.50
360,4,S4,Viable System Model,7,R7,TRIZ,2,P2,SQ3R,complicated,conceptual,2.33,0.53
361,4,S4,Viable System Model,7,R7,TRIZ,3,P3,CODE (Second Brain),complicated,conceptual,2.67,0.50
362,4,S4,Viable System Model,7,R7,TRIZ,4,P4,Progressive Summarization,complicated,conceptual,2.67,0.50
363,4,S4,Viable System Model,7,R7,TRIZ,6,P6,Memo,complicated,conceptual,2.33,0.43
364,4,S4,Viable System Model,7,R7,TRIZ,7,P7,Executive Summary,complicated,conceptual,2.33,0.43
365,4,S4,Viable System Model,7,R7,TRIZ,10,P10,White Paper,complicated,conceptual,2.67,0.47
366,4,S4,Viable System Model,7,R7,TRIZ,14,P14,FAQ,complicated,conceptual,2.33,0.43
367,4,S4,Viable System Model,7,R7,TRIZ,25,P25,Mind Map,complicated,conceptual,2.33,0.43
368,4,S4,Viable System Model,7,R7,TRIZ,28,P28,Slide Deck,complicated,conceptual,2.33,0.43
369,4,S4,Viable System Model,7,R7,TRIZ,36,P36,Metaphorical Explanation,complicated,conceptual,2.67,0.47
370,4,S4,Viable System Model,8,R8,Design Thinking,5,P5,Checklist,complex,sequential,2.00,0.40
371,4,S4,Viable System Model,8,R8,Design Thinking,6,P6,Memo,complex,qualitative,2.00,0.37
372,4,S4,Viable System Model,8,R8,Design Thinking,8,P8,Technical Report,complex,qualitative; sequential,2.33,0.37
373,4,S4,Viable System Model,8,R8,Design Thinking,10,P10,White Paper,complex,qualitative,2.33,0.40
374,4,S4,Viable System Model,8,R8,Design Thinking,11,P11,Academic Paper,complex,qualitative,2.67,0.40
375,4,S4,Viable System Model,8,R8,Design Thinking,12,P12,Case Study,complex,qualitative,2.33,0.40
376,4,S4,Viable System Model,8,R8,Design Thinking,13,P13,Tutorial,complex,sequential,2.00,0.40
377,4,S4,Viable System Model,8,R8,Design Thinking,15,P15,Dialogue,complex,qualitative,2.33,0.40
378,4,S4,Viable System Model,8,R8,Design Thinking,19,P19,Flowchart,complex,sequential,2.00,0.37
379,4,S4,Viable System Model,8,R8,Design Thinking,20,P20,Gantt Chart,complex,sequential,2.00,0.43
380,4,S4,Viable System Model,8,R8,Design Thinking,26,P26,Timeline,complex,sequential,2.00,0.37
381,4,S4,Viable System Model,8,R8,Design Thinking,32,P32,Annotated Code,complex,sequential,2.33,0.50
382,4,S4,Viable System Model,8,R8,Design Thinking,33,P33,Narrative Synthesis,complex,qualitative,2.33,0.37
383,4,S4,Viable System Model,8,R8,Design Thinking,35,P35,Dialogue Format,complex,qualitative,2.33,0.40
384,4,S4,Viable System Model,9,R9,OODA Loop,5,P5,Checklist,complex; complicated,sequential,2.00,0.43
385,4,S4,Viable System Model,9,R9,OODA Loop,8,P8,Technical Report,complex; complicated,sequential,2.33,0.40
386,4,S4,Viable System Model,9,R9,OODA Loop,13,P13,Tutorial,complex; complicated,sequential,2.00,0.43
387,4,S4,Viable System Model,9,R9,OODA Loop,19,P19,Flowchart,complex; complicated,sequential,2.00,0.40
388,4,S4,Viable System Model,9,R9,OODA Loop,20,P20,Gantt Chart,complex; complicated,sequential,2.00,0.47
389,4,S4,Viable System Model,9,R9,OODA Loop,26,P26,Timeline,complex; complicated,sequential,2.00,0.40
390,4,S4,Viable System Model,9,R9,OODA Loop,32,P32,Annotated Code,complex; complicated,sequential,2.33,0.53
391,4,S4,Viable System Model,10,R10,PDCA,5,P5,Checklist,complicated,sequential,1.67,0.40
392,4,S4,Viable System Model,10,R10,PDCA,8,P8,Technical Report,complicated,sequential,2.00,0.37
393,4,S4,Viable System Model,10,R10,PDCA,13,P13,Tutorial,complicated,sequential,1.67,0.40
394,4,S4,Viable System Model,10,R10,PDCA,19,P19,Flowchart,complicated,sequential,1.67,0.37
395,4,S4,Viable System Model,10,R10,PDCA,20,P20,Gantt Chart,complicated,sequential,1.67,0.43
396,4,S4,Viable System Model,10,R10,PDCA,26,P26,Timeline,complicated,sequential,1.67,0.37
397,4,S4,Viable System Model,10,R10,PDCA,32,P32,Annotated Code,complicated,sequential,2.00,0.50
398,4,S4,Viable System Model,11,R11,GROW Model,5,P5,Checklist,complicated,sequential,1.67,0.47
399,4,S4,Viable System Model,11,R11,GROW Model,8,P8,Technical Report,complicated,sequential,2.00,0.43
400,4,S4,Viable System Model,11,R11,GROW Model,13,P13,Tutorial,complicated,sequential,1.67,0.47
401,4,S4,Viable System Model,11,R11,GROW Model,19,P19,Flowchart,complicated,sequential,1.67,0.43
402,4,S4,Viable System Model,11,R11,GROW Model,20,P20,Gantt Chart,complicated,sequential,1.67,0.50
403,4,S4,Viable System Model,11,R11,GROW Model,26,P26,Timeline,complicated,sequential,1.67,0.43
404,4,S4,Viable System Model,11,R11,GROW Model,32,P32,Annotated Code,complicated,sequential,2.00,0.57
405,4,S4,Viable System Model,12,R12,Scientific Method,5,P5,Checklist,complex; complicated,sequential,2.00,0.37
406,4,S4,Viable System Model,12,R12,Scientific Method,8,P8,Technical Report,complex; complicated,sequential,2.33,0.33
407,4,S4,Viable System Model,12,R12,Scientific Method,13,P13,Tutorial,complex; complicated,sequential,2.00,0.37
408,4,S4,Viable System Model,12,R12,Scientific Method,19,P19,Flowchart,complex; complicated,sequential,2.00,0.33
409,4,S4,Viable System Model,12,R12,Scientific Method,20,P20,Gantt Chart,complex; complicated,sequential,2.00,0.40
410,4,S4,Viable System Model,12,R12,Scientific Method,26,P26,Timeline,complex; complicated,sequential,2.00,0.33
411,4,S4,Viable System Model,12,R12,Scientific Method,32,P32,Annotated Code,complex; complicated,sequential,2.33,0.47
412,4,S4,Viable System Model,13,R13,MCDA,7,P7,Executive Summary,complicated,comparative,2.00,0.37
413,4,S4,Viable System Model,13,R13,MCDA,8,P8,Technical Report,complicated,quantitative,2.33,0.37
414,4,S4,Viable System Model,13,R13,MCDA,9,P9,Policy Brief,complicated,comparative,2.33,0.43
415,4,S4,Viable System Model,13,R13,MCDA,11,P11,Academic Paper,complicated,quantitative,2.67,0.40
416,4,S4,Viable System Model,13,R13,MCDA,16,P16,Comparative Table,complicated,comparative,2.00,0.37
417,4,S4,Viable System Model,13,R13,MCDA,17,P17,Decision Matrix,complicated,comparative; quantitative,2.00,0.40
418,4,S4,Viable System Model,13,R13,MCDA,21,P21,Dashboard,complicated,quantitative,2.33,0.40
419,4,S4,Viable System Model,13,R13,MCDA,29,P29,Interactive Visualization,complicated,quantitative,2.67,0.43
420,4,S4,Viable System Model,13,R13,MCDA,31,P31,Simulation,complicated,quantitative,2.67,0.47
421,4,S4,Viable System Model,15,R15,Naturalistic Decision-Making,6,P6,Memo,complex,qualitative,2.00,0.40
422,4,S4,Viable System Model,15,R15,Naturalistic Decision-Making,8,P8,Technical Report,complex,qualitative,2.33,0.40
423,4,S4,Viable System Model,15,R15,Naturalistic Decision-Making,10,P10,White Paper,complex,qualitative,2.33,0.43
424,4,S4,Viable System Model,15,R15,Naturalistic Decision-Making,11,P11,Academic Paper,complex,qualitative,2.67,0.43
425,4,S4,Viable System Model,15,R15,Naturalistic Decision-Making,12,P12,Case Study,complex,qualitative,2.33,0.43
426,4,S4,Viable System Model,15,R15,Naturalistic Decision-Making,15,P15,Dialogue,complex,qualitative,2.33,0.43
427,4,S4,Viable System Model,15,R15,Naturalistic Decision-Making,33,P33,Narrative Synthesis,complex,qualitative,2.33,0.40
428,4,S4,Viable System Model,15,R15,Naturalistic Decision-Making,35,P35,Dialogue Format,complex,qualitative,2.33,0.43
429,4,S4,Viable System Model,16,R16,Intuitive Decision-Making,6,P6,Memo,complex,qualitative,1.67,0.37
430,4,S4,Viable System Model,16,R16,Intuitive Decision-Making,8,P8,Technical Report,complex,qualitative,2.00,0.37
431,4,S4,Viable System Model,16,R16,Intuitive Decision-Making,10,P10,White Paper,complex,qualitative,2.00,0.40
432,4,S4,Viable System Model,16,R16,Intuitive Decision-Making,11,P11,Academic Paper,complex,qualitative,2.33,0.40
433,4,S4,Viable System Model,16,R16,Intuitive Decision-Making,12,P12,Case Study,complex,qualitative,2.00,0.40
434,4,S4,Viable System Model,16,R16,Intuitive Decision-Making,15,P15,Dialogue,complex,qualitative,2.00,0.40
435,4,S4,Viable System Model,16,R16,Intuitive Decision-Making,33,P33,Narrative Synthesis,complex,qualitative,2.00,0.37
436,4,S4,Viable System Model,16,R16,Intuitive Decision-Making,35,P35,Dialogue Format,complex,qualitative,2.00,0.40
437,4,S4,Viable System Model,18,R18,Hypothesis Testing,8,P8,Technical Report,complicated,quantitative,2.33,0.37
438,4,S4,Viable System Model,18,R18,Hypothesis Testing,11,P11,Academic Paper,complicated,quantitative,2.67,0.40
439,4,S4,Viable System Model,18,R18,Hypothesis Testing,17,P17,Decision Matrix,complicated,quantitative,2.00,0.40
440,4,S4,Viable System Model,18,R18,Hypothesis Testing,21,P21,Dashboard,complicated,quantitative,2.33,0.40
441,4,S4,Viable System Model,18,R18,Hypothesis Testing,29,P29,Interactive Visualization,complicated,quantitative,2.67,0.43
442,4,S4,Viable System Model,18,R18,Hypothesis Testing,31,P31,Simulation,complicated,quantitative,2.67,0.47
443,4,S4,Viable System Model,20,R20,Sensitivity Analysis,8,P8,Technical Report,complex; complicated,quantitative,2.33,0.37
444,4,S4,Viable System Model,20,R20,Sensitivity Analysis,11,P11,Academic Paper,complex; complicated,quantitative,2.67,0.40
445,4,S4,Viable System Model,20,R20,Sensitivity Analysis,17,P17,Decision Matrix,complex; complicated,quantitative,2.00,0.40
446,4,S4,Viable System Model,20,R20,Sensitivity Analysis,21,P21,Dashboard,complex; complicated,quantitative,2.33,0.40
447,4,S4,Viable System Model,20,R20,Sensitivity Analysis,29,P29,Interactive Visualization,complex; complicated,quantitative,2.67,0.43
448,4,S4,Viable System Model,20,R20,Sensitivity Analysis,31,P31,Simulation,complex; complicated,quantitative,2.67,0.47
449,4,S4,Viable System Model,21,R21,Analogical Reasoning,1,P1,Cornell Notes,complex; complicated,conceptual,2.00,0.40
450,4,S4,Viable System Model,21,R21,Analogical Reasoning,2,P2,SQ3R,complex; complicated,conceptual,2.00,0.43
451,4,S4,Viable System Model,21,R21,Analogical Reasoning,3,P3,CODE (Second Brain),complex; complicated,conceptual,2.33,0.40
452,4,S4,Viable System Model,21,R21,Analogical Reasoning,4,P4,Progressive Summarization,complex; complicated,conceptual,2.33,0.40
453,4,S4,Viable System Model,21,R21,Analogical Reasoning,6,P6,Memo,complex; complicated,conceptual,2.00,0.33
454,4,S4,Viable System Model,21,R21,Analogical Reasoning,7,P7,Executive Summary,complex; complicated,conceptual,2.00,0.33
455,4,S4,Viable System Model,21,R21,Analogical Reasoning,10,P10,White Paper,complex; complicated,conceptual,2.33,0.37
456,4,S4,Viable System Model,21,R21,Analogical Reasoning,14,P14,FAQ,complex; complicated,conceptual,2.00,0.33
457,4,S4,Viable System Model,21,R21,Analogical Reasoning,25,P25,Mind Map,complex; complicated,conceptual,2.00,0.33
458,4,S4,Viable System Model,21,R21,Analogical Reasoning,28,P28,Slide Deck,complex; complicated,conceptual,2.00,0.33
459,4,S4,Viable System Model,21,R21,Analogical Reasoning,36,P36,Metaphorical Explanation,complex; complicated,conceptual,2.33,0.37
460,4,S4,Viable System Model,22,R22,Case-Based Reasoning,7,P7,Executive Summary,complicated,comparative,2.00,0.37
461,4,S4,Viable System Model,22,R22,Case-Based Reasoning,9,P9,Policy Brief,complicated,comparative,2.33,0.43
462,4,S4,Viable System Model,22,R22,Case-Based Reasoning,16,P16,Comparative Table,complicated,comparative,2.00,0.37
463,4,S4,Viable System Model,22,R22,Case-Based Reasoning,17,P17,Decision Matrix,complicated,comparative,2.00,0.40
464,4,S4,Viable System Model,23,R23,Benchmarking,7,P7,Executive Summary,complicated,comparative,1.67,0.37
465,4,S4,Viable System Model,23,R23,Benchmarking,9,P9,Policy Brief,complicated,comparative,2.00,0.43
466,4,S4,Viable System Model,23,R23,Benchmarking,16,P16,Comparative Table,complicated,comparative,1.67,0.37
467,4,S4,Viable System Model,23,R23,Benchmarking,17,P17,Decision Matrix,complicated,comparative,1.67,0.40
468,4,S4,Viable System Model,24,R24,Scenario Planning,5,P5,Checklist,complex,sequential,2.00,0.40
469,4,S4,Viable System Model,24,R24,Scenario Planning,6,P6,Memo,complex,narrative,2.00,0.37
470,4,S4,Viable System Model,24,R24,Scenario Planning,8,P8,Technical Report,complex,sequential,2.33,0.37
471,4,S4,Viable System Model,24,R24,Scenario Planning,9,P9,Policy Brief,complex,narrative,2.33,0.43
472,4,S4,Viable System Model,24,R24,Scenario Planning,12,P12,Case Study,complex,narrative,2.33,0.40
473,4,S4,Viable System Model,24,R24,Scenario Planning,13,P13,Tutorial,complex,sequential,2.00,0.40
474,4,S4,Viable System Model,24,R24,Scenario Planning,15,P15,Dialogue,complex,narrative,2.33,0.40
475,4,S4,Viable System Model,24,R24,Scenario Planning,19,P19,Flowchart,complex,sequential,2.00,0.37
476,4,S4,Viable System Model,24,R24,Scenario Planning,20,P20,Gantt Chart,complex,sequential,2.00,0.43
477,4,S4,Viable System Model,24,R24,Scenario Planning,22,P22,Infographic,complex,narrative,2.00,0.40
478,4,S4,Viable System Model,24,R24,Scenario Planning,26,P26,Timeline,complex,sequential,2.00,0.37
479,4,S4,Viable System Model,24,R24,Scenario Planning,28,P28,Slide Deck,complex,narrative,2.00,0.37
480,4,S4,Viable System Model,24,R24,Scenario Planning,30,P30,Video,complex,narrative,2.33,0.40
481,4,S4,Viable System Model,24,R24,Scenario Planning,32,P32,Annotated Code,complex,sequential,2.33,0.50
482,4,S4,Viable System Model,24,R24,Scenario Planning,33,P33,Narrative Synthesis,complex,narrative,2.33,0.37
483,4,S4,Viable System Model,24,R24,Scenario Planning,34,P34,Scenario Narrative,complex,narrative,2.33,0.40
484,4,S4,Viable System Model,24,R24,Scenario Planning,35,P35,Dialogue Format,complex,narrative,2.33,0.40
485,4,S4,Viable System Model,24,R24,Scenario Planning,36,P36,Metaphorical Explanation,complex,narrative,2.33,0.40
486,4,S4,Viable System Model,25,R25,Counterfactual Analysis,6,P6,Memo,complex; complicated,narrative,2.00,0.37
487,4,S4,Viable System Model,25,R25,Counterfactual Analysis,9,P9,Policy Brief,complex; complicated,narrative,2.33,0.43
488,4,S4,Viable System Model,25,R25,Counterfactual Analysis,12,P12,Case Study,complex; complicated,narrative,2.33,0.40
489,4,S4,Viable System Model,25,R25,Counterfactual Analysis,15,P15,Dialogue,complex; complicated,narrative,2.33,0.40
490,4,S4,Viable System Model,25,R25,Counterfactual Analysis,22,P22,Infographic,complex; complicated,narrative,2.00,0.40
491,4,S4,Viable System Model,25,R25,Counterfactual Analysis,28,P28,Slide Deck,complex; complicated,narrative,2.00,0.37
492,4,S4,Viable System Model,25,R25,Counterfactual Analysis,30,P30,Video,complex; complicated,narrative,2.33,0.40
493,4,S4,Viable System Model,25,R25,Counterfactual Analysis,33,P33,Narrative Synthesis,complex; complicated,narrative,2.33,0.37
494,4,S4,Viable System Model,25,R25,Counterfactual Analysis,34,P34,Scenario Narrative,complex; complicated,narrative,2.33,0.40
495,4,S4,Viable System Model,25,R25,Counterfactual Analysis,35,P35,Dialogue Format,complex; complicated,narrative,2.33,0.40
496,4,S4,Viable System Model,25,R25,Counterfactual Analysis,36,P36,Metaphorical Explanation,complex; complicated,narrative,2.33,0.40
497,4,S4,Viable System Model,26,R26,Pre-mortem Analysis,6,P6,Memo,complex; complicated,qualitative,2.00,0.33
498,4,S4,Viable System Model,26,R26,Pre-mortem Analysis,8,P8,Technical Report,complex; complicated,qualitative,2.33,0.33
499,4,S4,Viable System Model,26,R26,Pre-mortem Analysis,10,P10,White Paper,complex; complicated,qualitative,2.33,0.37
500,4,S4,Viable System Model,26,R26,Pre-mortem Analysis,11,P11,Academic Paper,complex; complicated,qualitative,2.67,0.37
501,4,S4,Viable System Model,26,R26,Pre-mortem Analysis,12,P12,Case Study,complex; complicated,qualitative,2.33,0.37
502,4,S4,Viable System Model,26,R26,Pre-mortem Analysis,15,P15,Dialogue,complex; complicated,qualitative,2.33,0.37
503,4,S4,Viable System Model,26,R26,Pre-mortem Analysis,33,P33,Narrative Synthesis,complex; complicated,qualitative,2.33,0.33
504,4,S4,Viable System Model,26,R26,Pre-mortem Analysis,35,P35,Dialogue Format,complex; complicated,qualitative,2.33,0.37
505,4,S4,Viable System Model,27,R27,Post-mortem Analysis,6,P6,Memo,complicated,qualitative,1.67,0.37
506,4,S4,Viable System Model,27,R27,Post-mortem Analysis,8,P8,Technical Report,complicated,qualitative,2.00,0.37
507,4,S4,Viable System Model,27,R27,Post-mortem Analysis,10,P10,White Paper,complicated,qualitative,2.00,0.40
508,4,S4,Viable System Model,27,R27,Post-mortem Analysis,11,P11,Academic Paper,complicated,qualitative,2.33,0.40
509,4,S4,Viable System Model,27,R27,Post-mortem Analysis,12,P12,Case Study,complicated,qualitative,2.00,0.40
510,4,S4,Viable System Model,27,R27,Post-mortem Analysis,15,P15,Dialogue,complicated,qualitative,2.00,0.40
511,4,S4,Viable System Model,27,R27,Post-mortem Analysis,33,P33,Narrative Synthesis,complicated,qualitative,2.00,0.37
512,4,S4,Viable System Model,27,R27,Post-mortem Analysis,35,P35,Dialogue Format,complicated,qualitative,2.00,0.40
513,4,S4,Viable System Model,28,R28,Red Team/Blue Team,7,P7,Executive Summary,complex; complicated,comparative,2.00,0.40
514,4,S4,Viable System Model,28,R28,Red Team/Blue Team,9,P9,Policy Brief,complex; complicated,comparative,2.33,0.47
515,4,S4,Viable System Model,28,R28,Red Team/Blue Team,16,P16,Comparative Table,complex; complicated,comparative,2.00,0.40
516,4,S4,Viable System Model,28,R28,Red Team/Blue Team,17,P17,Decision Matrix,complex; complicated,comparative,2.00,0.43
517,4,S4,Viable System Model,29,R29,Devil's Advocate,6,P6,Memo,complicated,qualitative,1.67,0.33
518,4,S4,Viable System Model,29,R29,Devil's Advocate,8,P8,Technical Report,complicated,qualitative,2.00,0.33
519,4,S4,Viable System Model,29,R29,Devil's Advocate,10,P10,White Paper,complicated,qualitative,2.00,0.37
520,4,S4,Viable System Model,29,R29,Devil's Advocate,11,P11,Academic Paper,complicated,qualitative,2.33,0.37
521,4,S4,Viable System Model,29,R29,Devil's Advocate,12,P12,Case Study,complicated,qualitative,2.00,0.37
522,4,S4,Viable System Model,29,R29,Devil's Advocate,15,P15,Dialogue,complicated,qualitative,2.00,0.37
523,4,S4,Viable System Model,29,R29,Devil's Advocate,33,P33,Narrative Synthesis,complicated,qualitative,2.00,0.33
524,4,S4,Viable System Model,29,R29,Devil's Advocate,35,P35,Dialogue Format,complicated,qualitative,2.00,0.37
525,4,S4,Viable System Model,31,R31,Critical Thinking,6,P6,Memo,complex; complicated,qualitative,2.00,0.33
526,4,S4,Viable System Model,31,R31,Critical Thinking,8,P8,Technical Report,complex; complicated,qualitative,2.33,0.33
527,4,S4,Viable System Model,31,R31,Critical Thinking,10,P10,White Paper,complex; complicated,qualitative,2.33,0.37
528,4,S4,Viable System Model,31,R31,Critical Thinking,11,P11,Academic Paper,complex; complicated,qualitative,2.67,0.37
529,4,S4,Viable System Model,31,R31,Critical Thinking,12,P12,Case Study,complex; complicated,qualitative,2.33,0.37
530,4,S4,Viable System Model,31,R31,Critical Thinking,15,P15,Dialogue,complex; complicated,qualitative,2.33,0.37
531,4,S4,Viable System Model,31,R31,Critical Thinking,33,P33,Narrative Synthesis,complex; complicated,qualitative,2.33,0.33
532,4,S4,Viable System Model,31,R31,Critical Thinking,35,P35,Dialogue Format,complex; complicated,qualitative,2.33,0.37
533,4,S4,Viable System Model,32,R32,FMEA,7,P7,Executive Summary,complicated,comparative,2.00,0.43
534,4,S4,Viable System Model,32,R32,FMEA,8,P8,Technical Report,complicated,quantitative,2.33,0.43
535,4,S4,Viable System Model,32,R32,FMEA,9,P9,Policy Brief,complicated,comparative,2.33,0.50
536,4,S4,Viable System Model,32,R32,FMEA,11,P11,Academic Paper,complicated,quantitative,2.67,0.47
537,4,S4,Viable System Model,32,R32,FMEA,16,P16,Comparative Table,complicated,comparative,2.00,0.43
538,4,S4,Viable System Model,32,R32,FMEA,17,P17,Decision Matrix,complicated,comparative; quantitative,2.00,0.47
539,4,S4,Viable System Model,32,R32,FMEA,21,P21,Dashboard,complicated,quantitative,2.33,0.47
540,4,S4,Viable System Model,32,R32,FMEA,29,P29,Interactive Visualization,complicated,quantitative,2.67,0.50
541,4,S4,Viable System Model,32,R32,FMEA,31,P31,Simulation,complicated,quantitative,2.67,0.53
542,4,S4,Viable System Model,33,R33,Fault Tree Analysis,18,P18,Causal Diagram,complicated,visual,2.33,0.47
543,4,S4,Viable System Model,33,R33,Fault Tree Analysis,19,P19,Flowchart,complicated,visual,2.00,0.43
544,4,S4,Viable System Model,33,R33,Fault Tree Analysis,20,P20,Gantt Chart,complicated,visual,2.00,0.50
545,4,S4,Viable System Model,33,R33,Fault Tree Analysis,21,P21,Dashboard,complicated,visual,2.33,0.47
546,4,S4,Viable System Model,33,R33,Fault Tree Analysis,22,P22,Infographic,complicated,visual,2.00,0.47
547,4,S4,Viable System Model,33,R33,Fault Tree Analysis,23,P23,Systems Diagram,complicated,visual,2.33,0.50
548,4,S4,Viable System Model,33,R33,Fault Tree Analysis,24,P24,Network Graph,complicated,visual,2.33,0.50
549,4,S4,Viable System Model,33,R33,Fault Tree Analysis,25,P25,Mind Map,complicated,visual,2.00,0.43
550,4,S4,Viable System Model,33,R33,Fault Tree Analysis,26,P26,Timeline,complicated,visual,2.00,0.43
551,4,S4,Viable System Model,33,R33,Fault Tree Analysis,27,P27,Fishbone Diagram,complicated,visual,2.00,0.50
552,4,S4,Viable System Model,33,R33,Fault Tree Analysis,28,P28,Slide Deck,complicated,visual,2.00,0.43
553,4,S4,Viable System Model,33,R33,Fault Tree Analysis,29,P29,Interactive Visualization,complicated,visual,2.67,0.50
554,4,S4,Viable System Model,33,R33,Fault Tree Analysis,30,P30,Video,complicated,visual,2.33,0.47
555,4,S4,Viable System Model,33,R33,Fault Tree Analysis,31,P31,Simulation,complicated,visual,2.67,0.53
556,4,S4,Viable System Model,34,R34,Event Tree Analysis,5,P5,Checklist,complicated,sequential,2.00,0.47
557,4,S4,Viable System Model,34,R34,Event Tree Analysis,8,P8,Technical Report,complicated,sequential,2.33,0.43
558,4,S4,Viable System Model,34,R34,Event Tree Analysis,13,P13,Tutorial,complicated,sequential,2.00,0.47
559,4,S4,Viable System Model,34,R34,Event Tree Analysis,19,P19,Flowchart,complicated,sequential,2.00,0.43
560,4,S4,Viable System Model,34,R34,Event Tree Analysis,20,P20,Gantt Chart,complicated,sequential,2.00,0.50
561,4,S4,Viable System Model,34,R34,Event Tree Analysis,26,P26,Timeline,complicated,sequential,2.00,0.43
562,4,S4,Viable System Model,34,R34,Event Tree Analysis,32,P32,Annotated Code,complicated,sequential,2.33,0.57
563,4,S4,Viable System Model,35,R35,Bow-Tie Analysis,18,P18,Causal Diagram,complicated,visual,2.33,0.47
564,4,S4,Viable System Model,35,R35,Bow-Tie Analysis,19,P19,Flowchart,complicated,visual,2.00,0.43
565,4,S4,Viable System Model,35,R35,Bow-Tie Analysis,20,P20,Gantt Chart,complicated,visual,2.00,0.50
566,4,S4,Viable System Model,35,R35,Bow-Tie Analysis,21,P21,Dashboard,complicated,visual,2.33,0.47
567,4,S4,Viable System Model,35,R35,Bow-Tie Analysis,22,P22,Infographic,complicated,visual,2.00,0.47
568,4,S4,Viable System Model,35,R35,Bow-Tie Analysis,23,P23,Systems Diagram,complicated,visual,2.33,0.50
569,4,S4,Viable System Model,35,R35,Bow-Tie Analysis,24,P24,Network Graph,complicated,visual,2.33,0.50
570,4,S4,Viable System Model,35,R35,Bow-Tie Analysis,25,P25,Mind Map,complicated,visual,2.00,0.43
571,4,S4,Viable System Model,35,R35,Bow-Tie Analysis,26,P26,Timeline,complicated,visual,2.00,0.43
572,4,S4,Viable System Model,35,R35,Bow-Tie Analysis,27,P27,Fishbone Diagram,complicated,visual,2.00,0.50
573,4,S4,Viable System Model,35,R35,Bow-Tie Analysis,28,P28,Slide Deck,complicated,visual,2.00,0.43
574,4,S4,Viable System Model,35,R35,Bow-Tie Analysis,29,P29,Interactive Visualization,complicated,visual,2.67,0.50
575,4,S4,Viable System Model,35,R35,Bow-Tie Analysis,30,P30,Video,complicated,visual,2.33,0.47
576,4,S4,Viable System Model,35,R35,Bow-Tie Analysis,31,P31,Simulation,complicated,visual,2.67,0.53
577,4,S4,Viable System Model,36,R36,Delphi Method,6,P6,Memo,complex,qualitative,2.00,0.40
578,4,S4,Viable System Model,36,R36,Delphi Method,8,P8,Technical Report,complex,qualitative,2.33,0.40
579,4,S4,Viable System Model,36,R36,Delphi Method,10,P10,White Paper,complex,qualitative,2.33,0.43
580,4,S4,Viable System Model,36,R36,Delphi Method,11,P11,Academic Paper,complex,qualitative,2.67,0.43
581,4,S4,Viable System Model,36,R36,Delphi Method,12,P12,Case Study,complex,qualitative,2.33,0.43
582,4,S4,Viable System Model,36,R36,Delphi Method,15,P15,Dialogue,complex,qualitative,2.33,0.43
583,4,S4,Viable System Model,36,R36,Delphi Method,33,P33,Narrative Synthesis,complex,qualitative,2.33,0.40
584,4,S4,Viable System Model,36,R36,Delphi Method,35,P35,Dialogue Format,complex,qualitative,2.33,0.43
585,4,S4,Viable System Model,37,R37,Nominal Group Technique,6,P6,Memo,complicated,qualitative,1.67,0.37
586,4,S4,Viable System Model,37,R37,Nominal Group Technique,8,P8,Technical Report,complicated,qualitative,2.00,0.37
587,4,S4,Viable System Model,37,R37,Nominal Group Technique,10,P10,White Paper,complicated,qualitative,2.00,0.40
588,4,S4,Viable System Model,37,R37,Nominal Group Technique,11,P11,Academic Paper,complicated,qualitative,2.33,0.40
589,4,S4,Viable System Model,37,R37,Nominal Group Technique,12,P12,Case Study,complicated,qualitative,2.00,0.40
590,4,S4,Viable System Model,37,R37,Nominal Group Technique,15,P15,Dialogue,complicated,qualitative,2.00,0.40
591,4,S4,Viable System Model,37,R37,Nominal Group Technique,33,P33,Narrative Synthesis,complicated,qualitative,2.00,0.37
592,4,S4,Viable System Model,37,R37,Nominal Group Technique,35,P35,Dialogue Format,complicated,qualitative,2.00,0.40
593,4,S4,Viable System Model,38,R38,Six Thinking Hats,6,P6,Memo,complex; complicated,qualitative,1.67,0.37
594,4,S4,Viable System Model,38,R38,Six Thinking Hats,8,P8,Technical Report,complex; complicated,qualitative,2.00,0.37
595,4,S4,Viable System Model,38,R38,Six Thinking Hats,10,P10,White Paper,complex; complicated,qualitative,2.00,0.40
596,4,S4,Viable System Model,38,R38,Six Thinking Hats,11,P11,Academic Paper,complex; complicated,qualitative,2.33,0.40
597,4,S4,Viable System Model,38,R38,Six Thinking Hats,12,P12,Case Study,complex; complicated,qualitative,2.00,0.40
598,4,S4,Viable System Model,38,R38,Six Thinking Hats,15,P15,Dialogue,complex; complicated,qualitative,2.00,0.40
599,4,S4,Viable System Model,38,R38,Six Thinking Hats,33,P33,Narrative Synthesis,complex; complicated,qualitative,2.00,0.37
600,4,S4,Viable System Model,38,R38,Six Thinking Hats,35,P35,Dialogue Format,complex; complicated,qualitative,2.00,0.40
601,4,S4,Viable System Model,39,R39,Linear Programming,8,P8,Technical Report,complicated,quantitative,2.67,0.43
602,4,S4,Viable System Model,39,R39,Linear Programming,11,P11,Academic Paper,complicated,quantitative,3.00,0.47
603,4,S4,Viable System Model,39,R39,Linear Programming,17,P17,Decision Matrix,complicated,quantitative,2.33,0.47
604,4,S4,Viable System Model,39,R39,Linear Programming,21,P21,Dashboard,complicated,quantitative,2.67,0.47
605,4,S4,Viable System Model,39,R39,Linear Programming,29,P29,Interactive Visualization,complicated,quantitative,3.00,0.50
606,4,S4,Viable System Model,39,R39,Linear Programming,31,P31,Simulation,complicated,quantitative,3.00,0.53
607,4,S4,Viable System Model,40,R40,Decision Trees,5,P5,Checklist,complicated,sequential,2.00,0.40
608,4,S4,Viable System Model,40,R40,Decision Trees,8,P8,Technical Report,complicated,sequential,2.33,0.37
609,4,S4,Viable System Model,40,R40,Decision Trees,13,P13,Tutorial,complicated,sequential,2.00,0.40
610,4,S4,Viable System Model,40,R40,Decision Trees,18,P18,Causal Diagram,complicated,visual,2.33,0.40
611,4,S4,Viable System Model,40,R40,Decision Trees,19,P19,Flowchart,complicated,sequential; visual,2.00,0.37
612,4,S4,Viable System Model,40,R40,Decision Trees,20,P20,Gantt Chart,complicated,sequential; visual,2.00,0.43
613,4,S4,Viable System Model,40,R40,Decision Trees,21,P21,Dashboard,complicated,visual,2.33,0.40
614,4,S4,Viable System Model,40,R40,Decision Trees,22,P22,Infographic,complicated,visual,2.00,0.40
615,4,S4,Viable System Model,40,R40,Decision Trees,23,P23,Systems Diagram,complicated,visual,2.33,0.43
616,4,S4,Viable System Model,40,R40,Decision Trees,24,P24,Network Graph,complicated,visual,2.33,0.43
617,4,S4,Viable System Model,40,R40,Decision Trees,25,P25,Mind Map,complicated,visual,2.00,0.37
618,4,S4,Viable System Model,40,R40,Decision Trees,26,P26,Timeline,complicated,sequential; visual,2.00,0.37
619,4,S4,Viable System Model,40,R40,Decision Trees,27,P27,Fishbone Diagram,complicated,visual,2.00,0.43
620,4,S4,Viable System Model,40,R40,Decision Trees,28,P28,Slide Deck,complicated,visual,2.00,0.37
621,4,S4,Viable System Model,40,R40,Decision Trees,29,P29,Interactive Visualization,complicated,visual,2.67,0.43
622,4,S4,Viable System Model,40,R40,Decision Trees,30,P30,Video,complicated,visual,2.33,0.40
623,4,S4,Viable System Model,40,R40,Decision Trees,31,P31,Simulation,complicated,visual,2.67,0.47
624,4,S4,Viable System Model,40,R40,Decision Trees,32,P32,Annotated Code,complicated,sequential,2.33,0.50
625,4,S4,Viable System Model,41,R41,Cost-Benefit Analysis,7,P7,Executive Summary,complicated,comparative,2.00,0.37
626,4,S4,Viable System Model,41,R41,Cost-Benefit Analysis,8,P8,Technical Report,complicated,quantitative,2.33,0.37
627,4,S4,Viable System Model,41,R41,Cost-Benefit Analysis,9,P9,Policy Brief,complicated,comparative,2.33,0.43
628,4,S4,Viable System Model,41,R41,Cost-Benefit Analysis,11,P11,Academic Paper,complicated,quantitative,2.67,0.40
629,4,S4,Viable System Model,41,R41,Cost-Benefit Analysis,16,P16,Comparative Table,complicated,comparative,2.00,0.37
630,4,S4,Viable System Model,41,R41,Cost-Benefit Analysis,17,P17,Decision Matrix,complicated,comparative; quantitative,2.00,0.40
631,4,S4,Viable System Model,41,R41,Cost-Benefit Analysis,21,P21,Dashboard,complicated,quantitative,2.33,0.40
632,4,S4,Viable System Model,41,R41,Cost-Benefit Analysis,29,P29,Interactive Visualization,complicated,quantitative,2.67,0.43
633,4,S4,Viable System Model,41,R41,Cost-Benefit Analysis,31,P31,Simulation,complicated,quantitative,2.67,0.47
634,4,S4,Viable System Model,42,R42,Trade-off Analysis,7,P7,Executive Summary,complicated,comparative,2.00,0.33
635,4,S4,Viable System Model,42,R42,Trade-off Analysis,9,P9,Policy Brief,complicated,comparative,2.33,0.40
636,4,S4,Viable System Model,42,R42,Trade-off Analysis,16,P16,Comparative Table,complicated,comparative,2.00,0.33
637,4,S4,Viable System Model,42,R42,Trade-off Analysis,17,P17,Decision Matrix,complicated,comparative,2.00,0.37
638,5,S5,Critical Systems Thinking,8,R8,Design Thinking,5,P5,Checklist,wicked,sequential,2.00,0.37
639,5,S5,Critical Systems Thinking,8,R8,Design Thinking,6,P6,Memo,wicked,qualitative,2.00,0.33
640,5,S5,Critical Systems Thinking,8,R8,Design Thinking,8,P8,Technical Report,wicked,qualitative; sequential,2.33,0.33
641,5,S5,Critical Systems Thinking,8,R8,Design Thinking,10,P10,White Paper,wicked,qualitative,2.33,0.37
642,5,S5,Critical Systems Thinking,8,R8,Design Thinking,11,P11,Academic Paper,wicked,qualitative,2.67,0.37
643,5,S5,Critical Systems Thinking,8,R8,Design Thinking,12,P12,Case Study,wicked,qualitative,2.33,0.37
644,5,S5,Critical Systems Thinking,8,R8,Design Thinking,13,P13,Tutorial,wicked,sequential,2.00,0.37
645,5,S5,Critical Systems Thinking,8,R8,Design Thinking,15,P15,Dialogue,wicked,qualitative,2.33,0.37
646,5,S5,Critical Systems Thinking,8,R8,Design Thinking,19,P19,Flowchart,wicked,sequential,2.00,0.33
647,5,S5,Critical Systems Thinking,8,R8,Design Thinking,20,P20,Gantt Chart,wicked,sequential,2.00,0.40
648,5,S5,Critical Systems Thinking,8,R8,Design Thinking,26,P26,Timeline,wicked,sequential,2.00,0.33
649,5,S5,Critical Systems Thinking,8,R8,Design Thinking,32,P32,Annotated Code,wicked,sequential,2.33,0.47
650,5,S5,Critical Systems Thinking,8,R8,Design Thinking,33,P33,Narrative Synthesis,wicked,qualitative,2.33,0.33
651,5,S5,Critical Systems Thinking,8,R8,Design Thinking,35,P35,Dialogue Format,wicked,qualitative,2.33,0.37
652,5,S5,Critical Systems Thinking,30,R30,Dialectical Reasoning,6,P6,Memo,wicked,qualitative,2.00,0.33
653,5,S5,Critical Systems Thinking,30,R30,Dialectical Reasoning,8,P8,Technical Report,wicked,qualitative,2.33,0.33
654,5,S5,Critical Systems Thinking,30,R30,Dialectical Reasoning,10,P10,White Paper,wicked,qualitative,2.33,0.37
655,5,S5,Critical Systems Thinking,30,R30,Dialectical Reasoning,11,P11,Academic Paper,wicked,qualitative,2.67,0.37
656,5,S5,Critical Systems Thinking,30,R30,Dialectical Reasoning,12,P12,Case Study,wicked,qualitative,2.33,0.37
657,5,S5,Critical Systems Thinking,30,R30,Dialectical Reasoning,15,P15,Dialogue,wicked,qualitative,2.33,0.37
658,5,S5,Critical Systems Thinking,30,R30,Dialectical Reasoning,33,P33,Narrative Synthesis,wicked,qualitative,2.33,0.33
659,5,S5,Critical Systems Thinking,30,R30,Dialectical Reasoning,35,P35,Dialogue Format,wicked,qualitative,2.33,0.37
660,6,S6,Systemic Design,3,R3,Abductive Reasoning,1,P1,Cornell Notes,complex,conceptual,1.67,0.37
661,6,S6,Systemic Design,3,R3,Abductive Reasoning,2,P2,SQ3R,complex,conceptual,1.67,0.40
662,6,S6,Systemic Design,3,R3,Abductive Reasoning,3,P3,CODE (Second Brain),complex,conceptual,2.00,0.37
663,6,S6,Systemic Design,3,R3,Abductive Reasoning,4,P4,Progressive Summarization,complex,conceptual,2.00,0.37
664,6,S6,Systemic Design,3,R3,Abductive Reasoning,6,P6,Memo,complex,conceptual,1.67,0.30
665,6,S6,Systemic Design,3,R3,Abductive Reasoning,7,P7,Executive Summary,complex,conceptual,1.67,0.30
666,6,S6,Systemic Design,3,R3,Abductive Reasoning,10,P10,White Paper,complex,conceptual,2.00,0.33
667,6,S6,Systemic Design,3,R3,Abductive Reasoning,14,P14,FAQ,complex,conceptual,1.67,0.30
668,6,S6,Systemic Design,3,R3,Abductive Reasoning,25,P25,Mind Map,complex,conceptual,1.67,0.30
669,6,S6,Systemic Design,3,R3,Abductive Reasoning,28,P28,Slide Deck,complex,conceptual,1.67,0.30
670,6,S6,Systemic Design,3,R3,Abductive Reasoning,36,P36,Metaphorical Explanation,complex,conceptual,2.00,0.33
671,6,S6,Systemic Design,8,R8,Design Thinking,5,P5,Checklist,complex,sequential,1.67,0.33
672,6,S6,Systemic Design,8,R8,Design Thinking,6,P6,Memo,complex,qualitative,1.67,0.30
673,6,S6,Systemic Design,8,R8,Design Thinking,8,P8,Technical Report,complex,qualitative; sequential,2.00,0.30
674,6,S6,Systemic Design,8,R8,Design Thinking,10,P10,White Paper,complex,qualitative,2.00,0.33
675,6,S6,Systemic Design,8,R8,Design Thinking,11,P11,Academic Paper,complex,qualitative,2.33,0.33
676,6,S6,Systemic Design,8,R8,Design Thinking,12,P12,Case Study,complex,qualitative,2.00,0.33
677,6,S6,Systemic Design,8,R8,Design Thinking,13,P13,Tutorial,complex,sequential,1.67,0.33
678,6,S6,Systemic Design,8,R8,Design Thinking,15,P15,Dialogue,complex,qualitative,2.00,0.33
679,6,S6,Systemic Design,8,R8,Design Thinking,19,P19,Flowchart,complex,sequential,1.67,0.30
680,6,S6,Systemic Design,8,R8,Design Thinking,20,P20,Gantt Chart,complex,sequential,1.67,0.37
681,6,S6,Systemic Design,8,R8,Design Thinking,26,P26,Timeline,complex,sequential,1.67,0.30
682,6,S6,Systemic Design,8,R8,Design Thinking,32,P32,Annotated Code,complex,sequential,2.00,0.43
683,6,S6,Systemic Design,8,R8,Design Thinking,33,P33,Narrative Synthesis,complex,qualitative,2.00,0.30
684,6,S6,Systemic Design,8,R8,Design Thinking,35,P35,Dialogue Format,complex,qualitative,2.00,0.33
685,6,S6,Systemic Design,9,R9,OODA Loop,5,P5,Checklist,complex,sequential,1.67,0.37
686,6,S6,Systemic Design,9,R9,OODA Loop,8,P8,Technical Report,complex,sequential,2.00,0.33
687,6,S6,Systemic Design,9,R9,OODA Loop,13,P13,Tutorial,complex,sequential,1.67,0.37
688,6,S6,Systemic Design,9,R9,OODA Loop,19,P19,Flowchart,complex,sequential,1.67,0.33
689,6,S6,Systemic Design,9,R9,OODA Loop,20,P20,Gantt Chart,complex,sequential,1.67,0.40
690,6,S6,Systemic Design,9,R9,OODA Loop,26,P26,Timeline,complex,sequential,1.67,0.33
691,6,S6,Systemic Design,9,R9,OODA Loop,32,P32,Annotated Code,complex,sequential,2.00,0.47
692,6,S6,Systemic Design,12,R12,Scientific Method,5,P5,Checklist,complex,sequential,1.67,0.30
693,6,S6,Systemic Design,12,R12,Scientific Method,8,P8,Technical Report,complex,sequential,2.00,0.27
694,6,S6,Systemic Design,12,R12,Scientific Method,13,P13,Tutorial,complex,sequential,1.67,0.30
695,6,S6,Systemic Design,12,R12,Scientific Method,19,P19,Flowchart,complex,sequential,1.67,0.27
696,6,S6,Systemic Design,12,R12,Scientific Method,20,P20,Gantt Chart,complex,sequential,1.67,0.33
697,6,S6,Systemic Design,12,R12,Scientific Method,26,P26,Timeline,complex,sequential,1.67,0.27
698,6,S6,Systemic Design,12,R12,Scientific Method,32,P32,Annotated Code,complex,sequential,2.00,0.40
699,6,S6,Systemic Design,15,R15,Naturalistic Decision-Making,6,P6,Memo,complex,qualitative,1.67,0.33
700,6,S6,Systemic Design,15,R15,Naturalistic Decision-Making,8,P8,Technical Report,complex,qualitative,2.00,0.33
701,6,S6,Systemic Design,15,R15,Naturalistic Decision-Making,10,P10,White Paper,complex,qualitative,2.00,0.37
702,6,S6,Systemic Design,15,R15,Naturalistic Decision-Making,11,P11,Academic Paper,complex,qualitative,2.33,0.37
703,6,S6,Systemic Design,15,R15,Naturalistic Decision-Making,12,P12,Case Study,complex,qualitative,2.00,0.37
704,6,S6,Systemic Design,15,R15,Naturalistic Decision-Making,15,P15,Dialogue,complex,qualitative,2.00,0.37
705,6,S6,Systemic Design,15,R15,Naturalistic Decision-Making,33,P33,Narrative Synthesis,complex,qualitative,2.00,0.33
706,6,S6,Systemic Design,15,R15,Naturalistic Decision-Making,35,P35,Dialogue Format,complex,qualitative,2.00,0.37
707,6,S6,Systemic Design,16,R16,Intuitive Decision-Making,6,P6,Memo,complex,qualitative,1.33,0.30
708,6,S6,Systemic Design,16,R16,Intuitive Decision-Making,8,P8,Technical Report,complex,qualitative,1.67,0.30
709,6,S6,Systemic Design,16,R16,Intuitive Decision-Making,10,P10,White Paper,complex,qualitative,1.67,0.33
710,6,S6,Systemic Design,16,R16,Intuitive Decision-Making,11,P11,Academic Paper,complex,qualitative,2.00,0.33
711,6,S6,Systemic Design,16,R16,Intuitive Decision-Making,12,P12,Case Study,complex,qualitative,1.67,0.33
712,6,S6,Systemic Design,16,R16,Intuitive Decision-Making,15,P15,Dialogue,complex,qualitative,1.67,0.33
713,6,S6,Systemic Design,16,R16,Intuitive Decision-Making,33,P33,Narrative Synthesis,complex,qualitative,1.67,0.30
714,6,S6,Systemic Design,16,R16,Intuitive Decision-Making,35,P35,Dialogue Format,complex,qualitative,1.67,0.33
715,6,S6,Systemic Design,20,R20,Sensitivity Analysis,8,P8,Technical Report,complex,quantitative,2.00,0.30
716,6,S6,Systemic Design,20,R20,Sensitivity Analysis,11,P11,Academic Paper,complex,quantitative,2.33,0.33
717,6,S6,Systemic Design,20,R20,Sensitivity Analysis,17,P17,Decision Matrix,complex,quantitative,1.67,0.33
718,6,S6,Systemic Design,20,R20,Sensitivity Analysis,21,P21,Dashboard,complex,quantitative,2.00,0.33
719,6,S6,Systemic Design,20,R20,Sensitivity Analysis,29,P29,Interactive Visualization,complex,quantitative,2.33,0.37
720,6,S6,Systemic Design,20,R20,Sensitivity Analysis,31,P31,Simulation,complex,quantitative,2.33,0.40
721,6,S6,Systemic Design,21,R21,Analogical Reasoning,1,P1,Cornell Notes,complex,conceptual,1.67,0.33
722,6,S6,Systemic Design,21,R21,Analogical Reasoning,2,P2,SQ3R,complex,conceptual,1.67,0.37
723,6,S6,Systemic Design,21,R21,Analogical Reasoning,3,P3,CODE (Second Brain),complex,conceptual,2.00,0.33
724,6,S6,Systemic Design,21,R21,Analogical Reasoning,4,P4,Progressive Summarization,complex,conceptual,2.00,0.33
725,6,S6,Systemic Design,21,R21,Analogical Reasoning,6,P6,Memo,complex,conceptual,1.67,0.27
726,6,S6,Systemic Design,21,R21,Analogical Reasoning,7,P7,Executive Summary,complex,conceptual,1.67,0.27
727,6,S6,Systemic Design,21,R21,Analogical Reasoning,10,P10,White Paper,complex,conceptual,2.00,0.30
728,6,S6,Systemic Design,21,R21,Analogical Reasoning,14,P14,FAQ,complex,conceptual,1.67,0.27
729,6,S6,Systemic Design,21,R21,Analogical Reasoning,25,P25,Mind Map,complex,conceptual,1.67,0.27
730,6,S6,Systemic Design,21,R21,Analogical Reasoning,28,P28,Slide Deck,complex,conceptual,1.67,0.27
731,6,S6,Systemic Design,21,R21,Analogical Reasoning,36,P36,Metaphorical Explanation,complex,conceptual,2.00,0.30
732,6,S6,Systemic Design,24,R24,Scenario Planning,5,P5,Checklist,complex,sequential,1.67,0.33
733,6,S6,Systemic Design,24,R24,Scenario Planning,6,P6,Memo,complex,narrative,1.67,0.30
734,6,S6,Systemic Design,24,R24,Scenario Planning,8,P8,Technical Report,complex,sequential,2.00,0.30
735,6,S6,Systemic Design,24,R24,Scenario Planning,9,P9,Policy Brief,complex,narrative,2.00,0.37
736,6,S6,Systemic Design,24,R24,Scenario Planning,12,P12,Case Study,complex,narrative,2.00,0.33
737,6,S6,Systemic Design,24,R24,Scenario Planning,13,P13,Tutorial,complex,sequential,1.67,0.33
738,6,S6,Systemic Design,24,R24,Scenario Planning,15,P15,Dialogue,complex,narrative,2.00,0.33
739,6,S6,Systemic Design,24,R24,Scenario Planning,19,P19,Flowchart,complex,sequential,1.67,0.30
740,6,S6,Systemic Design,24,R24,Scenario Planning,20,P20,Gantt Chart,complex,sequential,1.67,0.37
741,6,S6,Systemic Design,24,R24,Scenario Planning,22,P22,Infographic,complex,narrative,1.67,0.33
742,6,S6,Systemic Design,24,R24,Scenario Planning,26,P26,Timeline,complex,sequential,1.67,0.30
743,6,S6,Systemic Design,24,R24,Scenario Planning,28,P28,Slide Deck,complex,narrative,1.67,0.30
744,6,S6,Systemic Design,24,R24,Scenario Planning,30,P30,Video,complex,narrative,2.00,0.33
745,6,S6,Systemic Design,24,R24,Scenario Planning,32,P32,Annotated Code,complex,sequential,2.00,0.43
746,6,S6,Systemic Design,24,R24,Scenario Planning,33,P33,Narrative Synthesis,complex,narrative,2.00,0.30
747,6,S6,Systemic Design,24,R24,Scenario Planning,34,P34,Scenario Narrative,complex,narrative,2.00,0.33
748,6,S6,Systemic Design,24,R24,Scenario Planning,35,P35,Dialogue Format,complex,narrative,2.00,0.33
749,6,S6,Systemic Design,24,R24,Scenario Planning,36,P36,Metaphorical Explanation,complex,narrative,2.00,0.33
750,6,S6,Systemic Design,25,R25,Counterfactual Analysis,6,P6,Memo,complex,narrative,1.67,0.30
751,6,S6,Systemic Design,25,R25,Counterfactual Analysis,9,P9,Policy Brief,complex,narrative,2.00,0.37
752,6,S6,Systemic Design,25,R25,Counterfactual Analysis,12,P12,Case Study,complex,narrative,2.00,0.33
753,6,S6,Systemic Design,25,R25,Counterfactual Analysis,15,P15,Dialogue,complex,narrative,2.00,0.33
754,6,S6,Systemic Design,25,R25,Counterfactual Analysis,22,P22,Infographic,complex,narrative,1.67,0.33
755,6,S6,Systemic Design,25,R25,Counterfactual Analysis,28,P28,Slide Deck,complex,narrative,1.67,0.30
756,6,S6,Systemic Design,25,R25,Counterfactual Analysis,30,P30,Video,complex,narrative,2.00,0.33
757,6,S6,Systemic Design,25,R25,Counterfactual Analysis,33,P33,Narrative Synthesis,complex,narrative,2.00,0.30
758,6,S6,Systemic Design,25,R25,Counterfactual Analysis,34,P34,Scenario Narrative,complex,narrative,2.00,0.33
759,6,S6,Systemic Design,25,R25,Counterfactual Analysis,35,P35,Dialogue Format,complex,narrative,2.00,0.33
760,6,S6,Systemic Design,25,R25,Counterfactual Analysis,36,P36,Metaphorical Explanation,complex,narrative,2.00,0.33
761,6,S6,Systemic Design,26,R26,Pre-mortem Analysis,6,P6,Memo,complex,qualitative,1.67,0.27
762,6,S6,Systemic Design,26,R26,Pre-mortem Analysis,8,P8,Technical Report,complex,qualitative,2.00,0.27
763,6,S6,Systemic Design,26,R26,Pre-mortem Analysis,10,P10,White Paper,complex,qualitative,2.00,0.30
764,6,S6,Systemic Design,26,R26,Pre-mortem Analysis,11,P11,Academic Paper,complex,qualitative,2.33,0.30
765,6,S6,Systemic Design,26,R26,Pre-mortem Analysis,12,P12,Case Study,complex,qualitative,2.00,0.30
766,6,S6,Systemic Design,26,R26,Pre-mortem Analysis,15,P15,Dialogue,complex,qualitative,2.00,0.30
767,6,S6,Systemic Design,26,R26,Pre-mortem Analysis,33,P33,Narrative Synthesis,complex,qualitative,2.00,0.27
768,6,S6,Systemic Design,26,R26,Pre-mortem Analysis,35,P35,Dialogue Format,complex,qualitative,2.00,0.30
769,6,S6,Systemic Design,28,R28,Red Team/Blue Team,7,P7,Executive Summary,complex,comparative,1.67,0.33
770,6,S6,Systemic Design,28,R28,Red Team/Blue Team,9,P9,Policy Brief,complex,comparative,2.00,0.40
771,6,S6,Systemic Design,28,R28,Red Team/Blue Team,16,P16,Comparative Table,complex,comparative,1.67,0.33
772,6,S6,Systemic Design,28,R28,Red Team/Blue Team,17,P17,Decision Matrix,complex,comparative,1.67,0.37
773,6,S6,Systemic Design,31,R31,Critical Thinking,6,P6,Memo,complex,qualitative,1.67,0.27
774,6,S6,Systemic Design,31,R31,Critical Thinking,8,P8,Technical Report,complex,qualitative,2.00,0.27
775,6,S6,Systemic Design,31,R31,Critical Thinking,10,P10,White Paper,complex,qualitative,2.00,0.30
776,6,S6,Systemic Design,31,R31,Critical Thinking,11,P11,Academic Paper,complex,qualitative,2.33,0.30
777,6,S6,Systemic Design,31,R31,Critical Thinking,12,P12,Case Study,complex,qualitative,2.00,0.30
778,6,S6,Systemic Design,31,R31,Critical Thinking,15,P15,Dialogue,complex,qualitative,2.00,0.30
779,6,S6,Systemic Design,31,R31,Critical Thinking,33,P33,Narrative Synthesis,complex,qualitative,2.00,0.27
780,6,S6,Systemic Design,31,R31,Critical Thinking,35,P35,Dialogue Format,complex,qualitative,2.00,0.30
781,6,S6,Systemic Design,36,R36,Delphi Method,6,P6,Memo,complex,qualitative,1.67,0.33
782,6,S6,Systemic Design,36,R36,Delphi Method,8,P8,Technical Report,complex,qualitative,2.00,0.33
783,6,S6,Systemic Design,36,R36,Delphi Method,10,P10,White Paper,complex,qualitative,2.00,0.37
784,6,S6,Systemic Design,36,R36,Delphi Method,11,P11,Academic Paper,complex,qualitative,2.33,0.37
785,6,S6,Systemic Design,36,R36,Delphi Method,12,P12,Case Study,complex,qualitative,2.00,0.37
786,6,S6,Systemic Design,36,R36,Delphi Method,15,P15,Dialogue,complex,qualitative,2.00,0.37
787,6,S6,Systemic Design,36,R36,Delphi Method,33,P33,Narrative Synthesis,complex,qualitative,2.00,0.33
788,6,S6,Systemic Design,36,R36,Delphi Method,35,P35,Dialogue Format,complex,qualitative,2.00,0.37
789,6,S6,Systemic Design,38,R38,Six Thinking Hats,6,P6,Memo,complex,qualitative,1.33,0.30
790,6,S6,Systemic Design,38,R38,Six Thinking Hats,8,P8,Technical Report,complex,qualitative,1.67,0.30
791,6,S6,Systemic Design,38,R38,Six Thinking Hats,10,P10,White Paper,complex,qualitative,1.67,0.33
792,6,S6,Systemic Design,38,R38,Six Thinking Hats,11,P11,Academic Paper,complex,qualitative,2.00,0.33
793,6,S6,Systemic Design,38,R38,Six Thinking Hats,12,P12,Case Study,complex,qualitative,1.67,0.33
794,6,S6,Systemic Design,38,R38,Six Thinking Hats,15,P15,Dialogue,complex,qualitative,1.67,0.33
795,6,S6,Systemic Design,38,R38,Six Thinking Hats,33,P33,Narrative Synthesis,complex,qualitative,1.67,0.30
796,6,S6,Systemic Design,38,R38,Six Thinking Hats,35,P35,Dialogue Format,complex,qualitative,1.67,0.33
797,7,S7,Hierarchy Analysis,1,R1,Deductive Reasoning,1,P1,Cornell Notes,complicated,conceptual,1.00,0.27
798,7,S7,Hierarchy Analysis,1,R1,Deductive Reasoning,2,P2,SQ3R,complicated,conceptual,1.00,0.30
799,7,S7,Hierarchy Analysis,1,R1,Deductive Reasoning,3,P3,CODE (Second Brain),complicated,conceptual,1.33,0.27
800,7,S7,Hierarchy Analysis,1,R1,Deductive Reasoning,4,P4,Progressive Summarization,complicated,conceptual,1.33,0.27
801,7,S7,Hierarchy Analysis,1,R1,Deductive Reasoning,6,P6,Memo,complicated,conceptual,1.00,0.20
802,7,S7,Hierarchy Analysis,1,R1,Deductive Reasoning,7,P7,Executive Summary,complicated,conceptual,1.00,0.20
803,7,S7,Hierarchy Analysis,1,R1,Deductive Reasoning,10,P10,White Paper,complicated,conceptual,1.33,0.23
804,7,S7,Hierarchy Analysis,1,R1,Deductive Reasoning,14,P14,FAQ,complicated,conceptual,1.00,0.20
805,7,S7,Hierarchy Analysis,1,R1,Deductive Reasoning,25,P25,Mind Map,complicated,conceptual,1.00,0.20
806,7,S7,Hierarchy Analysis,1,R1,Deductive Reasoning,28,P28,Slide Deck,complicated,conceptual,1.00,0.20
807,7,S7,Hierarchy Analysis,1,R1,Deductive Reasoning,36,P36,Metaphorical Explanation,complicated,conceptual,1.33,0.23
808,7,S7,Hierarchy Analysis,2,R2,Inductive Reasoning,6,P6,Memo,complicated,qualitative,1.33,0.20
809,7,S7,Hierarchy Analysis,2,R2,Inductive Reasoning,8,P8,Technical Report,complicated,qualitative,1.67,0.20
810,7,S7,Hierarchy Analysis,2,R2,Inductive Reasoning,10,P10,White Paper,complicated,qualitative,1.67,0.23
811,7,S7,Hierarchy Analysis,2,R2,Inductive Reasoning,11,P11,Academic Paper,complicated,qualitative,2.00,0.23
812,7,S7,Hierarchy Analysis,2,R2,Inductive Reasoning,12,P12,Case Study,complicated,qualitative,1.67,0.23
813,7,S7,Hierarchy Analysis,2,R2,Inductive Reasoning,15,P15,Dialogue,complicated,qualitative,1.67,0.23
814,7,S7,Hierarchy Analysis,2,R2,Inductive Reasoning,33,P33,Narrative Synthesis,complicated,qualitative,1.67,0.20
815,7,S7,Hierarchy Analysis,2,R2,Inductive Reasoning,35,P35,Dialogue Format,complicated,qualitative,1.67,0.23
816,7,S7,Hierarchy Analysis,3,R3,Abductive Reasoning,1,P1,Cornell Notes,complicated,conceptual,1.33,0.30
817,7,S7,Hierarchy Analysis,3,R3,Abductive Reasoning,2,P2,SQ3R,complicated,conceptual,1.33,0.33
818,7,S7,Hierarchy Analysis,3,R3,Abductive Reasoning,3,P3,CODE (Second Brain),complicated,conceptual,1.67,0.30
819,7,S7,Hierarchy Analysis,3,R3,Abductive Reasoning,4,P4,Progressive Summarization,complicated,conceptual,1.67,0.30
820,7,S7,Hierarchy Analysis,3,R3,Abductive Reasoning,6,P6,Memo,complicated,conceptual,1.33,0.23
821,7,S7,Hierarchy Analysis,3,R3,Abductive Reasoning,7,P7,Executive Summary,complicated,conceptual,1.33,0.23
822,7,S7,Hierarchy Analysis,3,R3,Abductive Reasoning,10,P10,White Paper,complicated,conceptual,1.67,0.27
823,7,S7,Hierarchy Analysis,3,R3,Abductive Reasoning,14,P14,FAQ,complicated,conceptual,1.33,0.23
824,7,S7,Hierarchy Analysis,3,R3,Abductive Reasoning,25,P25,Mind Map,complicated,conceptual,1.33,0.23
825,7,S7,Hierarchy Analysis,3,R3,Abductive Reasoning,28,P28,Slide Deck,complicated,conceptual,1.33,0.23
826,7,S7,Hierarchy Analysis,3,R3,Abductive Reasoning,36,P36,Metaphorical Explanation,complicated,conceptual,1.67,0.27
827,7,S7,Hierarchy Analysis,4,R4,Root Cause Analysis,1,P1,Cornell Notes,complicated,conceptual,1.33,0.30
828,7,S7,Hierarchy Analysis,4,R4,Root Cause Analysis,2,P2,SQ3R,complicated,conceptual,1.33,0.33
829,7,S7,Hierarchy Analysis,4,R4,Root Cause Analysis,3,P3,CODE (Second Brain),complicated,conceptual,1.67,0.30
830,7,S7,Hierarchy Analysis,4,R4,Root Cause Analysis,4,P4,Progressive Summarization,complicated,conceptual,1.67,0.30
831,7,S7,Hierarchy Analysis,4,R4,Root Cause Analysis,6,P6,Memo,complicated,conceptual,1.33,0.23
832,7,S7,Hierarchy Analysis,4,R4,Root Cause Analysis,7,P7,Executive Summary,complicated,conceptual,1.33,0.23
833,7,S7,Hierarchy Analysis,4,R4,Root Cause Analysis,10,P10,White Paper,complicated,conceptual,1.67,0.27
834,7,S7,Hierarchy Analysis,4,R4,Root Cause Analysis,14,P14,FAQ,complicated,conceptual,1.33,0.23
835,7,S7,Hierarchy Analysis,4,R4,Root Cause Analysis,25,P25,Mind Map,complicated,conceptual,1.33,0.23
836,7,S7,Hierarchy Analysis,4,R4,Root Cause Analysis,28,P28,Slide Deck,complicated,conceptual,1.33,0.23
837,7,S7,Hierarchy Analysis,4,R4,Root Cause Analysis,36,P36,Metaphorical Explanation,complicated,conceptual,1.67,0.27
838,7,S7,Hierarchy Analysis,5,R5,A3 Problem Solving,18,P18,Causal Diagram,complicated,visual,1.67,0.33
839,7,S7,Hierarchy Analysis,5,R5,A3 Problem Solving,19,P19,Flowchart,complicated,visual,1.33,0.30
840,7,S7,Hierarchy Analysis,5,R5,A3 Problem Solving,20,P20,Gantt Chart,complicated,visual,1.33,0.37
841,7,S7,Hierarchy Analysis,5,R5,A3 Problem Solving,21,P21,Dashboard,complicated,visual,1.67,0.33
842,7,S7,Hierarchy Analysis,5,R5,A3 Problem Solving,22,P22,Infographic,complicated,visual,1.33,0.33
843,7,S7,Hierarchy Analysis,5,R5,A3 Problem Solving,23,P23,Systems Diagram,complicated,visual,1.67,0.37
844,7,S7,Hierarchy Analysis,5,R5,A3 Problem Solving,24,P24,Network Graph,complicated,visual,1.67,0.37
845,7,S7,Hierarchy Analysis,5,R5,A3 Problem Solving,25,P25,Mind Map,complicated,visual,1.33,0.30
846,7,S7,Hierarchy Analysis,5,R5,A3 Problem Solving,26,P26,Timeline,complicated,visual,1.33,0.30
847,7,S7,Hierarchy Analysis,5,R5,A3 Problem Solving,27,P27,Fishbone Diagram,complicated,visual,1.33,0.37
848,7,S7,Hierarchy Analysis,5,R5,A3 Problem Solving,28,P28,Slide Deck,complicated,visual,1.33,0.30
849,7,S7,Hierarchy Analysis,5,R5,A3 Problem Solving,29,P29,Interactive Visualization,complicated,visual,2.00,0.37
850,7,S7,Hierarchy Analysis,5,R5,A3 Problem Solving,30,P30,Video,complicated,visual,1.67,0.33
851,7,S7,Hierarchy Analysis,5,R5,A3 Problem Solving,31,P31,Simulation,complicated,visual,2.00,0.40
852,7,S7,Hierarchy Analysis,6,R6,8D Problem Solving,5,P5,Checklist,complicated,sequential,1.33,0.37
853,7,S7,Hierarchy Analysis,6,R6,8D Problem Solving,8,P8,Technical Report,complicated,sequential,1.67,0.33
854,7,S7,Hierarchy Analysis,6,R6,8D Problem Solving,13,P13,Tutorial,complicated,sequential,1.33,0.37
855,7,S7,Hierarchy Analysis,6,R6,8D Problem Solving,19,P19,Flowchart,complicated,sequential,1.33,0.33
856,7,S7,Hierarchy Analysis,6,R6,8D Problem Solving,20,P20,Gantt Chart,complicated,sequential,1.33,0.40
857,7,S7,Hierarchy Analysis,6,R6,8D Problem Solving,26,P26,Timeline,complicated,sequential,1.33,0.33
858,7,S7,Hierarchy Analysis,6,R6,8D Problem Solving,32,P32,Annotated Code,complicated,sequential,1.67,0.47
859,7,S7,Hierarchy Analysis,7,R7,TRIZ,1,P1,Cornell Notes,complicated,conceptual,1.67,0.37
860,7,S7,Hierarchy Analysis,7,R7,TRIZ,2,P2,SQ3R,complicated,conceptual,1.67,0.40
861,7,S7,Hierarchy Analysis,7,R7,TRIZ,3,P3,CODE (Second Brain),complicated,conceptual,2.00,0.37
862,7,S7,Hierarchy Analysis,7,R7,TRIZ,4,P4,Progressive Summarization,complicated,conceptual,2.00,0.37
863,7,S7,Hierarchy Analysis,7,R7,TRIZ,6,P6,Memo,complicated,conceptual,1.67,0.30
864,7,S7,Hierarchy Analysis,7,R7,TRIZ,7,P7,Executive Summary,complicated,conceptual,1.67,0.30
865,7,S7,Hierarchy Analysis,7,R7,TRIZ,10,P10,White Paper,complicated,conceptual,2.00,0.33
866,7,S7,Hierarchy Analysis,7,R7,TRIZ,14,P14,FAQ,complicated,conceptual,1.67,0.30
867,7,S7,Hierarchy Analysis,7,R7,TRIZ,25,P25,Mind Map,complicated,conceptual,1.67,0.30
868,7,S7,Hierarchy Analysis,7,R7,TRIZ,28,P28,Slide Deck,complicated,conceptual,1.67,0.30
869,7,S7,Hierarchy Analysis,7,R7,TRIZ,36,P36,Metaphorical Explanation,complicated,conceptual,2.00,0.33
870,7,S7,Hierarchy Analysis,9,R9,OODA Loop,5,P5,Checklist,complicated,sequential,1.33,0.30
871,7,S7,Hierarchy Analysis,9,R9,OODA Loop,8,P8,Technical Report,complicated,sequential,1.67,0.27
872,7,S7,Hierarchy Analysis,9,R9,OODA Loop,13,P13,Tutorial,complicated,sequential,1.33,0.30
873,7,S7,Hierarchy Analysis,9,R9,OODA Loop,19,P19,Flowchart,complicated,sequential,1.33,0.27
874,7,S7,Hierarchy Analysis,9,R9,OODA Loop,20,P20,Gantt Chart,complicated,sequential,1.33,0.33
875,7,S7,Hierarchy Analysis,9,R9,OODA Loop,26,P26,Timeline,complicated,sequential,1.33,0.27
876,7,S7,Hierarchy Analysis,9,R9,OODA Loop,32,P32,Annotated Code,complicated,sequential,1.67,0.40
877,7,S7,Hierarchy Analysis,10,R10,PDCA,5,P5,Checklist,complicated,sequential,1.00,0.27
878,7,S7,Hierarchy Analysis,10,R10,PDCA,8,P8,Technical Report,complicated,sequential,1.33,0.23
879,7,S7,Hierarchy Analysis,10,R10,PDCA,13,P13,Tutorial,complicated,sequential,1.00,0.27
880,7,S7,Hierarchy Analysis,10,R10,PDCA,19,P19,Flowchart,complicated,sequential,1.00,0.23
881,7,S7,Hierarchy Analysis,10,R10,PDCA,20,P20,Gantt Chart,complicated,sequential,1.00,0.30
882,7,S7,Hierarchy Analysis,10,R10,PDCA,26,P26,Timeline,complicated,sequential,1.00,0.23
883,7,S7,Hierarchy Analysis,10,R10,PDCA,32,P32,Annotated Code,complicated,sequential,1.33,0.37
884,7,S7,Hierarchy Analysis,11,R11,GROW Model,5,P5,Checklist,complicated,sequential,1.00,0.33
885,7,S7,Hierarchy Analysis,11,R11,GROW Model,8,P8,Technical Report,complicated,sequential,1.33,0.30
886,7,S7,Hierarchy Analysis,11,R11,GROW Model,13,P13,Tutorial,complicated,sequential,1.00,0.33
887,7,S7,Hierarchy Analysis,11,R11,GROW Model,19,P19,Flowchart,complicated,sequential,1.00,0.30
888,7,S7,Hierarchy Analysis,11,R11,GROW Model,20,P20,Gantt Chart,complicated,sequential,1.00,0.37
889,7,S7,Hierarchy Analysis,11,R11,GROW Model,26,P26,Timeline,complicated,sequential,1.00,0.30
890,7,S7,Hierarchy Analysis,11,R11,GROW Model,32,P32,Annotated Code,complicated,sequential,1.33,0.43
891,7,S7,Hierarchy Analysis,12,R12,Scientific Method,5,P5,Checklist,complicated,sequential,1.33,0.23
892,7,S7,Hierarchy Analysis,12,R12,Scientific Method,8,P8,Technical Report,complicated,sequential,1.67,0.20
893,7,S7,Hierarchy Analysis,12,R12,Scientific Method,13,P13,Tutorial,complicated,sequential,1.33,0.23
894,7,S7,Hierarchy Analysis,12,R12,Scientific Method,19,P19,Flowchart,complicated,sequential,1.33,0.20
895,7,S7,Hierarchy Analysis,12,R12,Scientific Method,20,P20,Gantt Chart,complicated,sequential,1.33,0.27
896,7,S7,Hierarchy Analysis,12,R12,Scientific Method,26,P26,Timeline,complicated,sequential,1.33,0.20
897,7,S7,Hierarchy Analysis,12,R12,Scientific Method,32,P32,Annotated Code,complicated,sequential,1.67,0.33
898,7,S7,Hierarchy Analysis,13,R13,MCDA,7,P7,Executive Summary,complicated,comparative,1.33,0.23
899,7,S7,Hierarchy Analysis,13,R13,MCDA,8,P8,Technical Report,complicated,quantitative,1.67,0.23
900,7,S7,Hierarchy Analysis,13,R13,MCDA,9,P9,Policy Brief,complicated,comparative,1.67,0.30
901,7,S7,Hierarchy Analysis,13,R13,MCDA,11,P11,Academic Paper,complicated,quantitative,2.00,0.27
902,7,S7,Hierarchy Analysis,13,R13,MCDA,16,P16,Comparative Table,complicated,comparative,1.33,0.23
903,7,S7,Hierarchy Analysis,13,R13,MCDA,17,P17,Decision Matrix,complicated,comparative; quantitative,1.33,0.27
904,7,S7,Hierarchy Analysis,13,R13,MCDA,21,P21,Dashboard,complicated,quantitative,1.67,0.27
905,7,S7,Hierarchy Analysis,13,R13,MCDA,29,P29,Interactive Visualization,complicated,quantitative,2.00,0.30
906,7,S7,Hierarchy Analysis,13,R13,MCDA,31,P31,Simulation,complicated,quantitative,2.00,0.33
907,7,S7,Hierarchy Analysis,18,R18,Hypothesis Testing,8,P8,Technical Report,complicated,quantitative,1.67,0.23
908,7,S7,Hierarchy Analysis,18,R18,Hypothesis Testing,11,P11,Academic Paper,complicated,quantitative,2.00,0.27
909,7,S7,Hierarchy Analysis,18,R18,Hypothesis Testing,17,P17,Decision Matrix,complicated,quantitative,1.33,0.27
910,7,S7,Hierarchy Analysis,18,R18,Hypothesis Testing,21,P21,Dashboard,complicated,quantitative,1.67,0.27
911,7,S7,Hierarchy Analysis,18,R18,Hypothesis Testing,29,P29,Interactive Visualization,complicated,quantitative,2.00,0.30
912,7,S7,Hierarchy Analysis,18,R18,Hypothesis Testing,31,P31,Simulation,complicated,quantitative,2.00,0.33
913,7,S7,Hierarchy Analysis,20,R20,Sensitivity Analysis,8,P8,Technical Report,complicated,quantitative,1.67,0.23
914,7,S7,Hierarchy Analysis,20,R20,Sensitivity Analysis,11,P11,Academic Paper,complicated,quantitative,2.00,0.27
915,7,S7,Hierarchy Analysis,20,R20,Sensitivity Analysis,17,P17,Decision Matrix,complicated,quantitative,1.33,0.27
916,7,S7,Hierarchy Analysis,20,R20,Sensitivity Analysis,21,P21,Dashboard,complicated,quantitative,1.67,0.27
917,7,S7,Hierarchy Analysis,20,R20,Sensitivity Analysis,29,P29,Interactive Visualization,complicated,quantitative,2.00,0.30
918,7,S7,Hierarchy Analysis,20,R20,Sensitivity Analysis,31,P31,Simulation,complicated,quantitative,2.00,0.33
919,7,S7,Hierarchy Analysis,21,R21,Analogical Reasoning,1,P1,Cornell Notes,complicated,conceptual,1.33,0.27
920,7,S7,Hierarchy Analysis,21,R21,Analogical Reasoning,2,P2,SQ3R,complicated,conceptual,1.33,0.30
921,7,S7,Hierarchy Analysis,21,R21,Analogical Reasoning,3,P3,CODE (Second Brain),complicated,conceptual,1.67,0.27
922,7,S7,Hierarchy Analysis,21,R21,Analogical Reasoning,4,P4,Progressive Summarization,complicated,conceptual,1.67,0.27
923,7,S7,Hierarchy Analysis,21,R21,Analogical Reasoning,6,P6,Memo,complicated,conceptual,1.33,0.20
924,7,S7,Hierarchy Analysis,21,R21,Analogical Reasoning,7,P7,Executive Summary,complicated,conceptual,1.33,0.20
925,7,S7,Hierarchy Analysis,21,R21,Analogical Reasoning,10,P10,White Paper,complicated,conceptual,1.67,0.23
926,7,S7,Hierarchy Analysis,21,R21,Analogical Reasoning,14,P14,FAQ,complicated,conceptual,1.33,0.20
927,7,S7,Hierarchy Analysis,21,R21,Analogical Reasoning,25,P25,Mind Map,complicated,conceptual,1.33,0.20
928,7,S7,Hierarchy Analysis,21,R21,Analogical Reasoning,28,P28,Slide Deck,complicated,conceptual,1.33,0.20
929,7,S7,Hierarchy Analysis,21,R21,Analogical Reasoning,36,P36,Metaphorical Explanation,complicated,conceptual,1.67,0.23
930,7,S7,Hierarchy Analysis,22,R22,Case-Based Reasoning,7,P7,Executive Summary,complicated,comparative,1.33,0.23
931,7,S7,Hierarchy Analysis,22,R22,Case-Based Reasoning,9,P9,Policy Brief,complicated,comparative,1.67,0.30
932,7,S7,Hierarchy Analysis,22,R22,Case-Based Reasoning,16,P16,Comparative Table,complicated,comparative,1.33,0.23
933,7,S7,Hierarchy Analysis,22,R22,Case-Based Reasoning,17,P17,Decision Matrix,complicated,comparative,1.33,0.27
934,7,S7,Hierarchy Analysis,23,R23,Benchmarking,7,P7,Executive Summary,complicated,comparative,1.00,0.23
935,7,S7,Hierarchy Analysis,23,R23,Benchmarking,9,P9,Policy Brief,complicated,comparative,1.33,0.30
936,7,S7,Hierarchy Analysis,23,R23,Benchmarking,16,P16,Comparative Table,complicated,comparative,1.00,0.23
937,7,S7,Hierarchy Analysis,23,R23,Benchmarking,17,P17,Decision Matrix,complicated,comparative,1.00,0.27
938,7,S7,Hierarchy Analysis,25,R25,Counterfactual Analysis,6,P6,Memo,complicated,narrative,1.33,0.23
939,7,S7,Hierarchy Analysis,25,R25,Counterfactual Analysis,9,P9,Policy Brief,complicated,narrative,1.67,0.30
940,7,S7,Hierarchy Analysis,25,R25,Counterfactual Analysis,12,P12,Case Study,complicated,narrative,1.67,0.27
941,7,S7,Hierarchy Analysis,25,R25,Counterfactual Analysis,15,P15,Dialogue,complicated,narrative,1.67,0.27
942,7,S7,Hierarchy Analysis,25,R25,Counterfactual Analysis,22,P22,Infographic,complicated,narrative,1.33,0.27
943,7,S7,Hierarchy Analysis,25,R25,Counterfactual Analysis,28,P28,Slide Deck,complicated,narrative,1.33,0.23
944,7,S7,Hierarchy Analysis,25,R25,Counterfactual Analysis,30,P30,Video,complicated,narrative,1.67,0.27
945,7,S7,Hierarchy Analysis,25,R25,Counterfactual Analysis,33,P33,Narrative Synthesis,complicated,narrative,1.67,0.23
946,7,S7,Hierarchy Analysis,25,R25,Counterfactual Analysis,34,P34,Scenario Narrative,complicated,narrative,1.67,0.27
947,7,S7,Hierarchy Analysis,25,R25,Counterfactual Analysis,35,P35,Dialogue Format,complicated,narrative,1.67,0.27
948,7,S7,Hierarchy Analysis,25,R25,Counterfactual Analysis,36,P36,Metaphorical Explanation,complicated,narrative,1.67,0.27
949,7,S7,Hierarchy Analysis,26,R26,Pre-mortem Analysis,6,P6,Memo,complicated,qualitative,1.33,0.20
950,7,S7,Hierarchy Analysis,26,R26,Pre-mortem Analysis,8,P8,Technical Report,complicated,qualitative,1.67,0.20
951,7,S7,Hierarchy Analysis,26,R26,Pre-mortem Analysis,10,P10,White Paper,complicated,qualitative,1.67,0.23
952,7,S7,Hierarchy Analysis,26,R26,Pre-mortem Analysis,11,P11,Academic Paper,complicated,qualitative,2.00,0.23
953,7,S7,Hierarchy Analysis,26,R26,Pre-mortem Analysis,12,P12,Case Study,complicated,qualitative,1.67,0.23
954,7,S7,Hierarchy Analysis,26,R26,Pre-mortem Analysis,15,P15,Dialogue,complicated,qualitative,1.67,0.23
955,7,S7,Hierarchy Analysis,26,R26,Pre-mortem Analysis,33,P33,Narrative Synthesis,complicated,qualitative,1.67,0.20
956,7,S7,Hierarchy Analysis,26,R26,Pre-mortem Analysis,35,P35,Dialogue Format,complicated,qualitative,1.67,0.23
957,7,S7,Hierarchy Analysis,27,R27,Post-mortem Analysis,6,P6,Memo,complicated,qualitative,1.00,0.23
958,7,S7,Hierarchy Analysis,27,R27,Post-mortem Analysis,8,P8,Technical Report,complicated,qualitative,1.33,0.23
959,7,S7,Hierarchy Analysis,27,R27,Post-mortem Analysis,10,P10,White Paper,complicated,qualitative,1.33,0.27
960,7,S7,Hierarchy Analysis,27,R27,Post-mortem Analysis,11,P11,Academic Paper,complicated,qualitative,1.67,0.27
961,7,S7,Hierarchy Analysis,27,R27,Post-mortem Analysis,12,P12,Case Study,complicated,qualitative,1.33,0.27
962,7,S7,Hierarchy Analysis,27,R27,Post-mortem Analysis,15,P15,Dialogue,complicated,qualitative,1.33,0.27
963,7,S7,Hierarchy Analysis,27,R27,Post-mortem Analysis,33,P33,Narrative Synthesis,complicated,qualitative,1.33,0.23
964,7,S7,Hierarchy Analysis,27,R27,Post-mortem Analysis,35,P35,Dialogue Format,complicated,qualitative,1.33,0.27
965,7,S7,Hierarchy Analysis,28,R28,Red Team/Blue Team,7,P7,Executive Summary,complicated,comparative,1.33,0.27
966,7,S7,Hierarchy Analysis,28,R28,Red Team/Blue Team,9,P9,Policy Brief,complicated,comparative,1.67,0.33
967,7,S7,Hierarchy Analysis,28,R28,Red Team/Blue Team,16,P16,Comparative Table,complicated,comparative,1.33,0.27
968,7,S7,Hierarchy Analysis,28,R28,Red Team/Blue Team,17,P17,Decision Matrix,complicated,comparative,1.33,0.30
969,7,S7,Hierarchy Analysis,29,R29,Devil's Advocate,6,P6,Memo,complicated,qualitative,1.00,0.20
970,7,S7,Hierarchy Analysis,29,R29,Devil's Advocate,8,P8,Technical Report,complicated,qualitative,1.33,0.20
971,7,S7,Hierarchy Analysis,29,R29,Devil's Advocate,10,P10,White Paper,complicated,qualitative,1.33,0.23
972,7,S7,Hierarchy Analysis,29,R29,Devil's Advocate,11,P11,Academic Paper,complicated,qualitative,1.67,0.23
973,7,S7,Hierarchy Analysis,29,R29,Devil's Advocate,12,P12,Case Study,complicated,qualitative,1.33,0.23
974,7,S7,Hierarchy Analysis,29,R29,Devil's Advocate,15,P15,Dialogue,complicated,qualitative,1.33,0.23
975,7,S7,Hierarchy Analysis,29,R29,Devil's Advocate,33,P33,Narrative Synthesis,complicated,qualitative,1.33,0.20
976,7,S7,Hierarchy Analysis,29,R29,Devil's Advocate,35,P35,Dialogue Format,complicated,qualitative,1.33,0.23
977,7,S7,Hierarchy Analysis,31,R31,Critical Thinking,6,P6,Memo,complicated,qualitative,1.33,0.20
978,7,S7,Hierarchy Analysis,31,R31,Critical Thinking,8,P8,Technical Report,complicated,qualitative,1.67,0.20
979,7,S7,Hierarchy Analysis,31,R31,Critical Thinking,10,P10,White Paper,complicated,qualitative,1.67,0.23
980,7,S7,Hierarchy Analysis,31,R31,Critical Thinking,11,P11,Academic Paper,complicated,qualitative,2.00,0.23
981,7,S7,Hierarchy Analysis,31,R31,Critical Thinking,12,P12,Case Study,complicated,qualitative,1.67,0.23
982,7,S7,Hierarchy Analysis,31,R31,Critical Thinking,15,P15,Dialogue,complicated,qualitative,1.67,0.23
983,7,S7,Hierarchy Analysis,31,R31,Critical Thinking,33,P33,Narrative Synthesis,complicated,qualitative,1.67,0.20
984,7,S7,Hierarchy Analysis,31,R31,Critical Thinking,35,P35,Dialogue Format,complicated,qualitative,1.67,0.23
985,7,S7,Hierarchy Analysis,32,R32,FMEA,7,P7,Executive Summary,complicated,comparative,1.33,0.30
986,7,S7,Hierarchy Analysis,32,R32,FMEA,8,P8,Technical Report,complicated,quantitative,1.67,0.30
987,7,S7,Hierarchy Analysis,32,R32,FMEA,9,P9,Policy Brief,complicated,comparative,1.67,0.37
988,7,S7,Hierarchy Analysis,32,R32,FMEA,11,P11,Academic Paper,complicated,quantitative,2.00,0.33
989,7,S7,Hierarchy Analysis,32,R32,FMEA,16,P16,Comparative Table,complicated,comparative,1.33,0.30
990,7,S7,Hierarchy Analysis,32,R32,FMEA,17,P17,Decision Matrix,complicated,comparative; quantitative,1.33,0.33
991,7,S7,Hierarchy Analysis,32,R32,FMEA,21,P21,Dashboard,complicated,quantitative,1.67,0.33
992,7,S7,Hierarchy Analysis,32,R32,FMEA,29,P29,Interactive Visualization,complicated,quantitative,2.00,0.37
993,7,S7,Hierarchy Analysis,32,R32,FMEA,31,P31,Simulation,complicated,quantitative,2.00,0.40
994,7,S7,Hierarchy Analysis,33,R33,Fault Tree Analysis,18,P18,Causal Diagram,complicated,visual,1.67,0.33
995,7,S7,Hierarchy Analysis,33,R33,Fault Tree Analysis,19,P19,Flowchart,complicated,visual,1.33,0.30
996,7,S7,Hierarchy Analysis,33,R33,Fault Tree Analysis,20,P20,Gantt Chart,complicated,visual,1.33,0.37
997,7,S7,Hierarchy Analysis,33,R33,Fault Tree Analysis,21,P21,Dashboard,complicated,visual,1.67,0.33
998,7,S7,Hierarchy Analysis,33,R33,Fault Tree Analysis,22,P22,Infographic,complicated,visual,1.33,0.33
999,7,S7,Hierarchy Analysis,33,R33,Fault Tree Analysis,23,P23,Systems Diagram,complicated,visual,1.67,0.37
1000,7,S7,Hierarchy Analysis,33,R33,Fault Tree Analysis,24,P24,Network Graph,complicated,visual,1.67,0.37
1001,7,S7,Hierarchy Analysis,33,R33,Fault Tree Analysis,25,P25,Mind Map,complicated,visual,1.33,0.30
1002,7,S7,Hierarchy Analysis,33,R33,Fault Tree Analysis,26,P26,Timeline,complicated,visual,1.33,0.30
1003,7,S7,Hierarchy Analysis,33,R33,Fault Tree Analysis,27,P27,Fishbone Diagram,complicated,visual,1.33,0.37
1004,7,S7,Hierarchy Analysis,33,R33,Fault Tree Analysis,28,P28,Slide Deck,complicated,visual,1.33,0.30
1005,7,S7,Hierarchy Analysis,33,R33,Fault Tree Analysis,29,P29,Interactive Visualization,complicated,visual,2.00,0.37
1006,7,S7,Hierarchy Analysis,33,R33,Fault Tree Analysis,30,P30,Video,complicated,visual,1.67,0.33
1007,7,S7,Hierarchy Analysis,33,R33,Fault Tree Analysis,31,P31,Simulation,complicated,visual,2.00,0.40
1008,7,S7,Hierarchy Analysis,34,R34,Event Tree Analysis,5,P5,Checklist,complicated,sequential,1.33,0.33
1009,7,S7,Hierarchy Analysis,34,R34,Event Tree Analysis,8,P8,Technical Report,complicated,sequential,1.67,0.30
1010,7,S7,Hierarchy Analysis,34,R34,Event Tree Analysis,13,P13,Tutorial,complicated,sequential,1.33,0.33
1011,7,S7,Hierarchy Analysis,34,R34,Event Tree Analysis,19,P19,Flowchart,complicated,sequential,1.33,0.30
1012,7,S7,Hierarchy Analysis,34,R34,Event Tree Analysis,20,P20,Gantt Chart,complicated,sequential,1.33,0.37
1013,7,S7,Hierarchy Analysis,34,R34,Event Tree Analysis,26,P26,Timeline,complicated,sequential,1.33,0.30
1014,7,S7,Hierarchy Analysis,34,R34,Event Tree Analysis,32,P32,Annotated Code,complicated,sequential,1.67,0.43
1015,7,S7,Hierarchy Analysis,35,R35,Bow-Tie Analysis,18,P18,Causal Diagram,complicated,visual,1.67,0.33
1016,7,S7,Hierarchy Analysis,35,R35,Bow-Tie Analysis,19,P19,Flowchart,complicated,visual,1.33,0.30
1017,7,S7,Hierarchy Analysis,35,R35,Bow-Tie Analysis,20,P20,Gantt Chart,complicated,visual,1.33,0.37
1018,7,S7,Hierarchy Analysis,35,R35,Bow-Tie Analysis,21,P21,Dashboard,complicated,visual,1.67,0.33
1019,7,S7,Hierarchy Analysis,35,R35,Bow-Tie Analysis,22,P22,Infographic,complicated,visual,1.33,0.33
1020,7,S7,Hierarchy Analysis,35,R35,Bow-Tie Analysis,23,P23,Systems Diagram,complicated,visual,1.67,0.37
1021,7,S7,Hierarchy Analysis,35,R35,Bow-Tie Analysis,24,P24,Network Graph,complicated,visual,1.67,0.37
1022,7,S7,Hierarchy Analysis,35,R35,Bow-Tie Analysis,25,P25,Mind Map,complicated,visual,1.33,0.30
1023,7,S7,Hierarchy Analysis,35,R35,Bow-Tie Analysis,26,P26,Timeline,complicated,visual,1.33,0.30
1024,7,S7,Hierarchy Analysis,35,R35,Bow-Tie Analysis,27,P27,Fishbone Diagram,complicated,visual,1.33,0.37
1025,7,S7,Hierarchy Analysis,35,R35,Bow-Tie Analysis,28,P28,Slide Deck,complicated,visual,1.33,0.30
1026,7,S7,Hierarchy Analysis,35,R35,Bow-Tie Analysis,29,P29,Interactive Visualization,complicated,visual,2.00,0.37
1027,7,S7,Hierarchy Analysis,35,R35,Bow-Tie Analysis,30,P30,Video,complicated,visual,1.67,0.33
1028,7,S7,Hierarchy Analysis,35,R35,Bow-Tie Analysis,31,P31,Simulation,complicated,visual,2.00,0.40
1029,7,S7,Hierarchy Analysis,37,R37,Nominal Group Technique,6,P6,Memo,complicated,qualitative,1.00,0.23
1030,7,S7,Hierarchy Analysis,37,R37,Nominal Group Technique,8,P8,Technical Report,complicated,qualitative,1.33,0.23
1031,7,S7,Hierarchy Analysis,37,R37,Nominal Group Technique,10,P10,White Paper,complicated,qualitative,1.33,0.27
1032,7,S7,Hierarchy Analysis,37,R37,Nominal Group Technique,11,P11,Academic Paper,complicated,qualitative,1.67,0.27
1033,7,S7,Hierarchy Analysis,37,R37,Nominal Group Technique,12,P12,Case Study,complicated,qualitative,1.33,0.27
1034,7,S7,Hierarchy Analysis,37,R37,Nominal Group Technique,15,P15,Dialogue,complicated,qualitative,1.33,0.27
1035,7,S7,Hierarchy Analysis,37,R37,Nominal Group Technique,33,P33,Narrative Synthesis,complicated,qualitative,1.33,0.23
1036,7,S7,Hierarchy Analysis,37,R37,Nominal Group Technique,35,P35,Dialogue Format,complicated,qualitative,1.33,0.27
1037,7,S7,Hierarchy Analysis,38,R38,Six Thinking Hats,6,P6,Memo,complicated,qualitative,1.00,0.23
1038,7,S7,Hierarchy Analysis,38,R38,Six Thinking Hats,8,P8,Technical Report,complicated,qualitative,1.33,0.23
1039,7,S7,Hierarchy Analysis,38,R38,Six Thinking Hats,10,P10,White Paper,complicated,qualitative,1.33,0.27
1040,7,S7,Hierarchy Analysis,38,R38,Six Thinking Hats,11,P11,Academic Paper,complicated,qualitative,1.67,0.27
1041,7,S7,Hierarchy Analysis,38,R38,Six Thinking Hats,12,P12,Case Study,complicated,qualitative,1.33,0.27
1042,7,S7,Hierarchy Analysis,38,R38,Six Thinking Hats,15,P15,Dialogue,complicated,qualitative,1.33,0.27
1043,7,S7,Hierarchy Analysis,38,R38,Six Thinking Hats,33,P33,Narrative Synthesis,complicated,qualitative,1.33,0.23
1044,7,S7,Hierarchy Analysis,38,R38,Six Thinking Hats,35,P35,Dialogue Format,complicated,qualitative,1.33,0.27
1045,7,S7,Hierarchy Analysis,39,R39,Linear Programming,8,P8,Technical Report,complicated,quantitative,2.00,0.30
1046,7,S7,Hierarchy Analysis,39,R39,Linear Programming,11,P11,Academic Paper,complicated,quantitative,2.33,0.33
1047,7,S7,Hierarchy Analysis,39,R39,Linear Programming,17,P17,Decision Matrix,complicated,quantitative,1.67,0.33
1048,7,S7,Hierarchy Analysis,39,R39,Linear Programming,21,P21,Dashboard,complicated,quantitative,2.00,0.33
1049,7,S7,Hierarchy Analysis,39,R39,Linear Programming,29,P29,Interactive Visualization,complicated,quantitative,2.33,0.37
1050,7,S7,Hierarchy Analysis,39,R39,Linear Programming,31,P31,Simulation,complicated,quantitative,2.33,0.40
1051,7,S7,Hierarchy Analysis,40,R40,Decision Trees,5,P5,Checklist,complicated,sequential,1.33,0.27
1052,7,S7,Hierarchy Analysis,40,R40,Decision Trees,8,P8,Technical Report,complicated,sequential,1.67,0.23
1053,7,S7,Hierarchy Analysis,40,R40,Decision Trees,13,P13,Tutorial,complicated,sequential,1.33,0.27
1054,7,S7,Hierarchy Analysis,40,R40,Decision Trees,18,P18,Causal Diagram,complicated,visual,1.67,0.27
1055,7,S7,Hierarchy Analysis,40,R40,Decision Trees,19,P19,Flowchart,complicated,sequential; visual,1.33,0.23
1056,7,S7,Hierarchy Analysis,40,R40,Decision Trees,20,P20,Gantt Chart,complicated,sequential; visual,1.33,0.30
1057,7,S7,Hierarchy Analysis,40,R40,Decision Trees,21,P21,Dashboard,complicated,visual,1.67,0.27
1058,7,S7,Hierarchy Analysis,40,R40,Decision Trees,22,P22,Infographic,complicated,visual,1.33,0.27
1059,7,S7,Hierarchy Analysis,40,R40,Decision Trees,23,P23,Systems Diagram,complicated,visual,1.67,0.30
1060,7,S7,Hierarchy Analysis,40,R40,Decision Trees,24,P24,Network Graph,complicated,visual,1.67,0.30
1061,7,S7,Hierarchy Analysis,40,R40,Decision Trees,25,P25,Mind Map,complicated,visual,1.33,0.23
1062,7,S7,Hierarchy Analysis,40,R40,Decision Trees,26,P26,Timeline,complicated,sequential; visual,1.33,0.23
1063,7,S7,Hierarchy Analysis,40,R40,Decision Trees,27,P27,Fishbone Diagram,complicated,visual,1.33,0.30
1064,7,S7,Hierarchy Analysis,40,R40,Decision Trees,28,P28,Slide Deck,complicated,visual,1.33,0.23
1065,7,S7,Hierarchy Analysis,40,R40,Decision Trees,29,P29,Interactive Visualization,complicated,visual,2.00,0.30
1066,7,S7,Hierarchy Analysis,40,R40,Decision Trees,30,P30,Video,complicated,visual,1.67,0.27
1067,7,S7,Hierarchy Analysis,40,R40,Decision Trees,31,P31,Simulation,complicated,visual,2.00,0.33
1068,7,S7,Hierarchy Analysis,40,R40,Decision Trees,32,P32,Annotated Code,complicated,sequential,1.67,0.37
1069,7,S7,Hierarchy Analysis,41,R41,Cost-Benefit Analysis,7,P7,Executive Summary,complicated,comparative,1.33,0.23
1070,7,S7,Hierarchy Analysis,41,R41,Cost-Benefit Analysis,8,P8,Technical Report,complicated,quantitative,1.67,0.23
1071,7,S7,Hierarchy Analysis,41,R41,Cost-Benefit Analysis,9,P9,Policy Brief,complicated,comparative,1.67,0.30
1072,7,S7,Hierarchy Analysis,41,R41,Cost-Benefit Analysis,11,P11,Academic Paper,complicated,quantitative,2.00,0.27
1073,7,S7,Hierarchy Analysis,41,R41,Cost-Benefit Analysis,16,P16,Comparative Table,complicated,comparative,1.33,0.23
1074,7,S7,Hierarchy Analysis,41,R41,Cost-Benefit Analysis,17,P17,Decision Matrix,complicated,comparative; quantitative,1.33,0.27
1075,7,S7,Hierarchy Analysis,41,R41,Cost-Benefit Analysis,21,P21,Dashboard,complicated,quantitative,1.67,0.27
1076,7,S7,Hierarchy Analysis,41,R41,Cost-Benefit Analysis,29,P29,Interactive Visualization,complicated,quantitative,2.00,0.30
1077,7,S7,Hierarchy Analysis,41,R41,Cost-Benefit Analysis,31,P31,Simulation,complicated,quantitative,2.00,0.33
1078,7,S7,Hierarchy Analysis,42,R42,Trade-off Analysis,7,P7,Executive Summary,complicated,comparative,1.33,0.20
1079,7,S7,Hierarchy Analysis,42,R42,Trade-off Analysis,9,P9,Policy Brief,complicated,comparative,1.67,0.27
1080,7,S7,Hierarchy Analysis,42,R42,Trade-off Analysis,16,P16,Comparative Table,complicated,comparative,1.33,0.20
1081,7,S7,Hierarchy Analysis,42,R42,Trade-off Analysis,17,P17,Decision Matrix,complicated,comparative,1.33,0.23
1082,8,S8,Complex Systems Analysis,3,R3,Abductive Reasoning,1,P1,Cornell Notes,complex,conceptual,2.00,0.37
1083,8,S8,Complex Systems Analysis,3,R3,Abductive Reasoning,2,P2,SQ3R,complex,conceptual,2.00,0.40
1084,8,S8,Complex Systems Analysis,3,R3,Abductive Reasoning,3,P3,CODE (Second Brain),complex,conceptual,2.33,0.37
1085,8,S8,Complex Systems Analysis,3,R3,Abductive Reasoning,4,P4,Progressive Summarization,complex,conceptual,2.33,0.37
1086,8,S8,Complex Systems Analysis,3,R3,Abductive Reasoning,6,P6,Memo,complex,conceptual,2.00,0.30
1087,8,S8,Complex Systems Analysis,3,R3,Abductive Reasoning,7,P7,Executive Summary,complex,conceptual,2.00,0.30
1088,8,S8,Complex Systems Analysis,3,R3,Abductive Reasoning,10,P10,White Paper,complex,conceptual,2.33,0.33
1089,8,S8,Complex Systems Analysis,3,R3,Abductive Reasoning,14,P14,FAQ,complex,conceptual,2.00,0.30
1090,8,S8,Complex Systems Analysis,3,R3,Abductive Reasoning,25,P25,Mind Map,complex,conceptual,2.00,0.30
1091,8,S8,Complex Systems Analysis,3,R3,Abductive Reasoning,28,P28,Slide Deck,complex,conceptual,2.00,0.30
1092,8,S8,Complex Systems Analysis,3,R3,Abductive Reasoning,36,P36,Metaphorical Explanation,complex,conceptual,2.33,0.33
1093,8,S8,Complex Systems Analysis,8,R8,Design Thinking,5,P5,Checklist,complex,sequential,2.00,0.33
1094,8,S8,Complex Systems Analysis,8,R8,Design Thinking,6,P6,Memo,complex,qualitative,2.00,0.30
1095,8,S8,Complex Systems Analysis,8,R8,Design Thinking,8,P8,Technical Report,complex,qualitative; sequential,2.33,0.30
1096,8,S8,Complex Systems Analysis,8,R8,Design Thinking,10,P10,White Paper,complex,qualitative,2.33,0.33
1097,8,S8,Complex Systems Analysis,8,R8,Design Thinking,11,P11,Academic Paper,complex,qualitative,2.67,0.33
1098,8,S8,Complex Systems Analysis,8,R8,Design Thinking,12,P12,Case Study,complex,qualitative,2.33,0.33
1099,8,S8,Complex Systems Analysis,8,R8,Design Thinking,13,P13,Tutorial,complex,sequential,2.00,0.33
1100,8,S8,Complex Systems Analysis,8,R8,Design Thinking,15,P15,Dialogue,complex,qualitative,2.33,0.33
1101,8,S8,Complex Systems Analysis,8,R8,Design Thinking,19,P19,Flowchart,complex,sequential,2.00,0.30
1102,8,S8,Complex Systems Analysis,8,R8,Design Thinking,20,P20,Gantt Chart,complex,sequential,2.00,0.37
1103,8,S8,Complex Systems Analysis,8,R8,Design Thinking,26,P26,Timeline,complex,sequential,2.00,0.30
1104,8,S8,Complex Systems Analysis,8,R8,Design Thinking,32,P32,Annotated Code,complex,sequential,2.33,0.43
1105,8,S8,Complex Systems Analysis,8,R8,Design Thinking,33,P33,Narrative Synthesis,complex,qualitative,2.33,0.30
1106,8,S8,Complex Systems Analysis,8,R8,Design Thinking,35,P35,Dialogue Format,complex,qualitative,2.33,0.33
1107,8,S8,Complex Systems Analysis,9,R9,OODA Loop,5,P5,Checklist,complex,sequential,2.00,0.37
1108,8,S8,Complex Systems Analysis,9,R9,OODA Loop,8,P8,Technical Report,complex,sequential,2.33,0.33
1109,8,S8,Complex Systems Analysis,9,R9,OODA Loop,13,P13,Tutorial,complex,sequential,2.00,0.37
1110,8,S8,Complex Systems Analysis,9,R9,OODA Loop,19,P19,Flowchart,complex,sequential,2.00,0.33
1111,8,S8,Complex Systems Analysis,9,R9,OODA Loop,20,P20,Gantt Chart,complex,sequential,2.00,0.40
1112,8,S8,Complex Systems Analysis,9,R9,OODA Loop,26,P26,Timeline,complex,sequential,2.00,0.33
1113,8,S8,Complex Systems Analysis,9,R9,OODA Loop,32,P32,Annotated Code,complex,sequential,2.33,0.47
1114,8,S8,Complex Systems Analysis,12,R12,Scientific Method,5,P5,Checklist,complex,sequential,2.00,0.30
1115,8,S8,Complex Systems Analysis,12,R12,Scientific Method,8,P8,Technical Report,complex,sequential,2.33,0.27
1116,8,S8,Complex Systems Analysis,12,R12,Scientific Method,13,P13,Tutorial,complex,sequential,2.00,0.30
1117,8,S8,Complex Systems Analysis,12,R12,Scientific Method,19,P19,Flowchart,complex,sequential,2.00,0.27
1118,8,S8,Complex Systems Analysis,12,R12,Scientific Method,20,P20,Gantt Chart,complex,sequential,2.00,0.33
1119,8,S8,Complex Systems Analysis,12,R12,Scientific Method,26,P26,Timeline,complex,sequential,2.00,0.27
1120,8,S8,Complex Systems Analysis,12,R12,Scientific Method,32,P32,Annotated Code,complex,sequential,2.33,0.40
1121,8,S8,Complex Systems Analysis,15,R15,Naturalistic Decision-Making,6,P6,Memo,complex,qualitative,2.00,0.33
1122,8,S8,Complex Systems Analysis,15,R15,Naturalistic Decision-Making,8,P8,Technical Report,complex,qualitative,2.33,0.33
1123,8,S8,Complex Systems Analysis,15,R15,Naturalistic Decision-Making,10,P10,White Paper,complex,qualitative,2.33,0.37
1124,8,S8,Complex Systems Analysis,15,R15,Naturalistic Decision-Making,11,P11,Academic Paper,complex,qualitative,2.67,0.37
1125,8,S8,Complex Systems Analysis,15,R15,Naturalistic Decision-Making,12,P12,Case Study,complex,qualitative,2.33,0.37
1126,8,S8,Complex Systems Analysis,15,R15,Naturalistic Decision-Making,15,P15,Dialogue,complex,qualitative,2.33,0.37
1127,8,S8,Complex Systems Analysis,15,R15,Naturalistic Decision-Making,33,P33,Narrative Synthesis,complex,qualitative,2.33,0.33
1128,8,S8,Complex Systems Analysis,15,R15,Naturalistic Decision-Making,35,P35,Dialogue Format,complex,qualitative,2.33,0.37
1129,8,S8,Complex Systems Analysis,16,R16,Intuitive Decision-Making,6,P6,Memo,complex,qualitative,1.67,0.30
1130,8,S8,Complex Systems Analysis,16,R16,Intuitive Decision-Making,8,P8,Technical Report,complex,qualitative,2.00,0.30
1131,8,S8,Complex Systems Analysis,16,R16,Intuitive Decision-Making,10,P10,White Paper,complex,qualitative,2.00,0.33
1132,8,S8,Complex Systems Analysis,16,R16,Intuitive Decision-Making,11,P11,Academic Paper,complex,qualitative,2.33,0.33
1133,8,S8,Complex Systems Analysis,16,R16,Intuitive Decision-Making,12,P12,Case Study,complex,qualitative,2.00,0.33
1134,8,S8,Complex Systems Analysis,16,R16,Intuitive Decision-Making,15,P15,Dialogue,complex,qualitative,2.00,0.33
1135,8,S8,Complex Systems Analysis,16,R16,Intuitive Decision-Making,33,P33,Narrative Synthesis,complex,qualitative,2.00,0.30
1136,8,S8,Complex Systems Analysis,16,R16,Intuitive Decision-Making,35,P35,Dialogue Format,complex,qualitative,2.00,0.33
1137,8,S8,Complex Systems Analysis,20,R20,Sensitivity Analysis,8,P8,Technical Report,complex,quantitative,2.33,0.30
1138,8,S8,Complex Systems Analysis,20,R20,Sensitivity Analysis,11,P11,Academic Paper,complex,quantitative,2.67,0.33
1139,8,S8,Complex Systems Analysis,20,R20,Sensitivity Analysis,17,P17,Decision Matrix,complex,quantitative,2.00,0.33
1140,8,S8,Complex Systems Analysis,20,R20,Sensitivity Analysis,21,P21,Dashboard,complex,quantitative,2.33,0.33
1141,8,S8,Complex Systems Analysis,20,R20,Sensitivity Analysis,29,P29,Interactive Visualization,complex,quantitative,2.67,0.37
1142,8,S8,Complex Systems Analysis,20,R20,Sensitivity Analysis,31,P31,Simulation,complex,quantitative,2.67,0.40
1143,8,S8,Complex Systems Analysis,21,R21,Analogical Reasoning,1,P1,Cornell Notes,complex,conceptual,2.00,0.33
1144,8,S8,Complex Systems Analysis,21,R21,Analogical Reasoning,2,P2,SQ3R,complex,conceptual,2.00,0.37
1145,8,S8,Complex Systems Analysis,21,R21,Analogical Reasoning,3,P3,CODE (Second Brain),complex,conceptual,2.33,0.33
1146,8,S8,Complex Systems Analysis,21,R21,Analogical Reasoning,4,P4,Progressive Summarization,complex,conceptual,2.33,0.33
1147,8,S8,Complex Systems Analysis,21,R21,Analogical Reasoning,6,P6,Memo,complex,conceptual,2.00,0.27
1148,8,S8,Complex Systems Analysis,21,R21,Analogical Reasoning,7,P7,Executive Summary,complex,conceptual,2.00,0.27
1149,8,S8,Complex Systems Analysis,21,R21,Analogical Reasoning,10,P10,White Paper,complex,conceptual,2.33,0.30
1150,8,S8,Complex Systems Analysis,21,R21,Analogical Reasoning,14,P14,FAQ,complex,conceptual,2.00,0.27
1151,8,S8,Complex Systems Analysis,21,R21,Analogical Reasoning,25,P25,Mind Map,complex,conceptual,2.00,0.27
1152,8,S8,Complex Systems Analysis,21,R21,Analogical Reasoning,28,P28,Slide Deck,complex,conceptual,2.00,0.27
1153,8,S8,Complex Systems Analysis,21,R21,Analogical Reasoning,36,P36,Metaphorical Explanation,complex,conceptual,2.33,0.30
1154,8,S8,Complex Systems Analysis,24,R24,Scenario Planning,5,P5,Checklist,complex,sequential,2.00,0.33
1155,8,S8,Complex Systems Analysis,24,R24,Scenario Planning,6,P6,Memo,complex,narrative,2.00,0.30
1156,8,S8,Complex Systems Analysis,24,R24,Scenario Planning,8,P8,Technical Report,complex,sequential,2.33,0.30
1157,8,S8,Complex Systems Analysis,24,R24,Scenario Planning,9,P9,Policy Brief,complex,narrative,2.33,0.37
1158,8,S8,Complex Systems Analysis,24,R24,Scenario Planning,12,P12,Case Study,complex,narrative,2.33,0.33
1159,8,S8,Complex Systems Analysis,24,R24,Scenario Planning,13,P13,Tutorial,complex,sequential,2.00,0.33
1160,8,S8,Complex Systems Analysis,24,R24,Scenario Planning,15,P15,Dialogue,complex,narrative,2.33,0.33
1161,8,S8,Complex Systems Analysis,24,R24,Scenario Planning,19,P19,Flowchart,complex,sequential,2.00,0.30
1162,8,S8,Complex Systems Analysis,24,R24,Scenario Planning,20,P20,Gantt Chart,complex,sequential,2.00,0.37
1163,8,S8,Complex Systems Analysis,24,R24,Scenario Planning,22,P22,Infographic,complex,narrative,2.00,0.33
1164,8,S8,Complex Systems Analysis,24,R24,Scenario Planning,26,P26,Timeline,complex,sequential,2.00,0.30
1165,8,S8,Complex Systems Analysis,24,R24,Scenario Planning,28,P28,Slide Deck,complex,narrative,2.00,0.30
1166,8,S8,Complex Systems Analysis,24,R24,Scenario Planning,30,P30,Video,complex,narrative,2.33,0.33
1167,8,S8,Complex Systems Analysis,24,R24,Scenario Planning,32,P32,Annotated Code,complex,sequential,2.33,0.43
1168,8,S8,Complex Systems Analysis,24,R24,Scenario Planning,33,P33,Narrative Synthesis,complex,narrative,2.33,0.30
1169,8,S8,Complex Systems Analysis,24,R24,Scenario Planning,34,P34,Scenario Narrative,complex,narrative,2.33,0.33
1170,8,S8,Complex Systems Analysis,24,R24,Scenario Planning,35,P35,Dialogue Format,complex,narrative,2.33,0.33
1171,8,S8,Complex Systems Analysis,24,R24,Scenario Planning,36,P36,Metaphorical Explanation,complex,narrative,2.33,0.33
1172,8,S8,Complex Systems Analysis,25,R25,Counterfactual Analysis,6,P6,Memo,complex,narrative,2.00,0.30
1173,8,S8,Complex Systems Analysis,25,R25,Counterfactual Analysis,9,P9,Policy Brief,complex,narrative,2.33,0.37
1174,8,S8,Complex Systems Analysis,25,R25,Counterfactual Analysis,12,P12,Case Study,complex,narrative,2.33,0.33
1175,8,S8,Complex Systems Analysis,25,R25,Counterfactual Analysis,15,P15,Dialogue,complex,narrative,2.33,0.33
1176,8,S8,Complex Systems Analysis,25,R25,Counterfactual Analysis,22,P22,Infographic,complex,narrative,2.00,0.33
1177,8,S8,Complex Systems Analysis,25,R25,Counterfactual Analysis,28,P28,Slide Deck,complex,narrative,2.00,0.30
1178,8,S8,Complex Systems Analysis,25,R25,Counterfactual Analysis,30,P30,Video,complex,narrative,2.33,0.33
1179,8,S8,Complex Systems Analysis,25,R25,Counterfactual Analysis,33,P33,Narrative Synthesis,complex,narrative,2.33,0.30
1180,8,S8,Complex Systems Analysis,25,R25,Counterfactual Analysis,34,P34,Scenario Narrative,complex,narrative,2.33,0.33
1181,8,S8,Complex Systems Analysis,25,R25,Counterfactual Analysis,35,P35,Dialogue Format,complex,narrative,2.33,0.33
1182,8,S8,Complex Systems Analysis,25,R25,Counterfactual Analysis,36,P36,Metaphorical Explanation,complex,narrative,2.33,0.33
1183,8,S8,Complex Systems Analysis,26,R26,Pre-mortem Analysis,6,P6,Memo,complex,qualitative,2.00,0.27
1184,8,S8,Complex Systems Analysis,26,R26,Pre-mortem Analysis,8,P8,Technical Report,complex,qualitative,2.33,0.27
1185,8,S8,Complex Systems Analysis,26,R26,Pre-mortem Analysis,10,P10,White Paper,complex,qualitative,2.33,0.30
1186,8,S8,Complex Systems Analysis,26,R26,Pre-mortem Analysis,11,P11,Academic Paper,complex,qualitative,2.67,0.30
1187,8,S8,Complex Systems Analysis,26,R26,Pre-mortem Analysis,12,P12,Case Study,complex,qualitative,2.33,0.30
1188,8,S8,Complex Systems Analysis,26,R26,Pre-mortem Analysis,15,P15,Dialogue,complex,qualitative,2.33,0.30
1189,8,S8,Complex Systems Analysis,26,R26,Pre-mortem Analysis,33,P33,Narrative Synthesis,complex,qualitative,2.33,0.27
1190,8,S8,Complex Systems Analysis,26,R26,Pre-mortem Analysis,35,P35,Dialogue Format,complex,qualitative,2.33,0.30
1191,8,S8,Complex Systems Analysis,28,R28,Red Team/Blue Team,7,P7,Executive Summary,complex,comparative,2.00,0.33
1192,8,S8,Complex Systems Analysis,28,R28,Red Team/Blue Team,9,P9,Policy Brief,complex,comparative,2.33,0.40
1193,8,S8,Complex Systems Analysis,28,R28,Red Team/Blue Team,16,P16,Comparative Table,complex,comparative,2.00,0.33
1194,8,S8,Complex Systems Analysis,28,R28,Red Team/Blue Team,17,P17,Decision Matrix,complex,comparative,2.00,0.37
1195,8,S8,Complex Systems Analysis,31,R31,Critical Thinking,6,P6,Memo,complex,qualitative,2.00,0.27
1196,8,S8,Complex Systems Analysis,31,R31,Critical Thinking,8,P8,Technical Report,complex,qualitative,2.33,0.27
1197,8,S8,Complex Systems Analysis,31,R31,Critical Thinking,10,P10,White Paper,complex,qualitative,2.33,0.30
1198,8,S8,Complex Systems Analysis,31,R31,Critical Thinking,11,P11,Academic Paper,complex,qualitative,2.67,0.30
1199,8,S8,Complex Systems Analysis,31,R31,Critical Thinking,12,P12,Case Study,complex,qualitative,2.33,0.30
1200,8,S8,Complex Systems Analysis,31,R31,Critical Thinking,15,P15,Dialogue,complex,qualitative,2.33,0.30
1201,8,S8,Complex Systems Analysis,31,R31,Critical Thinking,33,P33,Narrative Synthesis,complex,qualitative,2.33,0.27
1202,8,S8,Complex Systems Analysis,31,R31,Critical Thinking,35,P35,Dialogue Format,complex,qualitative,2.33,0.30
1203,8,S8,Complex Systems Analysis,36,R36,Delphi Method,6,P6,Memo,complex,qualitative,2.00,0.33
1204,8,S8,Complex Systems Analysis,36,R36,Delphi Method,8,P8,Technical Report,complex,qualitative,2.33,0.33
1205,8,S8,Complex Systems Analysis,36,R36,Delphi Method,10,P10,White Paper,complex,qualitative,2.33,0.37
1206,8,S8,Complex Systems Analysis,36,R36,Delphi Method,11,P11,Academic Paper,complex,qualitative,2.67,0.37
1207,8,S8,Complex Systems Analysis,36,R36,Delphi Method,12,P12,Case Study,complex,qualitative,2.33,0.37
1208,8,S8,Complex Systems Analysis,36,R36,Delphi Method,15,P15,Dialogue,complex,qualitative,2.33,0.37
1209,8,S8,Complex Systems Analysis,36,R36,Delphi Method,33,P33,Narrative Synthesis,complex,qualitative,2.33,0.33
1210,8,S8,Complex Systems Analysis,36,R36,Delphi Method,35,P35,Dialogue Format,complex,qualitative,2.33,0.37
1211,8,S8,Complex Systems Analysis,38,R38,Six Thinking Hats,6,P6,Memo,complex,qualitative,1.67,0.30
1212,8,S8,Complex Systems Analysis,38,R38,Six Thinking Hats,8,P8,Technical Report,complex,qualitative,2.00,0.30
1213,8,S8,Complex Systems Analysis,38,R38,Six Thinking Hats,10,P10,White Paper,complex,qualitative,2.00,0.33
1214,8,S8,Complex Systems Analysis,38,R38,Six Thinking Hats,11,P11,Academic Paper,complex,qualitative,2.33,0.33
1215,8,S8,Complex Systems Analysis,38,R38,Six Thinking Hats,12,P12,Case Study,complex,qualitative,2.00,0.33
1216,8,S8,Complex Systems Analysis,38,R38,Six Thinking Hats,15,P15,Dialogue,complex,qualitative,2.00,0.33
1217,8,S8,Complex Systems Analysis,38,R38,Six Thinking Hats,33,P33,Narrative Synthesis,complex,qualitative,2.00,0.30
1218,8,S8,Complex Systems Analysis,38,R38,Six Thinking Hats,35,P35,Dialogue Format,complex,qualitative,2.00,0.33
1219,9,S9,Complex Adaptive Systems,3,R3,Abductive Reasoning,1,P1,Cornell Notes,complex,conceptual,2.00,0.40
1220,9,S9,Complex Adaptive Systems,3,R3,Abductive Reasoning,2,P2,SQ3R,complex,conceptual,2.00,0.43
1221,9,S9,Complex Adaptive Systems,3,R3,Abductive Reasoning,3,P3,CODE (Second Brain),complex,conceptual,2.33,0.40
1222,9,S9,Complex Adaptive Systems,3,R3,Abductive Reasoning,4,P4,Progressive Summarization,complex,conceptual,2.33,0.40
1223,9,S9,Complex Adaptive Systems,3,R3,Abductive Reasoning,6,P6,Memo,complex,conceptual,2.00,0.33
1224,9,S9,Complex Adaptive Systems,3,R3,Abductive Reasoning,7,P7,Executive Summary,complex,conceptual,2.00,0.33
1225,9,S9,Complex Adaptive Systems,3,R3,Abductive Reasoning,10,P10,White Paper,complex,conceptual,2.33,0.37
1226,9,S9,Complex Adaptive Systems,3,R3,Abductive Reasoning,14,P14,FAQ,complex,conceptual,2.00,0.33
1227,9,S9,Complex Adaptive Systems,3,R3,Abductive Reasoning,25,P25,Mind Map,complex,conceptual,2.00,0.33
1228,9,S9,Complex Adaptive Systems,3,R3,Abductive Reasoning,28,P28,Slide Deck,complex,conceptual,2.00,0.33
1229,9,S9,Complex Adaptive Systems,3,R3,Abductive Reasoning,36,P36,Metaphorical Explanation,complex,conceptual,2.33,0.37
1230,9,S9,Complex Adaptive Systems,8,R8,Design Thinking,5,P5,Checklist,complex,sequential,2.00,0.37
1231,9,S9,Complex Adaptive Systems,8,R8,Design Thinking,6,P6,Memo,complex,qualitative,2.00,0.33
1232,9,S9,Complex Adaptive Systems,8,R8,Design Thinking,8,P8,Technical Report,complex,qualitative; sequential,2.33,0.33
1233,9,S9,Complex Adaptive Systems,8,R8,Design Thinking,10,P10,White Paper,complex,qualitative,2.33,0.37
1234,9,S9,Complex Adaptive Systems,8,R8,Design Thinking,11,P11,Academic Paper,complex,qualitative,2.67,0.37
1235,9,S9,Complex Adaptive Systems,8,R8,Design Thinking,12,P12,Case Study,complex,qualitative,2.33,0.37
1236,9,S9,Complex Adaptive Systems,8,R8,Design Thinking,13,P13,Tutorial,complex,sequential,2.00,0.37
1237,9,S9,Complex Adaptive Systems,8,R8,Design Thinking,15,P15,Dialogue,complex,qualitative,2.33,0.37
1238,9,S9,Complex Adaptive Systems,8,R8,Design Thinking,19,P19,Flowchart,complex,sequential,2.00,0.33
1239,9,S9,Complex Adaptive Systems,8,R8,Design Thinking,20,P20,Gantt Chart,complex,sequential,2.00,0.40
1240,9,S9,Complex Adaptive Systems,8,R8,Design Thinking,26,P26,Timeline,complex,sequential,2.00,0.33
1241,9,S9,Complex Adaptive Systems,8,R8,Design Thinking,32,P32,Annotated Code,complex,sequential,2.33,0.47
1242,9,S9,Complex Adaptive Systems,8,R8,Design Thinking,33,P33,Narrative Synthesis,complex,qualitative,2.33,0.33
1243,9,S9,Complex Adaptive Systems,8,R8,Design Thinking,35,P35,Dialogue Format,complex,qualitative,2.33,0.37
1244,9,S9,Complex Adaptive Systems,9,R9,OODA Loop,5,P5,Checklist,complex,sequential,2.00,0.40
1245,9,S9,Complex Adaptive Systems,9,R9,OODA Loop,8,P8,Technical Report,complex,sequential,2.33,0.37
1246,9,S9,Complex Adaptive Systems,9,R9,OODA Loop,13,P13,Tutorial,complex,sequential,2.00,0.40
1247,9,S9,Complex Adaptive Systems,9,R9,OODA Loop,19,P19,Flowchart,complex,sequential,2.00,0.37
1248,9,S9,Complex Adaptive Systems,9,R9,OODA Loop,20,P20,Gantt Chart,complex,sequential,2.00,0.43
1249,9,S9,Complex Adaptive Systems,9,R9,OODA Loop,26,P26,Timeline,complex,sequential,2.00,0.37
1250,9,S9,Complex Adaptive Systems,9,R9,OODA Loop,32,P32,Annotated Code,complex,sequential,2.33,0.50
1251,9,S9,Complex Adaptive Systems,12,R12,Scientific Method,5,P5,Checklist,complex,sequential,2.00,0.33
1252,9,S9,Complex Adaptive Systems,12,R12,Scientific Method,8,P8,Technical Report,complex,sequential,2.33,0.30
1253,9,S9,Complex Adaptive Systems,12,R12,Scientific Method,13,P13,Tutorial,complex,sequential,2.00,0.33
1254,9,S9,Complex Adaptive Systems,12,R12,Scientific Method,19,P19,Flowchart,complex,sequential,2.00,0.30
1255,9,S9,Complex Adaptive Systems,12,R12,Scientific Method,20,P20,Gantt Chart,complex,sequential,2.00,0.37
1256,9,S9,Complex Adaptive Systems,12,R12,Scientific Method,26,P26,Timeline,complex,sequential,2.00,0.30
1257,9,S9,Complex Adaptive Systems,12,R12,Scientific Method,32,P32,Annotated Code,complex,sequential,2.33,0.43
1258,9,S9,Complex Adaptive Systems,15,R15,Naturalistic Decision-Making,6,P6,Memo,complex,qualitative,2.00,0.37
1259,9,S9,Complex Adaptive Systems,15,R15,Naturalistic Decision-Making,8,P8,Technical Report,complex,qualitative,2.33,0.37
1260,9,S9,Complex Adaptive Systems,15,R15,Naturalistic Decision-Making,10,P10,White Paper,complex,qualitative,2.33,0.40
1261,9,S9,Complex Adaptive Systems,15,R15,Naturalistic Decision-Making,11,P11,Academic Paper,complex,qualitative,2.67,0.40
1262,9,S9,Complex Adaptive Systems,15,R15,Naturalistic Decision-Making,12,P12,Case Study,complex,qualitative,2.33,0.40
1263,9,S9,Complex Adaptive Systems,15,R15,Naturalistic Decision-Making,15,P15,Dialogue,complex,qualitative,2.33,0.40
1264,9,S9,Complex Adaptive Systems,15,R15,Naturalistic Decision-Making,33,P33,Narrative Synthesis,complex,qualitative,2.33,0.37
1265,9,S9,Complex Adaptive Systems,15,R15,Naturalistic Decision-Making,35,P35,Dialogue Format,complex,qualitative,2.33,0.40
1266,9,S9,Complex Adaptive Systems,16,R16,Intuitive Decision-Making,6,P6,Memo,complex,qualitative,1.67,0.33
1267,9,S9,Complex Adaptive Systems,16,R16,Intuitive Decision-Making,8,P8,Technical Report,complex,qualitative,2.00,0.33
1268,9,S9,Complex Adaptive Systems,16,R16,Intuitive Decision-Making,10,P10,White Paper,complex,qualitative,2.00,0.37
1269,9,S9,Complex Adaptive Systems,16,R16,Intuitive Decision-Making,11,P11,Academic Paper,complex,qualitative,2.33,0.37
1270,9,S9,Complex Adaptive Systems,16,R16,Intuitive Decision-Making,12,P12,Case Study,complex,qualitative,2.00,0.37
1271,9,S9,Complex Adaptive Systems,16,R16,Intuitive Decision-Making,15,P15,Dialogue,complex,qualitative,2.00,0.37
1272,9,S9,Complex Adaptive Systems,16,R16,Intuitive Decision-Making,33,P33,Narrative Synthesis,complex,qualitative,2.00,0.33
1273,9,S9,Complex Adaptive Systems,16,R16,Intuitive Decision-Making,35,P35,Dialogue Format,complex,qualitative,2.00,0.37
1274,9,S9,Complex Adaptive Systems,20,R20,Sensitivity Analysis,8,P8,Technical Report,complex,quantitative,2.33,0.33
1275,9,S9,Complex Adaptive Systems,20,R20,Sensitivity Analysis,11,P11,Academic Paper,complex,quantitative,2.67,0.37
1276,9,S9,Complex Adaptive Systems,20,R20,Sensitivity Analysis,17,P17,Decision Matrix,complex,quantitative,2.00,0.37
1277,9,S9,Complex Adaptive Systems,20,R20,Sensitivity Analysis,21,P21,Dashboard,complex,quantitative,2.33,0.37
1278,9,S9,Complex Adaptive Systems,20,R20,Sensitivity Analysis,29,P29,Interactive Visualization,complex,quantitative,2.67,0.40
1279,9,S9,Complex Adaptive Systems,20,R20,Sensitivity Analysis,31,P31,Simulation,complex,quantitative,2.67,0.43
1280,9,S9,Complex Adaptive Systems,21,R21,Analogical Reasoning,1,P1,Cornell Notes,complex,conceptual,2.00,0.37
1281,9,S9,Complex Adaptive Systems,21,R21,Analogical Reasoning,2,P2,SQ3R,complex,conceptual,2.00,0.40
1282,9,S9,Complex Adaptive Systems,21,R21,Analogical Reasoning,3,P3,CODE (Second Brain),complex,conceptual,2.33,0.37
1283,9,S9,Complex Adaptive Systems,21,R21,Analogical Reasoning,4,P4,Progressive Summarization,complex,conceptual,2.33,0.37
1284,9,S9,Complex Adaptive Systems,21,R21,Analogical Reasoning,6,P6,Memo,complex,conceptual,2.00,0.30
1285,9,S9,Complex Adaptive Systems,21,R21,Analogical Reasoning,7,P7,Executive Summary,complex,conceptual,2.00,0.30
1286,9,S9,Complex Adaptive Systems,21,R21,Analogical Reasoning,10,P10,White Paper,complex,conceptual,2.33,0.33
1287,9,S9,Complex Adaptive Systems,21,R21,Analogical Reasoning,14,P14,FAQ,complex,conceptual,2.00,0.30
1288,9,S9,Complex Adaptive Systems,21,R21,Analogical Reasoning,25,P25,Mind Map,complex,conceptual,2.00,0.30
1289,9,S9,Complex Adaptive Systems,21,R21,Analogical Reasoning,28,P28,Slide Deck,complex,conceptual,2.00,0.30
1290,9,S9,Complex Adaptive Systems,21,R21,Analogical Reasoning,36,P36,Metaphorical Explanation,complex,conceptual,2.33,0.33
1291,9,S9,Complex Adaptive Systems,24,R24,Scenario Planning,5,P5,Checklist,complex,sequential,2.00,0.37
1292,9,S9,Complex Adaptive Systems,24,R24,Scenario Planning,6,P6,Memo,complex,narrative,2.00,0.33
1293,9,S9,Complex Adaptive Systems,24,R24,Scenario Planning,8,P8,Technical Report,complex,sequential,2.33,0.33
1294,9,S9,Complex Adaptive Systems,24,R24,Scenario Planning,9,P9,Policy Brief,complex,narrative,2.33,0.40
1295,9,S9,Complex Adaptive Systems,24,R24,Scenario Planning,12,P12,Case Study,complex,narrative,2.33,0.37
1296,9,S9,Complex Adaptive Systems,24,R24,Scenario Planning,13,P13,Tutorial,complex,sequential,2.00,0.37
1297,9,S9,Complex Adaptive Systems,24,R24,Scenario Planning,15,P15,Dialogue,complex,narrative,2.33,0.37
1298,9,S9,Complex Adaptive Systems,24,R24,Scenario Planning,19,P19,Flowchart,complex,sequential,2.00,0.33
1299,9,S9,Complex Adaptive Systems,24,R24,Scenario Planning,20,P20,Gantt Chart,complex,sequential,2.00,0.40
1300,9,S9,Complex Adaptive Systems,24,R24,Scenario Planning,22,P22,Infographic,complex,narrative,2.00,0.37
1301,9,S9,Complex Adaptive Systems,24,R24,Scenario Planning,26,P26,Timeline,complex,sequential,2.00,0.33
1302,9,S9,Complex Adaptive Systems,24,R24,Scenario Planning,28,P28,Slide Deck,complex,narrative,2.00,0.33
1303,9,S9,Complex Adaptive Systems,24,R24,Scenario Planning,30,P30,Video,complex,narrative,2.33,0.37
1304,9,S9,Complex Adaptive Systems,24,R24,Scenario Planning,32,P32,Annotated Code,complex,sequential,2.33,0.47
1305,9,S9,Complex Adaptive Systems,24,R24,Scenario Planning,33,P33,Narrative Synthesis,complex,narrative,2.33,0.33
1306,9,S9,Complex Adaptive Systems,24,R24,Scenario Planning,34,P34,Scenario Narrative,complex,narrative,2.33,0.37
1307,9,S9,Complex Adaptive Systems,24,R24,Scenario Planning,35,P35,Dialogue Format,complex,narrative,2.33,0.37
1308,9,S9,Complex Adaptive Systems,24,R24,Scenario Planning,36,P36,Metaphorical Explanation,complex,narrative,2.33,0.37
1309,9,S9,Complex Adaptive Systems,25,R25,Counterfactual Analysis,6,P6,Memo,complex,narrative,2.00,0.33
1310,9,S9,Complex Adaptive Systems,25,R25,Counterfactual Analysis,9,P9,Policy Brief,complex,narrative,2.33,0.40
1311,9,S9,Complex Adaptive Systems,25,R25,Counterfactual Analysis,12,P12,Case Study,complex,narrative,2.33,0.37
1312,9,S9,Complex Adaptive Systems,25,R25,Counterfactual Analysis,15,P15,Dialogue,complex,narrative,2.33,0.37
1313,9,S9,Complex Adaptive Systems,25,R25,Counterfactual Analysis,22,P22,Infographic,complex,narrative,2.00,0.37
1314,9,S9,Complex Adaptive Systems,25,R25,Counterfactual Analysis,28,P28,Slide Deck,complex,narrative,2.00,0.33
1315,9,S9,Complex Adaptive Systems,25,R25,Counterfactual Analysis,30,P30,Video,complex,narrative,2.33,0.37
1316,9,S9,Complex Adaptive Systems,25,R25,Counterfactual Analysis,33,P33,Narrative Synthesis,complex,narrative,2.33,0.33
1317,9,S9,Complex Adaptive Systems,25,R25,Counterfactual Analysis,34,P34,Scenario Narrative,complex,narrative,2.33,0.37
1318,9,S9,Complex Adaptive Systems,25,R25,Counterfactual Analysis,35,P35,Dialogue Format,complex,narrative,2.33,0.37
1319,9,S9,Complex Adaptive Systems,25,R25,Counterfactual Analysis,36,P36,Metaphorical Explanation,complex,narrative,2.33,0.37
1320,9,S9,Complex Adaptive Systems,26,R26,Pre-mortem Analysis,6,P6,Memo,complex,qualitative,2.00,0.30
1321,9,S9,Complex Adaptive Systems,26,R26,Pre-mortem Analysis,8,P8,Technical Report,complex,qualitative,2.33,0.30
1322,9,S9,Complex Adaptive Systems,26,R26,Pre-mortem Analysis,10,P10,White Paper,complex,qualitative,2.33,0.33
1323,9,S9,Complex Adaptive Systems,26,R26,Pre-mortem Analysis,11,P11,Academic Paper,complex,qualitative,2.67,0.33
1324,9,S9,Complex Adaptive Systems,26,R26,Pre-mortem Analysis,12,P12,Case Study,complex,qualitative,2.33,0.33
1325,9,S9,Complex Adaptive Systems,26,R26,Pre-mortem Analysis,15,P15,Dialogue,complex,qualitative,2.33,0.33
1326,9,S9,Complex Adaptive Systems,26,R26,Pre-mortem Analysis,33,P33,Narrative Synthesis,complex,qualitative,2.33,0.30
1327,9,S9,Complex Adaptive Systems,26,R26,Pre-mortem Analysis,35,P35,Dialogue Format,complex,qualitative,2.33,0.33
1328,9,S9,Complex Adaptive Systems,28,R28,Red Team/Blue Team,7,P7,Executive Summary,complex,comparative,2.00,0.37
1329,9,S9,Complex Adaptive Systems,28,R28,Red Team/Blue Team,9,P9,Policy Brief,complex,comparative,2.33,0.43
1330,9,S9,Complex Adaptive Systems,28,R28,Red Team/Blue Team,16,P16,Comparative Table,complex,comparative,2.00,0.37
1331,9,S9,Complex Adaptive Systems,28,R28,Red Team/Blue Team,17,P17,Decision Matrix,complex,comparative,2.00,0.40
1332,9,S9,Complex Adaptive Systems,31,R31,Critical Thinking,6,P6,Memo,complex,qualitative,2.00,0.30
1333,9,S9,Complex Adaptive Systems,31,R31,Critical Thinking,8,P8,Technical Report,complex,qualitative,2.33,0.30
1334,9,S9,Complex Adaptive Systems,31,R31,Critical Thinking,10,P10,White Paper,complex,qualitative,2.33,0.33
1335,9,S9,Complex Adaptive Systems,31,R31,Critical Thinking,11,P11,Academic Paper,complex,qualitative,2.67,0.33
1336,9,S9,Complex Adaptive Systems,31,R31,Critical Thinking,12,P12,Case Study,complex,qualitative,2.33,0.33
1337,9,S9,Complex Adaptive Systems,31,R31,Critical Thinking,15,P15,Dialogue,complex,qualitative,2.33,0.33
1338,9,S9,Complex Adaptive Systems,31,R31,Critical Thinking,33,P33,Narrative Synthesis,complex,qualitative,2.33,0.30
1339,9,S9,Complex Adaptive Systems,31,R31,Critical Thinking,35,P35,Dialogue Format,complex,qualitative,2.33,0.33
1340,9,S9,Complex Adaptive Systems,36,R36,Delphi Method,6,P6,Memo,complex,qualitative,2.00,0.37
1341,9,S9,Complex Adaptive Systems,36,R36,Delphi Method,8,P8,Technical Report,complex,qualitative,2.33,0.37
1342,9,S9,Complex Adaptive Systems,36,R36,Delphi Method,10,P10,White Paper,complex,qualitative,2.33,0.40
1343,9,S9,Complex Adaptive Systems,36,R36,Delphi Method,11,P11,Academic Paper,complex,qualitative,2.67,0.40
1344,9,S9,Complex Adaptive Systems,36,R36,Delphi Method,12,P12,Case Study,complex,qualitative,2.33,0.40
1345,9,S9,Complex Adaptive Systems,36,R36,Delphi Method,15,P15,Dialogue,complex,qualitative,2.33,0.40
1346,9,S9,Complex Adaptive Systems,36,R36,Delphi Method,33,P33,Narrative Synthesis,complex,qualitative,2.33,0.37
1347,9,S9,Complex Adaptive Systems,36,R36,Delphi Method,35,P35,Dialogue Format,complex,qualitative,2.33,0.40
1348,9,S9,Complex Adaptive Systems,38,R38,Six Thinking Hats,6,P6,Memo,complex,qualitative,1.67,0.33
1349,9,S9,Complex Adaptive Systems,38,R38,Six Thinking Hats,8,P8,Technical Report,complex,qualitative,2.00,0.33
1350,9,S9,Complex Adaptive Systems,38,R38,Six Thinking Hats,10,P10,White Paper,complex,qualitative,2.00,0.37
1351,9,S9,Complex Adaptive Systems,38,R38,Six Thinking Hats,11,P11,Academic Paper,complex,qualitative,2.33,0.37
1352,9,S9,Complex Adaptive Systems,38,R38,Six Thinking Hats,12,P12,Case Study,complex,qualitative,2.00,0.37
1353,9,S9,Complex Adaptive Systems,38,R38,Six Thinking Hats,15,P15,Dialogue,complex,qualitative,2.00,0.37
1354,9,S9,Complex Adaptive Systems,38,R38,Six Thinking Hats,33,P33,Narrative Synthesis,complex,qualitative,2.00,0.33
1355,9,S9,Complex Adaptive Systems,38,R38,Six Thinking Hats,35,P35,Dialogue Format,complex,qualitative,2.00,0.37
1356,10,S10,Self-Organized Criticality,3,R3,Abductive Reasoning,1,P1,Cornell Notes,complex,conceptual,2.00,0.47
1357,10,S10,Self-Organized Criticality,3,R3,Abductive Reasoning,2,P2,SQ3R,complex,conceptual,2.00,0.50
1358,10,S10,Self-Organized Criticality,3,R3,Abductive Reasoning,3,P3,CODE (Second Brain),complex,conceptual,2.33,0.47
1359,10,S10,Self-Organized Criticality,3,R3,Abductive Reasoning,4,P4,Progressive Summarization,complex,conceptual,2.33,0.47
1360,10,S10,Self-Organized Criticality,3,R3,Abductive Reasoning,6,P6,Memo,complex,conceptual,2.00,0.40
1361,10,S10,Self-Organized Criticality,3,R3,Abductive Reasoning,7,P7,Executive Summary,complex,conceptual,2.00,0.40
1362,10,S10,Self-Organized Criticality,3,R3,Abductive Reasoning,10,P10,White Paper,complex,conceptual,2.33,0.43
1363,10,S10,Self-Organized Criticality,3,R3,Abductive Reasoning,14,P14,FAQ,complex,conceptual,2.00,0.40
1364,10,S10,Self-Organized Criticality,3,R3,Abductive Reasoning,25,P25,Mind Map,complex,conceptual,2.00,0.40
1365,10,S10,Self-Organized Criticality,3,R3,Abductive Reasoning,28,P28,Slide Deck,complex,conceptual,2.00,0.40
1366,10,S10,Self-Organized Criticality,3,R3,Abductive Reasoning,36,P36,Metaphorical Explanation,complex,conceptual,2.33,0.43
1367,10,S10,Self-Organized Criticality,8,R8,Design Thinking,5,P5,Checklist,complex,sequential,2.00,0.43
1368,10,S10,Self-Organized Criticality,8,R8,Design Thinking,6,P6,Memo,complex,qualitative,2.00,0.40
1369,10,S10,Self-Organized Criticality,8,R8,Design Thinking,8,P8,Technical Report,complex,qualitative; sequential,2.33,0.40
1370,10,S10,Self-Organized Criticality,8,R8,Design Thinking,10,P10,White Paper,complex,qualitative,2.33,0.43
1371,10,S10,Self-Organized Criticality,8,R8,Design Thinking,11,P11,Academic Paper,complex,qualitative,2.67,0.43
1372,10,S10,Self-Organized Criticality,8,R8,Design Thinking,12,P12,Case Study,complex,qualitative,2.33,0.43
1373,10,S10,Self-Organized Criticality,8,R8,Design Thinking,13,P13,Tutorial,complex,sequential,2.00,0.43
1374,10,S10,Self-Organized Criticality,8,R8,Design Thinking,15,P15,Dialogue,complex,qualitative,2.33,0.43
1375,10,S10,Self-Organized Criticality,8,R8,Design Thinking,19,P19,Flowchart,complex,sequential,2.00,0.40
1376,10,S10,Self-Organized Criticality,8,R8,Design Thinking,20,P20,Gantt Chart,complex,sequential,2.00,0.47
1377,10,S10,Self-Organized Criticality,8,R8,Design Thinking,26,P26,Timeline,complex,sequential,2.00,0.40
1378,10,S10,Self-Organized Criticality,8,R8,Design Thinking,32,P32,Annotated Code,complex,sequential,2.33,0.53
1379,10,S10,Self-Organized Criticality,8,R8,Design Thinking,33,P33,Narrative Synthesis,complex,qualitative,2.33,0.40
1380,10,S10,Self-Organized Criticality,8,R8,Design Thinking,35,P35,Dialogue Format,complex,qualitative,2.33,0.43
1381,10,S10,Self-Organized Criticality,9,R9,OODA Loop,5,P5,Checklist,complex,sequential,2.00,0.47
1382,10,S10,Self-Organized Criticality,9,R9,OODA Loop,8,P8,Technical Report,complex,sequential,2.33,0.43
1383,10,S10,Self-Organized Criticality,9,R9,OODA Loop,13,P13,Tutorial,complex,sequential,2.00,0.47
1384,10,S10,Self-Organized Criticality,9,R9,OODA Loop,19,P19,Flowchart,complex,sequential,2.00,0.43
1385,10,S10,Self-Organized Criticality,9,R9,OODA Loop,20,P20,Gantt Chart,complex,sequential,2.00,0.50
1386,10,S10,Self-Organized Criticality,9,R9,OODA Loop,26,P26,Timeline,complex,sequential,2.00,0.43
1387,10,S10,Self-Organized Criticality,9,R9,OODA Loop,32,P32,Annotated Code,complex,sequential,2.33,0.57
1388,10,S10,Self-Organized Criticality,12,R12,Scientific Method,5,P5,Checklist,complex,sequential,2.00,0.40
1389,10,S10,Self-Organized Criticality,12,R12,Scientific Method,8,P8,Technical Report,complex,sequential,2.33,0.37
1390,10,S10,Self-Organized Criticality,12,R12,Scientific Method,13,P13,Tutorial,complex,sequential,2.00,0.40
1391,10,S10,Self-Organized Criticality,12,R12,Scientific Method,19,P19,Flowchart,complex,sequential,2.00,0.37
1392,10,S10,Self-Organized Criticality,12,R12,Scientific Method,20,P20,Gantt Chart,complex,sequential,2.00,0.43
1393,10,S10,Self-Organized Criticality,12,R12,Scientific Method,26,P26,Timeline,complex,sequential,2.00,0.37
1394,10,S10,Self-Organized Criticality,12,R12,Scientific Method,32,P32,Annotated Code,complex,sequential,2.33,0.50
1395,10,S10,Self-Organized Criticality,15,R15,Naturalistic Decision-Making,6,P6,Memo,complex,qualitative,2.00,0.43
1396,10,S10,Self-Organized Criticality,15,R15,Naturalistic Decision-Making,8,P8,Technical Report,complex,qualitative,2.33,0.43
1397,10,S10,Self-Organized Criticality,15,R15,Naturalistic Decision-Making,10,P10,White Paper,complex,qualitative,2.33,0.47
1398,10,S10,Self-Organized Criticality,15,R15,Naturalistic Decision-Making,11,P11,Academic Paper,complex,qualitative,2.67,0.47
1399,10,S10,Self-Organized Criticality,15,R15,Naturalistic Decision-Making,12,P12,Case Study,complex,qualitative,2.33,0.47
1400,10,S10,Self-Organized Criticality,15,R15,Naturalistic Decision-Making,15,P15,Dialogue,complex,qualitative,2.33,0.47
1401,10,S10,Self-Organized Criticality,15,R15,Naturalistic Decision-Making,33,P33,Narrative Synthesis,complex,qualitative,2.33,0.43
1402,10,S10,Self-Organized Criticality,15,R15,Naturalistic Decision-Making,35,P35,Dialogue Format,complex,qualitative,2.33,0.47
1403,10,S10,Self-Organized Criticality,16,R16,Intuitive Decision-Making,6,P6,Memo,complex,qualitative,1.67,0.40
1404,10,S10,Self-Organized Criticality,16,R16,Intuitive Decision-Making,8,P8,Technical Report,complex,qualitative,2.00,0.40
1405,10,S10,Self-Organized Criticality,16,R16,Intuitive Decision-Making,10,P10,White Paper,complex,qualitative,2.00,0.43
1406,10,S10,Self-Organized Criticality,16,R16,Intuitive Decision-Making,11,P11,Academic Paper,complex,qualitative,2.33,0.43
1407,10,S10,Self-Organized Criticality,16,R16,Intuitive Decision-Making,12,P12,Case Study,complex,qualitative,2.00,0.43
1408,10,S10,Self-Organized Criticality,16,R16,Intuitive Decision-Making,15,P15,Dialogue,complex,qualitative,2.00,0.43
1409,10,S10,Self-Organized Criticality,16,R16,Intuitive Decision-Making,33,P33,Narrative Synthesis,complex,qualitative,2.00,0.40
1410,10,S10,Self-Organized Criticality,16,R16,Intuitive Decision-Making,35,P35,Dialogue Format,complex,qualitative,2.00,0.43
1411,10,S10,Self-Organized Criticality,20,R20,Sensitivity Analysis,8,P8,Technical Report,complex,quantitative,2.33,0.40
1412,10,S10,Self-Organized Criticality,20,R20,Sensitivity Analysis,11,P11,Academic Paper,complex,quantitative,2.67,0.43
1413,10,S10,Self-Organized Criticality,20,R20,Sensitivity Analysis,17,P17,Decision Matrix,complex,quantitative,2.00,0.43
1414,10,S10,Self-Organized Criticality,20,R20,Sensitivity Analysis,21,P21,Dashboard,complex,quantitative,2.33,0.43
1415,10,S10,Self-Organized Criticality,20,R20,Sensitivity Analysis,29,P29,Interactive Visualization,complex,quantitative,2.67,0.47
1416,10,S10,Self-Organized Criticality,20,R20,Sensitivity Analysis,31,P31,Simulation,complex,quantitative,2.67,0.50
1417,10,S10,Self-Organized Criticality,21,R21,Analogical Reasoning,1,P1,Cornell Notes,complex,conceptual,2.00,0.43
1418,10,S10,Self-Organized Criticality,21,R21,Analogical Reasoning,2,P2,SQ3R,complex,conceptual,2.00,0.47
1419,10,S10,Self-Organized Criticality,21,R21,Analogical Reasoning,3,P3,CODE (Second Brain),complex,conceptual,2.33,0.43
1420,10,S10,Self-Organized Criticality,21,R21,Analogical Reasoning,4,P4,Progressive Summarization,complex,conceptual,2.33,0.43
1421,10,S10,Self-Organized Criticality,21,R21,Analogical Reasoning,6,P6,Memo,complex,conceptual,2.00,0.37
1422,10,S10,Self-Organized Criticality,21,R21,Analogical Reasoning,7,P7,Executive Summary,complex,conceptual,2.00,0.37
1423,10,S10,Self-Organized Criticality,21,R21,Analogical Reasoning,10,P10,White Paper,complex,conceptual,2.33,0.40
1424,10,S10,Self-Organized Criticality,21,R21,Analogical Reasoning,14,P14,FAQ,complex,conceptual,2.00,0.37
1425,10,S10,Self-Organized Criticality,21,R21,Analogical Reasoning,25,P25,Mind Map,complex,conceptual,2.00,0.37
1426,10,S10,Self-Organized Criticality,21,R21,Analogical Reasoning,28,P28,Slide Deck,complex,conceptual,2.00,0.37
1427,10,S10,Self-Organized Criticality,21,R21,Analogical Reasoning,36,P36,Metaphorical Explanation,complex,conceptual,2.33,0.40
1428,10,S10,Self-Organized Criticality,24,R24,Scenario Planning,5,P5,Checklist,complex,sequential,2.00,0.43
1429,10,S10,Self-Organized Criticality,24,R24,Scenario Planning,6,P6,Memo,complex,narrative,2.00,0.40
1430,10,S10,Self-Organized Criticality,24,R24,Scenario Planning,8,P8,Technical Report,complex,sequential,2.33,0.40
1431,10,S10,Self-Organized Criticality,24,R24,Scenario Planning,9,P9,Policy Brief,complex,narrative,2.33,0.47
1432,10,S10,Self-Organized Criticality,24,R24,Scenario Planning,12,P12,Case Study,complex,narrative,2.33,0.43
1433,10,S10,Self-Organized Criticality,24,R24,Scenario Planning,13,P13,Tutorial,complex,sequential,2.00,0.43
1434,10,S10,Self-Organized Criticality,24,R24,Scenario Planning,15,P15,Dialogue,complex,narrative,2.33,0.43
1435,10,S10,Self-Organized Criticality,24,R24,Scenario Planning,19,P19,Flowchart,complex,sequential,2.00,0.40
1436,10,S10,Self-Organized Criticality,24,R24,Scenario Planning,20,P20,Gantt Chart,complex,sequential,2.00,0.47
1437,10,S10,Self-Organized Criticality,24,R24,Scenario Planning,22,P22,Infographic,complex,narrative,2.00,0.43
1438,10,S10,Self-Organized Criticality,24,R24,Scenario Planning,26,P26,Timeline,complex,sequential,2.00,0.40
1439,10,S10,Self-Organized Criticality,24,R24,Scenario Planning,28,P28,Slide Deck,complex,narrative,2.00,0.40
1440,10,S10,Self-Organized Criticality,24,R24,Scenario Planning,30,P30,Video,complex,narrative,2.33,0.43
1441,10,S10,Self-Organized Criticality,24,R24,Scenario Planning,32,P32,Annotated Code,complex,sequential,2.33,0.53
1442,10,S10,Self-Organized Criticality,24,R24,Scenario Planning,33,P33,Narrative Synthesis,complex,narrative,2.33,0.40
1443,10,S10,Self-Organized Criticality,24,R24,Scenario Planning,34,P34,Scenario Narrative,complex,narrative,2.33,0.43
1444,10,S10,Self-Organized Criticality,24,R24,Scenario Planning,35,P35,Dialogue Format,complex,narrative,2.33,0.43
1445,10,S10,Self-Organized Criticality,24,R24,Scenario Planning,36,P36,Metaphorical Explanation,complex,narrative,2.33,0.43
1446,10,S10,Self-Organized Criticality,25,R25,Counterfactual Analysis,6,P6,Memo,complex,narrative,2.00,0.40
1447,10,S10,Self-Organized Criticality,25,R25,Counterfactual Analysis,9,P9,Policy Brief,complex,narrative,2.33,0.47
1448,10,S10,Self-Organized Criticality,25,R25,Counterfactual Analysis,12,P12,Case Study,complex,narrative,2.33,0.43
1449,10,S10,Self-Organized Criticality,25,R25,Counterfactual Analysis,15,P15,Dialogue,complex,narrative,2.33,0.43
1450,10,S10,Self-Organized Criticality,25,R25,Counterfactual Analysis,22,P22,Infographic,complex,narrative,2.00,0.43
1451,10,S10,Self-Organized Criticality,25,R25,Counterfactual Analysis,28,P28,Slide Deck,complex,narrative,2.00,0.40
1452,10,S10,Self-Organized Criticality,25,R25,Counterfactual Analysis,30,P30,Video,complex,narrative,2.33,0.43
1453,10,S10,Self-Organized Criticality,25,R25,Counterfactual Analysis,33,P33,Narrative Synthesis,complex,narrative,2.33,0.40
1454,10,S10,Self-Organized Criticality,25,R25,Counterfactual Analysis,34,P34,Scenario Narrative,complex,narrative,2.33,0.43
1455,10,S10,Self-Organized Criticality,25,R25,Counterfactual Analysis,35,P35,Dialogue Format,complex,narrative,2.33,0.43
1456,10,S10,Self-Organized Criticality,25,R25,Counterfactual Analysis,36,P36,Metaphorical Explanation,complex,narrative,2.33,0.43
1457,10,S10,Self-Organized Criticality,26,R26,Pre-mortem Analysis,6,P6,Memo,complex,qualitative,2.00,0.37
1458,10,S10,Self-Organized Criticality,26,R26,Pre-mortem Analysis,8,P8,Technical Report,complex,qualitative,2.33,0.37
1459,10,S10,Self-Organized Criticality,26,R26,Pre-mortem Analysis,10,P10,White Paper,complex,qualitative,2.33,0.40
1460,10,S10,Self-Organized Criticality,26,R26,Pre-mortem Analysis,11,P11,Academic Paper,complex,qualitative,2.67,0.40
1461,10,S10,Self-Organized Criticality,26,R26,Pre-mortem Analysis,12,P12,Case Study,complex,qualitative,2.33,0.40
1462,10,S10,Self-Organized Criticality,26,R26,Pre-mortem Analysis,15,P15,Dialogue,complex,qualitative,2.33,0.40
1463,10,S10,Self-Organized Criticality,26,R26,Pre-mortem Analysis,33,P33,Narrative Synthesis,complex,qualitative,2.33,0.37
1464,10,S10,Self-Organized Criticality,26,R26,Pre-mortem Analysis,35,P35,Dialogue Format,complex,qualitative,2.33,0.40
1465,10,S10,Self-Organized Criticality,28,R28,Red Team/Blue Team,7,P7,Executive Summary,complex,comparative,2.00,0.43
1466,10,S10,Self-Organized Criticality,28,R28,Red Team/Blue Team,9,P9,Policy Brief,complex,comparative,2.33,0.50
1467,10,S10,Self-Organized Criticality,28,R28,Red Team/Blue Team,16,P16,Comparative Table,complex,comparative,2.00,0.43
1468,10,S10,Self-Organized Criticality,28,R28,Red Team/Blue Team,17,P17,Decision Matrix,complex,comparative,2.00,0.47
1469,10,S10,Self-Organized Criticality,31,R31,Critical Thinking,6,P6,Memo,complex,qualitative,2.00,0.37
1470,10,S10,Self-Organized Criticality,31,R31,Critical Thinking,8,P8,Technical Report,complex,qualitative,2.33,0.37
1471,10,S10,Self-Organized Criticality,31,R31,Critical Thinking,10,P10,White Paper,complex,qualitative,2.33,0.40
1472,10,S10,Self-Organized Criticality,31,R31,Critical Thinking,11,P11,Academic Paper,complex,qualitative,2.67,0.40
1473,10,S10,Self-Organized Criticality,31,R31,Critical Thinking,12,P12,Case Study,complex,qualitative,2.33,0.40
1474,10,S10,Self-Organized Criticality,31,R31,Critical Thinking,15,P15,Dialogue,complex,qualitative,2.33,0.40
1475,10,S10,Self-Organized Criticality,31,R31,Critical Thinking,33,P33,Narrative Synthesis,complex,qualitative,2.33,0.37
1476,10,S10,Self-Organized Criticality,31,R31,Critical Thinking,35,P35,Dialogue Format,complex,qualitative,2.33,0.40
1477,10,S10,Self-Organized Criticality,36,R36,Delphi Method,6,P6,Memo,complex,qualitative,2.00,0.43
1478,10,S10,Self-Organized Criticality,36,R36,Delphi Method,8,P8,Technical Report,complex,qualitative,2.33,0.43
1479,10,S10,Self-Organized Criticality,36,R36,Delphi Method,10,P10,White Paper,complex,qualitative,2.33,0.47
1480,10,S10,Self-Organized Criticality,36,R36,Delphi Method,11,P11,Academic Paper,complex,qualitative,2.67,0.47
1481,10,S10,Self-Organized Criticality,36,R36,Delphi Method,12,P12,Case Study,complex,qualitative,2.33,0.47
1482,10,S10,Self-Organized Criticality,36,R36,Delphi Method,15,P15,Dialogue,complex,qualitative,2.33,0.47
1483,10,S10,Self-Organized Criticality,36,R36,Delphi Method,33,P33,Narrative Synthesis,complex,qualitative,2.33,0.43
1484,10,S10,Self-Organized Criticality,36,R36,Delphi Method,35,P35,Dialogue Format,complex,qualitative,2.33,0.47
1485,10,S10,Self-Organized Criticality,38,R38,Six Thinking Hats,6,P6,Memo,complex,qualitative,1.67,0.40
1486,10,S10,Self-Organized Criticality,38,R38,Six Thinking Hats,8,P8,Technical Report,complex,qualitative,2.00,0.40
1487,10,S10,Self-Organized Criticality,38,R38,Six Thinking Hats,10,P10,White Paper,complex,qualitative,2.00,0.43
1488,10,S10,Self-Organized Criticality,38,R38,Six Thinking Hats,11,P11,Academic Paper,complex,qualitative,2.33,0.43
1489,10,S10,Self-Organized Criticality,38,R38,Six Thinking Hats,12,P12,Case Study,complex,qualitative,2.00,0.43
1490,10,S10,Self-Organized Criticality,38,R38,Six Thinking Hats,15,P15,Dialogue,complex,qualitative,2.00,0.43
1491,10,S10,Self-Organized Criticality,38,R38,Six Thinking Hats,33,P33,Narrative Synthesis,complex,qualitative,2.00,0.40
1492,10,S10,Self-Organized Criticality,38,R38,Six Thinking Hats,35,P35,Dialogue Format,complex,qualitative,2.00,0.43
1493,11,S11,SWOT Analysis,1,R1,Deductive Reasoning,1,P1,Cornell Notes,complicated,conceptual,1.00,0.27
1494,11,S11,SWOT Analysis,1,R1,Deductive Reasoning,2,P2,SQ3R,complicated,conceptual,1.00,0.30
1495,11,S11,SWOT Analysis,1,R1,Deductive Reasoning,3,P3,CODE (Second Brain),complicated,conceptual,1.33,0.27
1496,11,S11,SWOT Analysis,1,R1,Deductive Reasoning,4,P4,Progressive Summarization,complicated,conceptual,1.33,0.27
1497,11,S11,SWOT Analysis,1,R1,Deductive Reasoning,6,P6,Memo,complicated,conceptual,1.00,0.20
1498,11,S11,SWOT Analysis,1,R1,Deductive Reasoning,7,P7,Executive Summary,complicated,conceptual,1.00,0.20
1499,11,S11,SWOT Analysis,1,R1,Deductive Reasoning,10,P10,White Paper,complicated,conceptual,1.33,0.23
1500,11,S11,SWOT Analysis,1,R1,Deductive Reasoning,14,P14,FAQ,complicated,conceptual,1.00,0.20
1501,11,S11,SWOT Analysis,1,R1,Deductive Reasoning,25,P25,Mind Map,complicated,conceptual,1.00,0.20
1502,11,S11,SWOT Analysis,1,R1,Deductive Reasoning,28,P28,Slide Deck,complicated,conceptual,1.00,0.20
1503,11,S11,SWOT Analysis,1,R1,Deductive Reasoning,36,P36,Metaphorical Explanation,complicated,conceptual,1.33,0.23
1504,11,S11,SWOT Analysis,2,R2,Inductive Reasoning,6,P6,Memo,complicated,qualitative,1.33,0.20
1505,11,S11,SWOT Analysis,2,R2,Inductive Reasoning,8,P8,Technical Report,complicated,qualitative,1.67,0.20
1506,11,S11,SWOT Analysis,2,R2,Inductive Reasoning,10,P10,White Paper,complicated,qualitative,1.67,0.23
1507,11,S11,SWOT Analysis,2,R2,Inductive Reasoning,11,P11,Academic Paper,complicated,qualitative,2.00,0.23
1508,11,S11,SWOT Analysis,2,R2,Inductive Reasoning,12,P12,Case Study,complicated,qualitative,1.67,0.23
1509,11,S11,SWOT Analysis,2,R2,Inductive Reasoning,15,P15,Dialogue,complicated,qualitative,1.67,0.23
1510,11,S11,SWOT Analysis,2,R2,Inductive Reasoning,33,P33,Narrative Synthesis,complicated,qualitative,1.67,0.20
1511,11,S11,SWOT Analysis,2,R2,Inductive Reasoning,35,P35,Dialogue Format,complicated,qualitative,1.67,0.23
1512,11,S11,SWOT Analysis,3,R3,Abductive Reasoning,1,P1,Cornell Notes,complicated,conceptual,1.33,0.30
1513,11,S11,SWOT Analysis,3,R3,Abductive Reasoning,2,P2,SQ3R,complicated,conceptual,1.33,0.33
1514,11,S11,SWOT Analysis,3,R3,Abductive Reasoning,3,P3,CODE (Second Brain),complicated,conceptual,1.67,0.30
1515,11,S11,SWOT Analysis,3,R3,Abductive Reasoning,4,P4,Progressive Summarization,complicated,conceptual,1.67,0.30
1516,11,S11,SWOT Analysis,3,R3,Abductive Reasoning,6,P6,Memo,complicated,conceptual,1.33,0.23
1517,11,S11,SWOT Analysis,3,R3,Abductive Reasoning,7,P7,Executive Summary,complicated,conceptual,1.33,0.23
1518,11,S11,SWOT Analysis,3,R3,Abductive Reasoning,10,P10,White Paper,complicated,conceptual,1.67,0.27
1519,11,S11,SWOT Analysis,3,R3,Abductive Reasoning,14,P14,FAQ,complicated,conceptual,1.33,0.23
1520,11,S11,SWOT Analysis,3,R3,Abductive Reasoning,25,P25,Mind Map,complicated,conceptual,1.33,0.23
1521,11,S11,SWOT Analysis,3,R3,Abductive Reasoning,28,P28,Slide Deck,complicated,conceptual,1.33,0.23
1522,11,S11,SWOT Analysis,3,R3,Abductive Reasoning,36,P36,Metaphorical Explanation,complicated,conceptual,1.67,0.27
1523,11,S11,SWOT Analysis,4,R4,Root Cause Analysis,1,P1,Cornell Notes,complicated,conceptual,1.33,0.30
1524,11,S11,SWOT Analysis,4,R4,Root Cause Analysis,2,P2,SQ3R,complicated,conceptual,1.33,0.33
1525,11,S11,SWOT Analysis,4,R4,Root Cause Analysis,3,P3,CODE (Second Brain),complicated,conceptual,1.67,0.30
1526,11,S11,SWOT Analysis,4,R4,Root Cause Analysis,4,P4,Progressive Summarization,complicated,conceptual,1.67,0.30
1527,11,S11,SWOT Analysis,4,R4,Root Cause Analysis,6,P6,Memo,complicated,conceptual,1.33,0.23
1528,11,S11,SWOT Analysis,4,R4,Root Cause Analysis,7,P7,Executive Summary,complicated,conceptual,1.33,0.23
1529,11,S11,SWOT Analysis,4,R4,Root Cause Analysis,10,P10,White Paper,complicated,conceptual,1.67,0.27
1530,11,S11,SWOT Analysis,4,R4,Root Cause Analysis,14,P14,FAQ,complicated,conceptual,1.33,0.23
1531,11,S11,SWOT Analysis,4,R4,Root Cause Analysis,25,P25,Mind Map,complicated,conceptual,1.33,0.23
1532,11,S11,SWOT Analysis,4,R4,Root Cause Analysis,28,P28,Slide Deck,complicated,conceptual,1.33,0.23
1533,11,S11,SWOT Analysis,4,R4,Root Cause Analysis,36,P36,Metaphorical Explanation,complicated,conceptual,1.67,0.27
1534,11,S11,SWOT Analysis,5,R5,A3 Problem Solving,18,P18,Causal Diagram,complicated,visual,1.67,0.33
1535,11,S11,SWOT Analysis,5,R5,A3 Problem Solving,19,P19,Flowchart,complicated,visual,1.33,0.30
1536,11,S11,SWOT Analysis,5,R5,A3 Problem Solving,20,P20,Gantt Chart,complicated,visual,1.33,0.37
1537,11,S11,SWOT Analysis,5,R5,A3 Problem Solving,21,P21,Dashboard,complicated,visual,1.67,0.33
1538,11,S11,SWOT Analysis,5,R5,A3 Problem Solving,22,P22,Infographic,complicated,visual,1.33,0.33
1539,11,S11,SWOT Analysis,5,R5,A3 Problem Solving,23,P23,Systems Diagram,complicated,visual,1.67,0.37
1540,11,S11,SWOT Analysis,5,R5,A3 Problem Solving,24,P24,Network Graph,complicated,visual,1.67,0.37
1541,11,S11,SWOT Analysis,5,R5,A3 Problem Solving,25,P25,Mind Map,complicated,visual,1.33,0.30
1542,11,S11,SWOT Analysis,5,R5,A3 Problem Solving,26,P26,Timeline,complicated,visual,1.33,0.30
1543,11,S11,SWOT Analysis,5,R5,A3 Problem Solving,27,P27,Fishbone Diagram,complicated,visual,1.33,0.37
1544,11,S11,SWOT Analysis,5,R5,A3 Problem Solving,28,P28,Slide Deck,complicated,visual,1.33,0.30
1545,11,S11,SWOT Analysis,5,R5,A3 Problem Solving,29,P29,Interactive Visualization,complicated,visual,2.00,0.37
1546,11,S11,SWOT Analysis,5,R5,A3 Problem Solving,30,P30,Video,complicated,visual,1.67,0.33
1547,11,S11,SWOT Analysis,5,R5,A3 Problem Solving,31,P31,Simulation,complicated,visual,2.00,0.40
1548,11,S11,SWOT Analysis,6,R6,8D Problem Solving,5,P5,Checklist,complicated,sequential,1.33,0.37
1549,11,S11,SWOT Analysis,6,R6,8D Problem Solving,8,P8,Technical Report,complicated,sequential,1.67,0.33
1550,11,S11,SWOT Analysis,6,R6,8D Problem Solving,13,P13,Tutorial,complicated,sequential,1.33,0.37
1551,11,S11,SWOT Analysis,6,R6,8D Problem Solving,19,P19,Flowchart,complicated,sequential,1.33,0.33
1552,11,S11,SWOT Analysis,6,R6,8D Problem Solving,20,P20,Gantt Chart,complicated,sequential,1.33,0.40
1553,11,S11,SWOT Analysis,6,R6,8D Problem Solving,26,P26,Timeline,complicated,sequential,1.33,0.33
1554,11,S11,SWOT Analysis,6,R6,8D Problem Solving,32,P32,Annotated Code,complicated,sequential,1.67,0.47
1555,11,S11,SWOT Analysis,7,R7,TRIZ,1,P1,Cornell Notes,complicated,conceptual,1.67,0.37
1556,11,S11,SWOT Analysis,7,R7,TRIZ,2,P2,SQ3R,complicated,conceptual,1.67,0.40
1557,11,S11,SWOT Analysis,7,R7,TRIZ,3,P3,CODE (Second Brain),complicated,conceptual,2.00,0.37
1558,11,S11,SWOT Analysis,7,R7,TRIZ,4,P4,Progressive Summarization,complicated,conceptual,2.00,0.37
1559,11,S11,SWOT Analysis,7,R7,TRIZ,6,P6,Memo,complicated,conceptual,1.67,0.30
1560,11,S11,SWOT Analysis,7,R7,TRIZ,7,P7,Executive Summary,complicated,conceptual,1.67,0.30
1561,11,S11,SWOT Analysis,7,R7,TRIZ,10,P10,White Paper,complicated,conceptual,2.00,0.33
1562,11,S11,SWOT Analysis,7,R7,TRIZ,14,P14,FAQ,complicated,conceptual,1.67,0.30
1563,11,S11,SWOT Analysis,7,R7,TRIZ,25,P25,Mind Map,complicated,conceptual,1.67,0.30
1564,11,S11,SWOT Analysis,7,R7,TRIZ,28,P28,Slide Deck,complicated,conceptual,1.67,0.30
1565,11,S11,SWOT Analysis,7,R7,TRIZ,36,P36,Metaphorical Explanation,complicated,conceptual,2.00,0.33
1566,11,S11,SWOT Analysis,9,R9,OODA Loop,5,P5,Checklist,complicated,sequential,1.33,0.30
1567,11,S11,SWOT Analysis,9,R9,OODA Loop,8,P8,Technical Report,complicated,sequential,1.67,0.27
1568,11,S11,SWOT Analysis,9,R9,OODA Loop,13,P13,Tutorial,complicated,sequential,1.33,0.30
1569,11,S11,SWOT Analysis,9,R9,OODA Loop,19,P19,Flowchart,complicated,sequential,1.33,0.27
1570,11,S11,SWOT Analysis,9,R9,OODA Loop,20,P20,Gantt Chart,complicated,sequential,1.33,0.33
1571,11,S11,SWOT Analysis,9,R9,OODA Loop,26,P26,Timeline,complicated,sequential,1.33,0.27
1572,11,S11,SWOT Analysis,9,R9,OODA Loop,32,P32,Annotated Code,complicated,sequential,1.67,0.40
1573,11,S11,SWOT Analysis,10,R10,PDCA,5,P5,Checklist,complicated,sequential,1.00,0.27
1574,11,S11,SWOT Analysis,10,R10,PDCA,8,P8,Technical Report,complicated,sequential,1.33,0.23
1575,11,S11,SWOT Analysis,10,R10,PDCA,13,P13,Tutorial,complicated,sequential,1.00,0.27
1576,11,S11,SWOT Analysis,10,R10,PDCA,19,P19,Flowchart,complicated,sequential,1.00,0.23
1577,11,S11,SWOT Analysis,10,R10,PDCA,20,P20,Gantt Chart,complicated,sequential,1.00,0.30
1578,11,S11,SWOT Analysis,10,R10,PDCA,26,P26,Timeline,complicated,sequential,1.00,0.23
1579,11,S11,SWOT Analysis,10,R10,PDCA,32,P32,Annotated Code,complicated,sequential,1.33,0.37
1580,11,S11,SWOT Analysis,11,R11,GROW Model,5,P5,Checklist,complicated,sequential,1.00,0.33
1581,11,S11,SWOT Analysis,11,R11,GROW Model,8,P8,Technical Report,complicated,sequential,1.33,0.30
1582,11,S11,SWOT Analysis,11,R11,GROW Model,13,P13,Tutorial,complicated,sequential,1.00,0.33
1583,11,S11,SWOT Analysis,11,R11,GROW Model,19,P19,Flowchart,complicated,sequential,1.00,0.30
1584,11,S11,SWOT Analysis,11,R11,GROW Model,20,P20,Gantt Chart,complicated,sequential,1.00,0.37
1585,11,S11,SWOT Analysis,11,R11,GROW Model,26,P26,Timeline,complicated,sequential,1.00,0.30
1586,11,S11,SWOT Analysis,11,R11,GROW Model,32,P32,Annotated Code,complicated,sequential,1.33,0.43
1587,11,S11,SWOT Analysis,12,R12,Scientific Method,5,P5,Checklist,complicated,sequential,1.33,0.23
1588,11,S11,SWOT Analysis,12,R12,Scientific Method,8,P8,Technical Report,complicated,sequential,1.67,0.20
1589,11,S11,SWOT Analysis,12,R12,Scientific Method,13,P13,Tutorial,complicated,sequential,1.33,0.23
1590,11,S11,SWOT Analysis,12,R12,Scientific Method,19,P19,Flowchart,complicated,sequential,1.33,0.20
1591,11,S11,SWOT Analysis,12,R12,Scientific Method,20,P20,Gantt Chart,complicated,sequential,1.33,0.27
1592,11,S11,SWOT Analysis,12,R12,Scientific Method,26,P26,Timeline,complicated,sequential,1.33,0.20
1593,11,S11,SWOT Analysis,12,R12,Scientific Method,32,P32,Annotated Code,complicated,sequential,1.67,0.33
1594,11,S11,SWOT Analysis,13,R13,MCDA,7,P7,Executive Summary,complicated,comparative,1.33,0.23
1595,11,S11,SWOT Analysis,13,R13,MCDA,8,P8,Technical Report,complicated,quantitative,1.67,0.23
1596,11,S11,SWOT Analysis,13,R13,MCDA,9,P9,Policy Brief,complicated,comparative,1.67,0.30
1597,11,S11,SWOT Analysis,13,R13,MCDA,11,P11,Academic Paper,complicated,quantitative,2.00,0.27
1598,11,S11,SWOT Analysis,13,R13,MCDA,16,P16,Comparative Table,complicated,comparative,1.33,0.23
1599,11,S11,SWOT Analysis,13,R13,MCDA,17,P17,Decision Matrix,complicated,comparative; quantitative,1.33,0.27
1600,11,S11,SWOT Analysis,13,R13,MCDA,21,P21,Dashboard,complicated,quantitative,1.67,0.27
1601,11,S11,SWOT Analysis,13,R13,MCDA,29,P29,Interactive Visualization,complicated,quantitative,2.00,0.30
1602,11,S11,SWOT Analysis,13,R13,MCDA,31,P31,Simulation,complicated,quantitative,2.00,0.33
1603,11,S11,SWOT Analysis,18,R18,Hypothesis Testing,8,P8,Technical Report,complicated,quantitative,1.67,0.23
1604,11,S11,SWOT Analysis,18,R18,Hypothesis Testing,11,P11,Academic Paper,complicated,quantitative,2.00,0.27
1605,11,S11,SWOT Analysis,18,R18,Hypothesis Testing,17,P17,Decision Matrix,complicated,quantitative,1.33,0.27
1606,11,S11,SWOT Analysis,18,R18,Hypothesis Testing,21,P21,Dashboard,complicated,quantitative,1.67,0.27
1607,11,S11,SWOT Analysis,18,R18,Hypothesis Testing,29,P29,Interactive Visualization,complicated,quantitative,2.00,0.30
1608,11,S11,SWOT Analysis,18,R18,Hypothesis Testing,31,P31,Simulation,complicated,quantitative,2.00,0.33
1609,11,S11,SWOT Analysis,20,R20,Sensitivity Analysis,8,P8,Technical Report,complicated,quantitative,1.67,0.23
1610,11,S11,SWOT Analysis,20,R20,Sensitivity Analysis,11,P11,Academic Paper,complicated,quantitative,2.00,0.27
1611,11,S11,SWOT Analysis,20,R20,Sensitivity Analysis,17,P17,Decision Matrix,complicated,quantitative,1.33,0.27
1612,11,S11,SWOT Analysis,20,R20,Sensitivity Analysis,21,P21,Dashboard,complicated,quantitative,1.67,0.27
1613,11,S11,SWOT Analysis,20,R20,Sensitivity Analysis,29,P29,Interactive Visualization,complicated,quantitative,2.00,0.30
1614,11,S11,SWOT Analysis,20,R20,Sensitivity Analysis,31,P31,Simulation,complicated,quantitative,2.00,0.33
1615,11,S11,SWOT Analysis,21,R21,Analogical Reasoning,1,P1,Cornell Notes,complicated,conceptual,1.33,0.27
1616,11,S11,SWOT Analysis,21,R21,Analogical Reasoning,2,P2,SQ3R,complicated,conceptual,1.33,0.30
1617,11,S11,SWOT Analysis,21,R21,Analogical Reasoning,3,P3,CODE (Second Brain),complicated,conceptual,1.67,0.27
1618,11,S11,SWOT Analysis,21,R21,Analogical Reasoning,4,P4,Progressive Summarization,complicated,conceptual,1.67,0.27
1619,11,S11,SWOT Analysis,21,R21,Analogical Reasoning,6,P6,Memo,complicated,conceptual,1.33,0.20
1620,11,S11,SWOT Analysis,21,R21,Analogical Reasoning,7,P7,Executive Summary,complicated,conceptual,1.33,0.20
1621,11,S11,SWOT Analysis,21,R21,Analogical Reasoning,10,P10,White Paper,complicated,conceptual,1.67,0.23
1622,11,S11,SWOT Analysis,21,R21,Analogical Reasoning,14,P14,FAQ,complicated,conceptual,1.33,0.20
1623,11,S11,SWOT Analysis,21,R21,Analogical Reasoning,25,P25,Mind Map,complicated,conceptual,1.33,0.20
1624,11,S11,SWOT Analysis,21,R21,Analogical Reasoning,28,P28,Slide Deck,complicated,conceptual,1.33,0.20
1625,11,S11,SWOT Analysis,21,R21,Analogical Reasoning,36,P36,Metaphorical Explanation,complicated,conceptual,1.67,0.23
1626,11,S11,SWOT Analysis,22,R22,Case-Based Reasoning,7,P7,Executive Summary,complicated,comparative,1.33,0.23
1627,11,S11,SWOT Analysis,22,R22,Case-Based Reasoning,9,P9,Policy Brief,complicated,comparative,1.67,0.30
1628,11,S11,SWOT Analysis,22,R22,Case-Based Reasoning,16,P16,Comparative Table,complicated,comparative,1.33,0.23
1629,11,S11,SWOT Analysis,22,R22,Case-Based Reasoning,17,P17,Decision Matrix,complicated,comparative,1.33,0.27
1630,11,S11,SWOT Analysis,23,R23,Benchmarking,7,P7,Executive Summary,complicated,comparative,1.00,0.23
1631,11,S11,SWOT Analysis,23,R23,Benchmarking,9,P9,Policy Brief,complicated,comparative,1.33,0.30
1632,11,S11,SWOT Analysis,23,R23,Benchmarking,16,P16,Comparative Table,complicated,comparative,1.00,0.23
1633,11,S11,SWOT Analysis,23,R23,Benchmarking,17,P17,Decision Matrix,complicated,comparative,1.00,0.27
1634,11,S11,SWOT Analysis,25,R25,Counterfactual Analysis,6,P6,Memo,complicated,narrative,1.33,0.23
1635,11,S11,SWOT Analysis,25,R25,Counterfactual Analysis,9,P9,Policy Brief,complicated,narrative,1.67,0.30
1636,11,S11,SWOT Analysis,25,R25,Counterfactual Analysis,12,P12,Case Study,complicated,narrative,1.67,0.27
1637,11,S11,SWOT Analysis,25,R25,Counterfactual Analysis,15,P15,Dialogue,complicated,narrative,1.67,0.27
1638,11,S11,SWOT Analysis,25,R25,Counterfactual Analysis,22,P22,Infographic,complicated,narrative,1.33,0.27
1639,11,S11,SWOT Analysis,25,R25,Counterfactual Analysis,28,P28,Slide Deck,complicated,narrative,1.33,0.23
1640,11,S11,SWOT Analysis,25,R25,Counterfactual Analysis,30,P30,Video,complicated,narrative,1.67,0.27
1641,11,S11,SWOT Analysis,25,R25,Counterfactual Analysis,33,P33,Narrative Synthesis,complicated,narrative,1.67,0.23
1642,11,S11,SWOT Analysis,25,R25,Counterfactual Analysis,34,P34,Scenario Narrative,complicated,narrative,1.67,0.27
1643,11,S11,SWOT Analysis,25,R25,Counterfactual Analysis,35,P35,Dialogue Format,complicated,narrative,1.67,0.27
1644,11,S11,SWOT Analysis,25,R25,Counterfactual Analysis,36,P36,Metaphorical Explanation,complicated,narrative,1.67,0.27
1645,11,S11,SWOT Analysis,26,R26,Pre-mortem Analysis,6,P6,Memo,complicated,qualitative,1.33,0.20
1646,11,S11,SWOT Analysis,26,R26,Pre-mortem Analysis,8,P8,Technical Report,complicated,qualitative,1.67,0.20
1647,11,S11,SWOT Analysis,26,R26,Pre-mortem Analysis,10,P10,White Paper,complicated,qualitative,1.67,0.23
1648,11,S11,SWOT Analysis,26,R26,Pre-mortem Analysis,11,P11,Academic Paper,complicated,qualitative,2.00,0.23
1649,11,S11,SWOT Analysis,26,R26,Pre-mortem Analysis,12,P12,Case Study,complicated,qualitative,1.67,0.23
1650,11,S11,SWOT Analysis,26,R26,Pre-mortem Analysis,15,P15,Dialogue,complicated,qualitative,1.67,0.23
1651,11,S11,SWOT Analysis,26,R26,Pre-mortem Analysis,33,P33,Narrative Synthesis,complicated,qualitative,1.67,0.20
1652,11,S11,SWOT Analysis,26,R26,Pre-mortem Analysis,35,P35,Dialogue Format,complicated,qualitative,1.67,0.23
1653,11,S11,SWOT Analysis,27,R27,Post-mortem Analysis,6,P6,Memo,complicated,qualitative,1.00,0.23
1654,11,S11,SWOT Analysis,27,R27,Post-mortem Analysis,8,P8,Technical Report,complicated,qualitative,1.33,0.23
1655,11,S11,SWOT Analysis,27,R27,Post-mortem Analysis,10,P10,White Paper,complicated,qualitative,1.33,0.27
1656,11,S11,SWOT Analysis,27,R27,Post-mortem Analysis,11,P11,Academic Paper,complicated,qualitative,1.67,0.27
1657,11,S11,SWOT Analysis,27,R27,Post-mortem Analysis,12,P12,Case Study,complicated,qualitative,1.33,0.27
1658,11,S11,SWOT Analysis,27,R27,Post-mortem Analysis,15,P15,Dialogue,complicated,qualitative,1.33,0.27
1659,11,S11,SWOT Analysis,27,R27,Post-mortem Analysis,33,P33,Narrative Synthesis,complicated,qualitative,1.33,0.23
1660,11,S11,SWOT Analysis,27,R27,Post-mortem Analysis,35,P35,Dialogue Format,complicated,qualitative,1.33,0.27
1661,11,S11,SWOT Analysis,28,R28,Red Team/Blue Team,7,P7,Executive Summary,complicated,comparative,1.33,0.27
1662,11,S11,SWOT Analysis,28,R28,Red Team/Blue Team,9,P9,Policy Brief,complicated,comparative,1.67,0.33
1663,11,S11,SWOT Analysis,28,R28,Red Team/Blue Team,16,P16,Comparative Table,complicated,comparative,1.33,0.27
1664,11,S11,SWOT Analysis,28,R28,Red Team/Blue Team,17,P17,Decision Matrix,complicated,comparative,1.33,0.30
1665,11,S11,SWOT Analysis,29,R29,Devil's Advocate,6,P6,Memo,complicated,qualitative,1.00,0.20
1666,11,S11,SWOT Analysis,29,R29,Devil's Advocate,8,P8,Technical Report,complicated,qualitative,1.33,0.20
1667,11,S11,SWOT Analysis,29,R29,Devil's Advocate,10,P10,White Paper,complicated,qualitative,1.33,0.23
1668,11,S11,SWOT Analysis,29,R29,Devil's Advocate,11,P11,Academic Paper,complicated,qualitative,1.67,0.23
1669,11,S11,SWOT Analysis,29,R29,Devil's Advocate,12,P12,Case Study,complicated,qualitative,1.33,0.23
1670,11,S11,SWOT Analysis,29,R29,Devil's Advocate,15,P15,Dialogue,complicated,qualitative,1.33,0.23
1671,11,S11,SWOT Analysis,29,R29,Devil's Advocate,33,P33,Narrative Synthesis,complicated,qualitative,1.33,0.20
1672,11,S11,SWOT Analysis,29,R29,Devil's Advocate,35,P35,Dialogue Format,complicated,qualitative,1.33,0.23
1673,11,S11,SWOT Analysis,31,R31,Critical Thinking,6,P6,Memo,complicated,qualitative,1.33,0.20
1674,11,S11,SWOT Analysis,31,R31,Critical Thinking,8,P8,Technical Report,complicated,qualitative,1.67,0.20
1675,11,S11,SWOT Analysis,31,R31,Critical Thinking,10,P10,White Paper,complicated,qualitative,1.67,0.23
1676,11,S11,SWOT Analysis,31,R31,Critical Thinking,11,P11,Academic Paper,complicated,qualitative,2.00,0.23
1677,11,S11,SWOT Analysis,31,R31,Critical Thinking,12,P12,Case Study,complicated,qualitative,1.67,0.23
1678,11,S11,SWOT Analysis,31,R31,Critical Thinking,15,P15,Dialogue,complicated,qualitative,1.67,0.23
1679,11,S11,SWOT Analysis,31,R31,Critical Thinking,33,P33,Narrative Synthesis,complicated,qualitative,1.67,0.20
1680,11,S11,SWOT Analysis,31,R31,Critical Thinking,35,P35,Dialogue Format,complicated,qualitative,1.67,0.23
1681,11,S11,SWOT Analysis,32,R32,FMEA,7,P7,Executive Summary,complicated,comparative,1.33,0.30
1682,11,S11,SWOT Analysis,32,R32,FMEA,8,P8,Technical Report,complicated,quantitative,1.67,0.30
1683,11,S11,SWOT Analysis,32,R32,FMEA,9,P9,Policy Brief,complicated,comparative,1.67,0.37
1684,11,S11,SWOT Analysis,32,R32,FMEA,11,P11,Academic Paper,complicated,quantitative,2.00,0.33
1685,11,S11,SWOT Analysis,32,R32,FMEA,16,P16,Comparative Table,complicated,comparative,1.33,0.30
1686,11,S11,SWOT Analysis,32,R32,FMEA,17,P17,Decision Matrix,complicated,comparative; quantitative,1.33,0.33
1687,11,S11,SWOT Analysis,32,R32,FMEA,21,P21,Dashboard,complicated,quantitative,1.67,0.33
1688,11,S11,SWOT Analysis,32,R32,FMEA,29,P29,Interactive Visualization,complicated,quantitative,2.00,0.37
1689,11,S11,SWOT Analysis,32,R32,FMEA,31,P31,Simulation,complicated,quantitative,2.00,0.40
1690,11,S11,SWOT Analysis,33,R33,Fault Tree Analysis,18,P18,Causal Diagram,complicated,visual,1.67,0.33
1691,11,S11,SWOT Analysis,33,R33,Fault Tree Analysis,19,P19,Flowchart,complicated,visual,1.33,0.30
1692,11,S11,SWOT Analysis,33,R33,Fault Tree Analysis,20,P20,Gantt Chart,complicated,visual,1.33,0.37
1693,11,S11,SWOT Analysis,33,R33,Fault Tree Analysis,21,P21,Dashboard,complicated,visual,1.67,0.33
1694,11,S11,SWOT Analysis,33,R33,Fault Tree Analysis,22,P22,Infographic,complicated,visual,1.33,0.33
1695,11,S11,SWOT Analysis,33,R33,Fault Tree Analysis,23,P23,Systems Diagram,complicated,visual,1.67,0.37
1696,11,S11,SWOT Analysis,33,R33,Fault Tree Analysis,24,P24,Network Graph,complicated,visual,1.67,0.37
1697,11,S11,SWOT Analysis,33,R33,Fault Tree Analysis,25,P25,Mind Map,complicated,visual,1.33,0.30
1698,11,S11,SWOT Analysis,33,R33,Fault Tree Analysis,26,P26,Timeline,complicated,visual,1.33,0.30
1699,11,S11,SWOT Analysis,33,R33,Fault Tree Analysis,27,P27,Fishbone Diagram,complicated,visual,1.33,0.37
1700,11,S11,SWOT Analysis,33,R33,Fault Tree Analysis,28,P28,Slide Deck,complicated,visual,1.33,0.30
1701,11,S11,SWOT Analysis,33,R33,Fault Tree Analysis,29,P29,Interactive Visualization,complicated,visual,2.00,0.37
1702,11,S11,SWOT Analysis,33,R33,Fault Tree Analysis,30,P30,Video,complicated,visual,1.67,0.33
1703,11,S11,SWOT Analysis,33,R33,Fault Tree Analysis,31,P31,Simulation,complicated,visual,2.00,0.40
1704,11,S11,SWOT Analysis,34,R34,Event Tree Analysis,5,P5,Checklist,complicated,sequential,1.33,0.33
1705,11,S11,SWOT Analysis,34,R34,Event Tree Analysis,8,P8,Technical Report,complicated,sequential,1.67,0.30
1706,11,S11,SWOT Analysis,34,R34,Event Tree Analysis,13,P13,Tutorial,complicated,sequential,1.33,0.33
1707,11,S11,SWOT Analysis,34,R34,Event Tree Analysis,19,P19,Flowchart,complicated,sequential,1.33,0.30
1708,11,S11,SWOT Analysis,34,R34,Event Tree Analysis,20,P20,Gantt Chart,complicated,sequential,1.33,0.37
1709,11,S11,SWOT Analysis,34,R34,Event Tree Analysis,26,P26,Timeline,complicated,sequential,1.33,0.30
1710,11,S11,SWOT Analysis,34,R34,Event Tree Analysis,32,P32,Annotated Code,complicated,sequential,1.67,0.43
1711,11,S11,SWOT Analysis,35,R35,Bow-Tie Analysis,18,P18,Causal Diagram,complicated,visual,1.67,0.33
1712,11,S11,SWOT Analysis,35,R35,Bow-Tie Analysis,19,P19,Flowchart,complicated,visual,1.33,0.30
1713,11,S11,SWOT Analysis,35,R35,Bow-Tie Analysis,20,P20,Gantt Chart,complicated,visual,1.33,0.37
1714,11,S11,SWOT Analysis,35,R35,Bow-Tie Analysis,21,P21,Dashboard,complicated,visual,1.67,0.33
1715,11,S11,SWOT Analysis,35,R35,Bow-Tie Analysis,22,P22,Infographic,complicated,visual,1.33,0.33
1716,11,S11,SWOT Analysis,35,R35,Bow-Tie Analysis,23,P23,Systems Diagram,complicated,visual,1.67,0.37
1717,11,S11,SWOT Analysis,35,R35,Bow-Tie Analysis,24,P24,Network Graph,complicated,visual,1.67,0.37
1718,11,S11,SWOT Analysis,35,R35,Bow-Tie Analysis,25,P25,Mind Map,complicated,visual,1.33,0.30
1719,11,S11,SWOT Analysis,35,R35,Bow-Tie Analysis,26,P26,Timeline,complicated,visual,1.33,0.30
1720,11,S11,SWOT Analysis,35,R35,Bow-Tie Analysis,27,P27,Fishbone Diagram,complicated,visual,1.33,0.37
1721,11,S11,SWOT Analysis,35,R35,Bow-Tie Analysis,28,P28,Slide Deck,complicated,visual,1.33,0.30
1722,11,S11,SWOT Analysis,35,R35,Bow-Tie Analysis,29,P29,Interactive Visualization,complicated,visual,2.00,0.37
1723,11,S11,SWOT Analysis,35,R35,Bow-Tie Analysis,30,P30,Video,complicated,visual,1.67,0.33
1724,11,S11,SWOT Analysis,35,R35,Bow-Tie Analysis,31,P31,Simulation,complicated,visual,2.00,0.40
1725,11,S11,SWOT Analysis,37,R37,Nominal Group Technique,6,P6,Memo,complicated,qualitative,1.00,0.23
1726,11,S11,SWOT Analysis,37,R37,Nominal Group Technique,8,P8,Technical Report,complicated,qualitative,1.33,0.23
1727,11,S11,SWOT Analysis,37,R37,Nominal Group Technique,10,P10,White Paper,complicated,qualitative,1.33,0.27
1728,11,S11,SWOT Analysis,37,R37,Nominal Group Technique,11,P11,Academic Paper,complicated,qualitative,1.67,0.27
1729,11,S11,SWOT Analysis,37,R37,Nominal Group Technique,12,P12,Case Study,complicated,qualitative,1.33,0.27
1730,11,S11,SWOT Analysis,37,R37,Nominal Group Technique,15,P15,Dialogue,complicated,qualitative,1.33,0.27
1731,11,S11,SWOT Analysis,37,R37,Nominal Group Technique,33,P33,Narrative Synthesis,complicated,qualitative,1.33,0.23
1732,11,S11,SWOT Analysis,37,R37,Nominal Group Technique,35,P35,Dialogue Format,complicated,qualitative,1.33,0.27
1733,11,S11,SWOT Analysis,38,R38,Six Thinking Hats,6,P6,Memo,complicated,qualitative,1.00,0.23
1734,11,S11,SWOT Analysis,38,R38,Six Thinking Hats,8,P8,Technical Report,complicated,qualitative,1.33,0.23
1735,11,S11,SWOT Analysis,38,R38,Six Thinking Hats,10,P10,White Paper,complicated,qualitative,1.33,0.27
1736,11,S11,SWOT Analysis,38,R38,Six Thinking Hats,11,P11,Academic Paper,complicated,qualitative,1.67,0.27
1737,11,S11,SWOT Analysis,38,R38,Six Thinking Hats,12,P12,Case Study,complicated,qualitative,1.33,0.27
1738,11,S11,SWOT Analysis,38,R38,Six Thinking Hats,15,P15,Dialogue,complicated,qualitative,1.33,0.27
1739,11,S11,SWOT Analysis,38,R38,Six Thinking Hats,33,P33,Narrative Synthesis,complicated,qualitative,1.33,0.23
1740,11,S11,SWOT Analysis,38,R38,Six Thinking Hats,35,P35,Dialogue Format,complicated,qualitative,1.33,0.27
1741,11,S11,SWOT Analysis,39,R39,Linear Programming,8,P8,Technical Report,complicated,quantitative,2.00,0.30
1742,11,S11,SWOT Analysis,39,R39,Linear Programming,11,P11,Academic Paper,complicated,quantitative,2.33,0.33
1743,11,S11,SWOT Analysis,39,R39,Linear Programming,17,P17,Decision Matrix,complicated,quantitative,1.67,0.33
1744,11,S11,SWOT Analysis,39,R39,Linear Programming,21,P21,Dashboard,complicated,quantitative,2.00,0.33
1745,11,S11,SWOT Analysis,39,R39,Linear Programming,29,P29,Interactive Visualization,complicated,quantitative,2.33,0.37
1746,11,S11,SWOT Analysis,39,R39,Linear Programming,31,P31,Simulation,complicated,quantitative,2.33,0.40
1747,11,S11,SWOT Analysis,40,R40,Decision Trees,5,P5,Checklist,complicated,sequential,1.33,0.27
1748,11,S11,SWOT Analysis,40,R40,Decision Trees,8,P8,Technical Report,complicated,sequential,1.67,0.23
1749,11,S11,SWOT Analysis,40,R40,Decision Trees,13,P13,Tutorial,complicated,sequential,1.33,0.27
1750,11,S11,SWOT Analysis,40,R40,Decision Trees,18,P18,Causal Diagram,complicated,visual,1.67,0.27
1751,11,S11,SWOT Analysis,40,R40,Decision Trees,19,P19,Flowchart,complicated,sequential; visual,1.33,0.23
1752,11,S11,SWOT Analysis,40,R40,Decision Trees,20,P20,Gantt Chart,complicated,sequential; visual,1.33,0.30
1753,11,S11,SWOT Analysis,40,R40,Decision Trees,21,P21,Dashboard,complicated,visual,1.67,0.27
1754,11,S11,SWOT Analysis,40,R40,Decision Trees,22,P22,Infographic,complicated,visual,1.33,0.27
1755,11,S11,SWOT Analysis,40,R40,Decision Trees,23,P23,Systems Diagram,complicated,visual,1.67,0.30
1756,11,S11,SWOT Analysis,40,R40,Decision Trees,24,P24,Network Graph,complicated,visual,1.67,0.30
1757,11,S11,SWOT Analysis,40,R40,Decision Trees,25,P25,Mind Map,complicated,visual,1.33,0.23
1758,11,S11,SWOT Analysis,40,R40,Decision Trees,26,P26,Timeline,complicated,sequential; visual,1.33,0.23
1759,11,S11,SWOT Analysis,40,R40,Decision Trees,27,P27,Fishbone Diagram,complicated,visual,1.33,0.30
1760,11,S11,SWOT Analysis,40,R40,Decision Trees,28,P28,Slide Deck,complicated,visual,1.33,0.23
1761,11,S11,SWOT Analysis,40,R40,Decision Trees,29,P29,Interactive Visualization,complicated,visual,2.00,0.30
1762,11,S11,SWOT Analysis,40,R40,Decision Trees,30,P30,Video,complicated,visual,1.67,0.27
1763,11,S11,SWOT Analysis,40,R40,Decision Trees,31,P31,Simulation,complicated,visual,2.00,0.33
1764,11,S11,SWOT Analysis,40,R40,Decision Trees,32,P32,Annotated Code,complicated,sequential,1.67,0.37
1765,11,S11,SWOT Analysis,41,R41,Cost-Benefit Analysis,7,P7,Executive Summary,complicated,comparative,1.33,0.23
1766,11,S11,SWOT Analysis,41,R41,Cost-Benefit Analysis,8,P8,Technical Report,complicated,quantitative,1.67,0.23
1767,11,S11,SWOT Analysis,41,R41,Cost-Benefit Analysis,9,P9,Policy Brief,complicated,comparative,1.67,0.30
1768,11,S11,SWOT Analysis,41,R41,Cost-Benefit Analysis,11,P11,Academic Paper,complicated,quantitative,2.00,0.27
1769,11,S11,SWOT Analysis,41,R41,Cost-Benefit Analysis,16,P16,Comparative Table,complicated,comparative,1.33,0.23
1770,11,S11,SWOT Analysis,41,R41,Cost-Benefit Analysis,17,P17,Decision Matrix,complicated,comparative; quantitative,1.33,0.27
1771,11,S11,SWOT Analysis,41,R41,Cost-Benefit Analysis,21,P21,Dashboard,complicated,quantitative,1.67,0.27
1772,11,S11,SWOT Analysis,41,R41,Cost-Benefit Analysis,29,P29,Interactive Visualization,complicated,quantitative,2.00,0.30
1773,11,S11,SWOT Analysis,41,R41,Cost-Benefit Analysis,31,P31,Simulation,complicated,quantitative,2.00,0.33
1774,11,S11,SWOT Analysis,42,R42,Trade-off Analysis,7,P7,Executive Summary,complicated,comparative,1.33,0.20
1775,11,S11,SWOT Analysis,42,R42,Trade-off Analysis,9,P9,Policy Brief,complicated,comparative,1.67,0.27
1776,11,S11,SWOT Analysis,42,R42,Trade-off Analysis,16,P16,Comparative Table,complicated,comparative,1.33,0.20
1777,11,S11,SWOT Analysis,42,R42,Trade-off Analysis,17,P17,Decision Matrix,complicated,comparative,1.33,0.23
1778,12,S12,Porter's Five Forces,1,R1,Deductive Reasoning,1,P1,Cornell Notes,complicated,conceptual,1.33,0.33
1779,12,S12,Porter's Five Forces,1,R1,Deductive Reasoning,2,P2,SQ3R,complicated,conceptual,1.33,0.37
1780,12,S12,Porter's Five Forces,1,R1,Deductive Reasoning,3,P3,CODE (Second Brain),complicated,conceptual,1.67,0.33
1781,12,S12,Porter's Five Forces,1,R1,Deductive Reasoning,4,P4,Progressive Summarization,complicated,conceptual,1.67,0.33
1782,12,S12,Porter's Five Forces,1,R1,Deductive Reasoning,6,P6,Memo,complicated,conceptual,1.33,0.27
1783,12,S12,Porter's Five Forces,1,R1,Deductive Reasoning,7,P7,Executive Summary,complicated,conceptual,1.33,0.27
1784,12,S12,Porter's Five Forces,1,R1,Deductive Reasoning,10,P10,White Paper,complicated,conceptual,1.67,0.30
1785,12,S12,Porter's Five Forces,1,R1,Deductive Reasoning,14,P14,FAQ,complicated,conceptual,1.33,0.27
1786,12,S12,Porter's Five Forces,1,R1,Deductive Reasoning,25,P25,Mind Map,complicated,conceptual,1.33,0.27
1787,12,S12,Porter's Five Forces,1,R1,Deductive Reasoning,28,P28,Slide Deck,complicated,conceptual,1.33,0.27
1788,12,S12,Porter's Five Forces,1,R1,Deductive Reasoning,36,P36,Metaphorical Explanation,complicated,conceptual,1.67,0.30
1789,12,S12,Porter's Five Forces,2,R2,Inductive Reasoning,6,P6,Memo,complicated,qualitative,1.67,0.27
1790,12,S12,Porter's Five Forces,2,R2,Inductive Reasoning,8,P8,Technical Report,complicated,qualitative,2.00,0.27
1791,12,S12,Porter's Five Forces,2,R2,Inductive Reasoning,10,P10,White Paper,complicated,qualitative,2.00,0.30
1792,12,S12,Porter's Five Forces,2,R2,Inductive Reasoning,11,P11,Academic Paper,complicated,qualitative,2.33,0.30
1793,12,S12,Porter's Five Forces,2,R2,Inductive Reasoning,12,P12,Case Study,complicated,qualitative,2.00,0.30
1794,12,S12,Porter's Five Forces,2,R2,Inductive Reasoning,15,P15,Dialogue,complicated,qualitative,2.00,0.30
1795,12,S12,Porter's Five Forces,2,R2,Inductive Reasoning,33,P33,Narrative Synthesis,complicated,qualitative,2.00,0.27
1796,12,S12,Porter's Five Forces,2,R2,Inductive Reasoning,35,P35,Dialogue Format,complicated,qualitative,2.00,0.30
1797,12,S12,Porter's Five Forces,3,R3,Abductive Reasoning,1,P1,Cornell Notes,complicated,conceptual,1.67,0.37
1798,12,S12,Porter's Five Forces,3,R3,Abductive Reasoning,2,P2,SQ3R,complicated,conceptual,1.67,0.40
1799,12,S12,Porter's Five Forces,3,R3,Abductive Reasoning,3,P3,CODE (Second Brain),complicated,conceptual,2.00,0.37
1800,12,S12,Porter's Five Forces,3,R3,Abductive Reasoning,4,P4,Progressive Summarization,complicated,conceptual,2.00,0.37
1801,12,S12,Porter's Five Forces,3,R3,Abductive Reasoning,6,P6,Memo,complicated,conceptual,1.67,0.30
1802,12,S12,Porter's Five Forces,3,R3,Abductive Reasoning,7,P7,Executive Summary,complicated,conceptual,1.67,0.30
1803,12,S12,Porter's Five Forces,3,R3,Abductive Reasoning,10,P10,White Paper,complicated,conceptual,2.00,0.33
1804,12,S12,Porter's Five Forces,3,R3,Abductive Reasoning,14,P14,FAQ,complicated,conceptual,1.67,0.30
1805,12,S12,Porter's Five Forces,3,R3,Abductive Reasoning,25,P25,Mind Map,complicated,conceptual,1.67,0.30
1806,12,S12,Porter's Five Forces,3,R3,Abductive Reasoning,28,P28,Slide Deck,complicated,conceptual,1.67,0.30
1807,12,S12,Porter's Five Forces,3,R3,Abductive Reasoning,36,P36,Metaphorical Explanation,complicated,conceptual,2.00,0.33
1808,12,S12,Porter's Five Forces,4,R4,Root Cause Analysis,1,P1,Cornell Notes,complicated,conceptual,1.67,0.37
1809,12,S12,Porter's Five Forces,4,R4,Root Cause Analysis,2,P2,SQ3R,complicated,conceptual,1.67,0.40
1810,12,S12,Porter's Five Forces,4,R4,Root Cause Analysis,3,P3,CODE (Second Brain),complicated,conceptual,2.00,0.37
1811,12,S12,Porter's Five Forces,4,R4,Root Cause Analysis,4,P4,Progressive Summarization,complicated,conceptual,2.00,0.37
1812,12,S12,Porter's Five Forces,4,R4,Root Cause Analysis,6,P6,Memo,complicated,conceptual,1.67,0.30
1813,12,S12,Porter's Five Forces,4,R4,Root Cause Analysis,7,P7,Executive Summary,complicated,conceptual,1.67,0.30
1814,12,S12,Porter's Five Forces,4,R4,Root Cause Analysis,10,P10,White Paper,complicated,conceptual,2.00,0.33
1815,12,S12,Porter's Five Forces,4,R4,Root Cause Analysis,14,P14,FAQ,complicated,conceptual,1.67,0.30
1816,12,S12,Porter's Five Forces,4,R4,Root Cause Analysis,25,P25,Mind Map,complicated,conceptual,1.67,0.30
1817,12,S12,Porter's Five Forces,4,R4,Root Cause Analysis,28,P28,Slide Deck,complicated,conceptual,1.67,0.30
1818,12,S12,Porter's Five Forces,4,R4,Root Cause Analysis,36,P36,Metaphorical Explanation,complicated,conceptual,2.00,0.33
1819,12,S12,Porter's Five Forces,5,R5,A3 Problem Solving,18,P18,Causal Diagram,complicated,visual,2.00,0.40
1820,12,S12,Porter's Five Forces,5,R5,A3 Problem Solving,19,P19,Flowchart,complicated,visual,1.67,0.37
1821,12,S12,Porter's Five Forces,5,R5,A3 Problem Solving,20,P20,Gantt Chart,complicated,visual,1.67,0.43
1822,12,S12,Porter's Five Forces,5,R5,A3 Problem Solving,21,P21,Dashboard,complicated,visual,2.00,0.40
1823,12,S12,Porter's Five Forces,5,R5,A3 Problem Solving,22,P22,Infographic,complicated,visual,1.67,0.40
1824,12,S12,Porter's Five Forces,5,R5,A3 Problem Solving,23,P23,Systems Diagram,complicated,visual,2.00,0.43
1825,12,S12,Porter's Five Forces,5,R5,A3 Problem Solving,24,P24,Network Graph,complicated,visual,2.00,0.43
1826,12,S12,Porter's Five Forces,5,R5,A3 Problem Solving,25,P25,Mind Map,complicated,visual,1.67,0.37
1827,12,S12,Porter's Five Forces,5,R5,A3 Problem Solving,26,P26,Timeline,complicated,visual,1.67,0.37
1828,12,S12,Porter's Five Forces,5,R5,A3 Problem Solving,27,P27,Fishbone Diagram,complicated,visual,1.67,0.43
1829,12,S12,Porter's Five Forces,5,R5,A3 Problem Solving,28,P28,Slide Deck,complicated,visual,1.67,0.37
1830,12,S12,Porter's Five Forces,5,R5,A3 Problem Solving,29,P29,Interactive Visualization,complicated,visual,2.33,0.43
1831,12,S12,Porter's Five Forces,5,R5,A3 Problem Solving,30,P30,Video,complicated,visual,2.00,0.40
1832,12,S12,Porter's Five Forces,5,R5,A3 Problem Solving,31,P31,Simulation,complicated,visual,2.33,0.47
1833,12,S12,Porter's Five Forces,6,R6,8D Problem Solving,5,P5,Checklist,complicated,sequential,1.67,0.43
1834,12,S12,Porter's Five Forces,6,R6,8D Problem Solving,8,P8,Technical Report,complicated,sequential,2.00,0.40
1835,12,S12,Porter's Five Forces,6,R6,8D Problem Solving,13,P13,Tutorial,complicated,sequential,1.67,0.43
1836,12,S12,Porter's Five Forces,6,R6,8D Problem Solving,19,P19,Flowchart,complicated,sequential,1.67,0.40
1837,12,S12,Porter's Five Forces,6,R6,8D Problem Solving,20,P20,Gantt Chart,complicated,sequential,1.67,0.47
1838,12,S12,Porter's Five Forces,6,R6,8D Problem Solving,26,P26,Timeline,complicated,sequential,1.67,0.40
1839,12,S12,Porter's Five Forces,6,R6,8D Problem Solving,32,P32,Annotated Code,complicated,sequential,2.00,0.53
1840,12,S12,Porter's Five Forces,7,R7,TRIZ,1,P1,Cornell Notes,complicated,conceptual,2.00,0.43
1841,12,S12,Porter's Five Forces,7,R7,TRIZ,2,P2,SQ3R,complicated,conceptual,2.00,0.47
1842,12,S12,Porter's Five Forces,7,R7,TRIZ,3,P3,CODE (Second Brain),complicated,conceptual,2.33,0.43
1843,12,S12,Porter's Five Forces,7,R7,TRIZ,4,P4,Progressive Summarization,complicated,conceptual,2.33,0.43
1844,12,S12,Porter's Five Forces,7,R7,TRIZ,6,P6,Memo,complicated,conceptual,2.00,0.37
1845,12,S12,Porter's Five Forces,7,R7,TRIZ,7,P7,Executive Summary,complicated,conceptual,2.00,0.37
1846,12,S12,Porter's Five Forces,7,R7,TRIZ,10,P10,White Paper,complicated,conceptual,2.33,0.40
1847,12,S12,Porter's Five Forces,7,R7,TRIZ,14,P14,FAQ,complicated,conceptual,2.00,0.37
1848,12,S12,Porter's Five Forces,7,R7,TRIZ,25,P25,Mind Map,complicated,conceptual,2.00,0.37
1849,12,S12,Porter's Five Forces,7,R7,TRIZ,28,P28,Slide Deck,complicated,conceptual,2.00,0.37
1850,12,S12,Porter's Five Forces,7,R7,TRIZ,36,P36,Metaphorical Explanation,complicated,conceptual,2.33,0.40
1851,12,S12,Porter's Five Forces,9,R9,OODA Loop,5,P5,Checklist,complicated,sequential,1.67,0.37
1852,12,S12,Porter's Five Forces,9,R9,OODA Loop,8,P8,Technical Report,complicated,sequential,2.00,0.33
1853,12,S12,Porter's Five Forces,9,R9,OODA Loop,13,P13,Tutorial,complicated,sequential,1.67,0.37
1854,12,S12,Porter's Five Forces,9,R9,OODA Loop,19,P19,Flowchart,complicated,sequential,1.67,0.33
1855,12,S12,Porter's Five Forces,9,R9,OODA Loop,20,P20,Gantt Chart,complicated,sequential,1.67,0.40
1856,12,S12,Porter's Five Forces,9,R9,OODA Loop,26,P26,Timeline,complicated,sequential,1.67,0.33
1857,12,S12,Porter's Five Forces,9,R9,OODA Loop,32,P32,Annotated Code,complicated,sequential,2.00,0.47
1858,12,S12,Porter's Five Forces,10,R10,PDCA,5,P5,Checklist,complicated,sequential,1.33,0.33
1859,12,S12,Porter's Five Forces,10,R10,PDCA,8,P8,Technical Report,complicated,sequential,1.67,0.30
1860,12,S12,Porter's Five Forces,10,R10,PDCA,13,P13,Tutorial,complicated,sequential,1.33,0.33
1861,12,S12,Porter's Five Forces,10,R10,PDCA,19,P19,Flowchart,complicated,sequential,1.33,0.30
1862,12,S12,Porter's Five Forces,10,R10,PDCA,20,P20,Gantt Chart,complicated,sequential,1.33,0.37
1863,12,S12,Porter's Five Forces,10,R10,PDCA,26,P26,Timeline,complicated,sequential,1.33,0.30
1864,12,S12,Porter's Five Forces,10,R10,PDCA,32,P32,Annotated Code,complicated,sequential,1.67,0.43
1865,12,S12,Porter's Five Forces,11,R11,GROW Model,5,P5,Checklist,complicated,sequential,1.33,0.40
1866,12,S12,Porter's Five Forces,11,R11,GROW Model,8,P8,Technical Report,complicated,sequential,1.67,0.37
1867,12,S12,Porter's Five Forces,11,R11,GROW Model,13,P13,Tutorial,complicated,sequential,1.33,0.40
1868,12,S12,Porter's Five Forces,11,R11,GROW Model,19,P19,Flowchart,complicated,sequential,1.33,0.37
1869,12,S12,Porter's Five Forces,11,R11,GROW Model,20,P20,Gantt Chart,complicated,sequential,1.33,0.43
1870,12,S12,Porter's Five Forces,11,R11,GROW Model,26,P26,Timeline,complicated,sequential,1.33,0.37
1871,12,S12,Porter's Five Forces,11,R11,GROW Model,32,P32,Annotated Code,complicated,sequential,1.67,0.50
1872,12,S12,Porter's Five Forces,12,R12,Scientific Method,5,P5,Checklist,complicated,sequential,1.67,0.30
1873,12,S12,Porter's Five Forces,12,R12,Scientific Method,8,P8,Technical Report,complicated,sequential,2.00,0.27
1874,12,S12,Porter's Five Forces,12,R12,Scientific Method,13,P13,Tutorial,complicated,sequential,1.67,0.30
1875,12,S12,Porter's Five Forces,12,R12,Scientific Method,19,P19,Flowchart,complicated,sequential,1.67,0.27
1876,12,S12,Porter's Five Forces,12,R12,Scientific Method,20,P20,Gantt Chart,complicated,sequential,1.67,0.33
1877,12,S12,Porter's Five Forces,12,R12,Scientific Method,26,P26,Timeline,complicated,sequential,1.67,0.27
1878,12,S12,Porter's Five Forces,12,R12,Scientific Method,32,P32,Annotated Code,complicated,sequential,2.00,0.40
1879,12,S12,Porter's Five Forces,13,R13,MCDA,7,P7,Executive Summary,complicated,comparative,1.67,0.30
1880,12,S12,Porter's Five Forces,13,R13,MCDA,8,P8,Technical Report,complicated,quantitative,2.00,0.30
1881,12,S12,Porter's Five Forces,13,R13,MCDA,9,P9,Policy Brief,complicated,comparative,2.00,0.37
1882,12,S12,Porter's Five Forces,13,R13,MCDA,11,P11,Academic Paper,complicated,quantitative,2.33,0.33
1883,12,S12,Porter's Five Forces,13,R13,MCDA,16,P16,Comparative Table,complicated,comparative,1.67,0.30
1884,12,S12,Porter's Five Forces,13,R13,MCDA,17,P17,Decision Matrix,complicated,comparative; quantitative,1.67,0.33
1885,12,S12,Porter's Five Forces,13,R13,MCDA,21,P21,Dashboard,complicated,quantitative,2.00,0.33
1886,12,S12,Porter's Five Forces,13,R13,MCDA,29,P29,Interactive Visualization,complicated,quantitative,2.33,0.37
1887,12,S12,Porter's Five Forces,13,R13,MCDA,31,P31,Simulation,complicated,quantitative,2.33,0.40
1888,12,S12,Porter's Five Forces,18,R18,Hypothesis Testing,8,P8,Technical Report,complicated,quantitative,2.00,0.30
1889,12,S12,Porter's Five Forces,18,R18,Hypothesis Testing,11,P11,Academic Paper,complicated,quantitative,2.33,0.33
1890,12,S12,Porter's Five Forces,18,R18,Hypothesis Testing,17,P17,Decision Matrix,complicated,quantitative,1.67,0.33
1891,12,S12,Porter's Five Forces,18,R18,Hypothesis Testing,21,P21,Dashboard,complicated,quantitative,2.00,0.33
1892,12,S12,Porter's Five Forces,18,R18,Hypothesis Testing,29,P29,Interactive Visualization,complicated,quantitative,2.33,0.37
1893,12,S12,Porter's Five Forces,18,R18,Hypothesis Testing,31,P31,Simulation,complicated,quantitative,2.33,0.40
1894,12,S12,Porter's Five Forces,20,R20,Sensitivity Analysis,8,P8,Technical Report,complicated,quantitative,2.00,0.30
1895,12,S12,Porter's Five Forces,20,R20,Sensitivity Analysis,11,P11,Academic Paper,complicated,quantitative,2.33,0.33
1896,12,S12,Porter's Five Forces,20,R20,Sensitivity Analysis,17,P17,Decision Matrix,complicated,quantitative,1.67,0.33
1897,12,S12,Porter's Five Forces,20,R20,Sensitivity Analysis,21,P21,Dashboard,complicated,quantitative,2.00,0.33
1898,12,S12,Porter's Five Forces,20,R20,Sensitivity Analysis,29,P29,Interactive Visualization,complicated,quantitative,2.33,0.37
1899,12,S12,Porter's Five Forces,20,R20,Sensitivity Analysis,31,P31,Simulation,complicated,quantitative,2.33,0.40
1900,12,S12,Porter's Five Forces,21,R21,Analogical Reasoning,1,P1,Cornell Notes,complicated,conceptual,1.67,0.33
1901,12,S12,Porter's Five Forces,21,R21,Analogical Reasoning,2,P2,SQ3R,complicated,conceptual,1.67,0.37
1902,12,S12,Porter's Five Forces,21,R21,Analogical Reasoning,3,P3,CODE (Second Brain),complicated,conceptual,2.00,0.33
1903,12,S12,Porter's Five Forces,21,R21,Analogical Reasoning,4,P4,Progressive Summarization,complicated,conceptual,2.00,0.33
1904,12,S12,Porter's Five Forces,21,R21,Analogical Reasoning,6,P6,Memo,complicated,conceptual,1.67,0.27
1905,12,S12,Porter's Five Forces,21,R21,Analogical Reasoning,7,P7,Executive Summary,complicated,conceptual,1.67,0.27
1906,12,S12,Porter's Five Forces,21,R21,Analogical Reasoning,10,P10,White Paper,complicated,conceptual,2.00,0.30
1907,12,S12,Porter's Five Forces,21,R21,Analogical Reasoning,14,P14,FAQ,complicated,conceptual,1.67,0.27
1908,12,S12,Porter's Five Forces,21,R21,Analogical Reasoning,25,P25,Mind Map,complicated,conceptual,1.67,0.27
1909,12,S12,Porter's Five Forces,21,R21,Analogical Reasoning,28,P28,Slide Deck,complicated,conceptual,1.67,0.27
1910,12,S12,Porter's Five Forces,21,R21,Analogical Reasoning,36,P36,Metaphorical Explanation,complicated,conceptual,2.00,0.30
1911,12,S12,Porter's Five Forces,22,R22,Case-Based Reasoning,7,P7,Executive Summary,complicated,comparative,1.67,0.30
1912,12,S12,Porter's Five Forces,22,R22,Case-Based Reasoning,9,P9,Policy Brief,complicated,comparative,2.00,0.37
1913,12,S12,Porter's Five Forces,22,R22,Case-Based Reasoning,16,P16,Comparative Table,complicated,comparative,1.67,0.30
1914,12,S12,Porter's Five Forces,22,R22,Case-Based Reasoning,17,P17,Decision Matrix,complicated,comparative,1.67,0.33
1915,12,S12,Porter's Five Forces,23,R23,Benchmarking,7,P7,Executive Summary,complicated,comparative,1.33,0.30
1916,12,S12,Porter's Five Forces,23,R23,Benchmarking,9,P9,Policy Brief,complicated,comparative,1.67,0.37
1917,12,S12,Porter's Five Forces,23,R23,Benchmarking,16,P16,Comparative Table,complicated,comparative,1.33,0.30
1918,12,S12,Porter's Five Forces,23,R23,Benchmarking,17,P17,Decision Matrix,complicated,comparative,1.33,0.33
1919,12,S12,Porter's Five Forces,25,R25,Counterfactual Analysis,6,P6,Memo,complicated,narrative,1.67,0.30
1920,12,S12,Porter's Five Forces,25,R25,Counterfactual Analysis,9,P9,Policy Brief,complicated,narrative,2.00,0.37
1921,12,S12,Porter's Five Forces,25,R25,Counterfactual Analysis,12,P12,Case Study,complicated,narrative,2.00,0.33
1922,12,S12,Porter's Five Forces,25,R25,Counterfactual Analysis,15,P15,Dialogue,complicated,narrative,2.00,0.33
1923,12,S12,Porter's Five Forces,25,R25,Counterfactual Analysis,22,P22,Infographic,complicated,narrative,1.67,0.33
1924,12,S12,Porter's Five Forces,25,R25,Counterfactual Analysis,28,P28,Slide Deck,complicated,narrative,1.67,0.30
1925,12,S12,Porter's Five Forces,25,R25,Counterfactual Analysis,30,P30,Video,complicated,narrative,2.00,0.33
1926,12,S12,Porter's Five Forces,25,R25,Counterfactual Analysis,33,P33,Narrative Synthesis,complicated,narrative,2.00,0.30
1927,12,S12,Porter's Five Forces,25,R25,Counterfactual Analysis,34,P34,Scenario Narrative,complicated,narrative,2.00,0.33
1928,12,S12,Porter's Five Forces,25,R25,Counterfactual Analysis,35,P35,Dialogue Format,complicated,narrative,2.00,0.33
1929,12,S12,Porter's Five Forces,25,R25,Counterfactual Analysis,36,P36,Metaphorical Explanation,complicated,narrative,2.00,0.33
1930,12,S12,Porter's Five Forces,26,R26,Pre-mortem Analysis,6,P6,Memo,complicated,qualitative,1.67,0.27
1931,12,S12,Porter's Five Forces,26,R26,Pre-mortem Analysis,8,P8,Technical Report,complicated,qualitative,2.00,0.27
1932,12,S12,Porter's Five Forces,26,R26,Pre-mortem Analysis,10,P10,White Paper,complicated,qualitative,2.00,0.30
1933,12,S12,Porter's Five Forces,26,R26,Pre-mortem Analysis,11,P11,Academic Paper,complicated,qualitative,2.33,0.30
1934,12,S12,Porter's Five Forces,26,R26,Pre-mortem Analysis,12,P12,Case Study,complicated,qualitative,2.00,0.30
1935,12,S12,Porter's Five Forces,26,R26,Pre-mortem Analysis,15,P15,Dialogue,complicated,qualitative,2.00,0.30
1936,12,S12,Porter's Five Forces,26,R26,Pre-mortem Analysis,33,P33,Narrative Synthesis,complicated,qualitative,2.00,0.27
1937,12,S12,Porter's Five Forces,26,R26,Pre-mortem Analysis,35,P35,Dialogue Format,complicated,qualitative,2.00,0.30
1938,12,S12,Porter's Five Forces,27,R27,Post-mortem Analysis,6,P6,Memo,complicated,qualitative,1.33,0.30
1939,12,S12,Porter's Five Forces,27,R27,Post-mortem Analysis,8,P8,Technical Report,complicated,qualitative,1.67,0.30
1940,12,S12,Porter's Five Forces,27,R27,Post-mortem Analysis,10,P10,White Paper,complicated,qualitative,1.67,0.33
1941,12,S12,Porter's Five Forces,27,R27,Post-mortem Analysis,11,P11,Academic Paper,complicated,qualitative,2.00,0.33
1942,12,S12,Porter's Five Forces,27,R27,Post-mortem Analysis,12,P12,Case Study,complicated,qualitative,1.67,0.33
1943,12,S12,Porter's Five Forces,27,R27,Post-mortem Analysis,15,P15,Dialogue,complicated,qualitative,1.67,0.33
1944,12,S12,Porter's Five Forces,27,R27,Post-mortem Analysis,33,P33,Narrative Synthesis,complicated,qualitative,1.67,0.30
1945,12,S12,Porter's Five Forces,27,R27,Post-mortem Analysis,35,P35,Dialogue Format,complicated,qualitative,1.67,0.33
1946,12,S12,Porter's Five Forces,28,R28,Red Team/Blue Team,7,P7,Executive Summary,complicated,comparative,1.67,0.33
1947,12,S12,Porter's Five Forces,28,R28,Red Team/Blue Team,9,P9,Policy Brief,complicated,comparative,2.00,0.40
1948,12,S12,Porter's Five Forces,28,R28,Red Team/Blue Team,16,P16,Comparative Table,complicated,comparative,1.67,0.33
1949,12,S12,Porter's Five Forces,28,R28,Red Team/Blue Team,17,P17,Decision Matrix,complicated,comparative,1.67,0.37
1950,12,S12,Porter's Five Forces,29,R29,Devil's Advocate,6,P6,Memo,complicated,qualitative,1.33,0.27
1951,12,S12,Porter's Five Forces,29,R29,Devil's Advocate,8,P8,Technical Report,complicated,qualitative,1.67,0.27
1952,12,S12,Porter's Five Forces,29,R29,Devil's Advocate,10,P10,White Paper,complicated,qualitative,1.67,0.30
1953,12,S12,Porter's Five Forces,29,R29,Devil's Advocate,11,P11,Academic Paper,complicated,qualitative,2.00,0.30
1954,12,S12,Porter's Five Forces,29,R29,Devil's Advocate,12,P12,Case Study,complicated,qualitative,1.67,0.30
1955,12,S12,Porter's Five Forces,29,R29,Devil's Advocate,15,P15,Dialogue,complicated,qualitative,1.67,0.30
1956,12,S12,Porter's Five Forces,29,R29,Devil's Advocate,33,P33,Narrative Synthesis,complicated,qualitative,1.67,0.27
1957,12,S12,Porter's Five Forces,29,R29,Devil's Advocate,35,P35,Dialogue Format,complicated,qualitative,1.67,0.30
1958,12,S12,Porter's Five Forces,31,R31,Critical Thinking,6,P6,Memo,complicated,qualitative,1.67,0.27
1959,12,S12,Porter's Five Forces,31,R31,Critical Thinking,8,P8,Technical Report,complicated,qualitative,2.00,0.27
1960,12,S12,Porter's Five Forces,31,R31,Critical Thinking,10,P10,White Paper,complicated,qualitative,2.00,0.30
1961,12,S12,Porter's Five Forces,31,R31,Critical Thinking,11,P11,Academic Paper,complicated,qualitative,2.33,0.30
1962,12,S12,Porter's Five Forces,31,R31,Critical Thinking,12,P12,Case Study,complicated,qualitative,2.00,0.30
1963,12,S12,Porter's Five Forces,31,R31,Critical Thinking,15,P15,Dialogue,complicated,qualitative,2.00,0.30
1964,12,S12,Porter's Five Forces,31,R31,Critical Thinking,33,P33,Narrative Synthesis,complicated,qualitative,2.00,0.27
1965,12,S12,Porter's Five Forces,31,R31,Critical Thinking,35,P35,Dialogue Format,complicated,qualitative,2.00,0.30
1966,12,S12,Porter's Five Forces,32,R32,FMEA,7,P7,Executive Summary,complicated,comparative,1.67,0.37
1967,12,S12,Porter's Five Forces,32,R32,FMEA,8,P8,Technical Report,complicated,quantitative,2.00,0.37
1968,12,S12,Porter's Five Forces,32,R32,FMEA,9,P9,Policy Brief,complicated,comparative,2.00,0.43
1969,12,S12,Porter's Five Forces,32,R32,FMEA,11,P11,Academic Paper,complicated,quantitative,2.33,0.40
1970,12,S12,Porter's Five Forces,32,R32,FMEA,16,P16,Comparative Table,complicated,comparative,1.67,0.37
1971,12,S12,Porter's Five Forces,32,R32,FMEA,17,P17,Decision Matrix,complicated,comparative; quantitative,1.67,0.40
1972,12,S12,Porter's Five Forces,32,R32,FMEA,21,P21,Dashboard,complicated,quantitative,2.00,0.40
1973,12,S12,Porter's Five Forces,32,R32,FMEA,29,P29,Interactive Visualization,complicated,quantitative,2.33,0.43
1974,12,S12,Porter's Five Forces,32,R32,FMEA,31,P31,Simulation,complicated,quantitative,2.33,0.47
1975,12,S12,Porter's Five Forces,33,R33,Fault Tree Analysis,18,P18,Causal Diagram,complicated,visual,2.00,0.40
1976,12,S12,Porter's Five Forces,33,R33,Fault Tree Analysis,19,P19,Flowchart,complicated,visual,1.67,0.37
1977,12,S12,Porter's Five Forces,33,R33,Fault Tree Analysis,20,P20,Gantt Chart,complicated,visual,1.67,0.43
1978,12,S12,Porter's Five Forces,33,R33,Fault Tree Analysis,21,P21,Dashboard,complicated,visual,2.00,0.40
1979,12,S12,Porter's Five Forces,33,R33,Fault Tree Analysis,22,P22,Infographic,complicated,visual,1.67,0.40
1980,12,S12,Porter's Five Forces,33,R33,Fault Tree Analysis,23,P23,Systems Diagram,complicated,visual,2.00,0.43
1981,12,S12,Porter's Five Forces,33,R33,Fault Tree Analysis,24,P24,Network Graph,complicated,visual,2.00,0.43
1982,12,S12,Porter's Five Forces,33,R33,Fault Tree Analysis,25,P25,Mind Map,complicated,visual,1.67,0.37
1983,12,S12,Porter's Five Forces,33,R33,Fault Tree Analysis,26,P26,Timeline,complicated,visual,1.67,0.37
1984,12,S12,Porter's Five Forces,33,R33,Fault Tree Analysis,27,P27,Fishbone Diagram,complicated,visual,1.67,0.43
1985,12,S12,Porter's Five Forces,33,R33,Fault Tree Analysis,28,P28,Slide Deck,complicated,visual,1.67,0.37
1986,12,S12,Porter's Five Forces,33,R33,Fault Tree Analysis,29,P29,Interactive Visualization,complicated,visual,2.33,0.43
1987,12,S12,Porter's Five Forces,33,R33,Fault Tree Analysis,30,P30,Video,complicated,visual,2.00,0.40
1988,12,S12,Porter's Five Forces,33,R33,Fault Tree Analysis,31,P31,Simulation,complicated,visual,2.33,0.47
1989,12,S12,Porter's Five Forces,34,R34,Event Tree Analysis,5,P5,Checklist,complicated,sequential,1.67,0.40
1990,12,S12,Porter's Five Forces,34,R34,Event Tree Analysis,8,P8,Technical Report,complicated,sequential,2.00,0.37
1991,12,S12,Porter's Five Forces,34,R34,Event Tree Analysis,13,P13,Tutorial,complicated,sequential,1.67,0.40
1992,12,S12,Porter's Five Forces,34,R34,Event Tree Analysis,19,P19,Flowchart,complicated,sequential,1.67,0.37
1993,12,S12,Porter's Five Forces,34,R34,Event Tree Analysis,20,P20,Gantt Chart,complicated,sequential,1.67,0.43
1994,12,S12,Porter's Five Forces,34,R34,Event Tree Analysis,26,P26,Timeline,complicated,sequential,1.67,0.37
1995,12,S12,Porter's Five Forces,34,R34,Event Tree Analysis,32,P32,Annotated Code,complicated,sequential,2.00,0.50
1996,12,S12,Porter's Five Forces,35,R35,Bow-Tie Analysis,18,P18,Causal Diagram,complicated,visual,2.00,0.40
1997,12,S12,Porter's Five Forces,35,R35,Bow-Tie Analysis,19,P19,Flowchart,complicated,visual,1.67,0.37
1998,12,S12,Porter's Five Forces,35,R35,Bow-Tie Analysis,20,P20,Gantt Chart,complicated,visual,1.67,0.43
1999,12,S12,Porter's Five Forces,35,R35,Bow-Tie Analysis,21,P21,Dashboard,complicated,visual,2.00,0.40
2000,12,S12,Porter's Five Forces,35,R35,Bow-Tie Analysis,22,P22,Infographic,complicated,visual,1.67,0.40
2001,12,S12,Porter's Five Forces,35,R35,Bow-Tie Analysis,23,P23,Systems Diagram,complicated,visual,2.00,0.43
2002,12,S12,Porter's Five Forces,35,R35,Bow-Tie Analysis,24,P24,Network Graph,complicated,visual,2.00,0.43
2003,12,S12,Porter's Five Forces,35,R35,Bow-Tie Analysis,25,P25,Mind Map,complicated,visual,1.67,0.37
2004,12,S12,Porter's Five Forces,35,R35,Bow-Tie Analysis,26,P26,Timeline,complicated,visual,1.67,0.37
2005,12,S12,Porter's Five Forces,35,R35,Bow-Tie Analysis,27,P27,Fishbone Diagram,complicated,visual,1.67,0.43
2006,12,S12,Porter's Five Forces,35,R35,Bow-Tie Analysis,28,P28,Slide Deck,complicated,visual,1.67,0.37
2007,12,S12,Porter's Five Forces,35,R35,Bow-Tie Analysis,29,P29,Interactive Visualization,complicated,visual,2.33,0.43
2008,12,S12,Porter's Five Forces,35,R35,Bow-Tie Analysis,30,P30,Video,complicated,visual,2.00,0.40
2009,12,S12,Porter's Five Forces,35,R35,Bow-Tie Analysis,31,P31,Simulation,complicated,visual,2.33,0.47
2010,12,S12,Porter's Five Forces,37,R37,Nominal Group Technique,6,P6,Memo,complicated,qualitative,1.33,0.30
2011,12,S12,Porter's Five Forces,37,R37,Nominal Group Technique,8,P8,Technical Report,complicated,qualitative,1.67,0.30
2012,12,S12,Porter's Five Forces,37,R37,Nominal Group Technique,10,P10,White Paper,complicated,qualitative,1.67,0.33
2013,12,S12,Porter's Five Forces,37,R37,Nominal Group Technique,11,P11,Academic Paper,complicated,qualitative,2.00,0.33
2014,12,S12,Porter's Five Forces,37,R37,Nominal Group Technique,12,P12,Case Study,complicated,qualitative,1.67,0.33
2015,12,S12,Porter's Five Forces,37,R37,Nominal Group Technique,15,P15,Dialogue,complicated,qualitative,1.67,0.33
2016,12,S12,Porter's Five Forces,37,R37,Nominal Group Technique,33,P33,Narrative Synthesis,complicated,qualitative,1.67,0.30
2017,12,S12,Porter's Five Forces,37,R37,Nominal Group Technique,35,P35,Dialogue Format,complicated,qualitative,1.67,0.33
2018,12,S12,Porter's Five Forces,38,R38,Six Thinking Hats,6,P6,Memo,complicated,qualitative,1.33,0.30
2019,12,S12,Porter's Five Forces,38,R38,Six Thinking Hats,8,P8,Technical Report,complicated,qualitative,1.67,0.30
2020,12,S12,Porter's Five Forces,38,R38,Six Thinking Hats,10,P10,White Paper,complicated,qualitative,1.67,0.33
2021,12,S12,Porter's Five Forces,38,R38,Six Thinking Hats,11,P11,Academic Paper,complicated,qualitative,2.00,0.33
2022,12,S12,Porter's Five Forces,38,R38,Six Thinking Hats,12,P12,Case Study,complicated,qualitative,1.67,0.33
2023,12,S12,Porter's Five Forces,38,R38,Six Thinking Hats,15,P15,Dialogue,complicated,qualitative,1.67,0.33
2024,12,S12,Porter's Five Forces,38,R38,Six Thinking Hats,33,P33,Narrative Synthesis,complicated,qualitative,1.67,0.30
2025,12,S12,Porter's Five Forces,38,R38,Six Thinking Hats,35,P35,Dialogue Format,complicated,qualitative,1.67,0.33
2026,12,S12,Porter's Five Forces,39,R39,Linear Programming,8,P8,Technical Report,complicated,quantitative,2.33,0.37
2027,12,S12,Porter's Five Forces,39,R39,Linear Programming,11,P11,Academic Paper,complicated,quantitative,2.67,0.40
2028,12,S12,Porter's Five Forces,39,R39,Linear Programming,17,P17,Decision Matrix,complicated,quantitative,2.00,0.40
2029,12,S12,Porter's Five Forces,39,R39,Linear Programming,21,P21,Dashboard,complicated,quantitative,2.33,0.40
2030,12,S12,Porter's Five Forces,39,R39,Linear Programming,29,P29,Interactive Visualization,complicated,quantitative,2.67,0.43
2031,12,S12,Porter's Five Forces,39,R39,Linear Programming,31,P31,Simulation,complicated,quantitative,2.67,0.47
2032,12,S12,Porter's Five Forces,40,R40,Decision Trees,5,P5,Checklist,complicated,sequential,1.67,0.33
2033,12,S12,Porter's Five Forces,40,R40,Decision Trees,8,P8,Technical Report,complicated,sequential,2.00,0.30
2034,12,S12,Porter's Five Forces,40,R40,Decision Trees,13,P13,Tutorial,complicated,sequential,1.67,0.33
2035,12,S12,Porter's Five Forces,40,R40,Decision Trees,18,P18,Causal Diagram,complicated,visual,2.00,0.33
2036,12,S12,Porter's Five Forces,40,R40,Decision Trees,19,P19,Flowchart,complicated,sequential; visual,1.67,0.30
2037,12,S12,Porter's Five Forces,40,R40,Decision Trees,20,P20,Gantt Chart,complicated,sequential; visual,1.67,0.37
2038,12,S12,Porter's Five Forces,40,R40,Decision Trees,21,P21,Dashboard,complicated,visual,2.00,0.33
2039,12,S12,Porter's Five Forces,40,R40,Decision Trees,22,P22,Infographic,complicated,visual,1.67,0.33
2040,12,S12,Porter's Five Forces,40,R40,Decision Trees,23,P23,Systems Diagram,complicated,visual,2.00,0.37
2041,12,S12,Porter's Five Forces,40,R40,Decision Trees,24,P24,Network Graph,complicated,visual,2.00,0.37
2042,12,S12,Porter's Five Forces,40,R40,Decision Trees,25,P25,Mind Map,complicated,visual,1.67,0.30
2043,12,S12,Porter's Five Forces,40,R40,Decision Trees,26,P26,Timeline,complicated,sequential; visual,1.67,0.30
2044,12,S12,Porter's Five Forces,40,R40,Decision Trees,27,P27,Fishbone Diagram,complicated,visual,1.67,0.37
2045,12,S12,Porter's Five Forces,40,R40,Decision Trees,28,P28,Slide Deck,complicated,visual,1.67,0.30
2046,12,S12,Porter's Five Forces,40,R40,Decision Trees,29,P29,Interactive Visualization,complicated,visual,2.33,0.37
2047,12,S12,Porter's Five Forces,40,R40,Decision Trees,30,P30,Video,complicated,visual,2.00,0.33
2048,12,S12,Porter's Five Forces,40,R40,Decision Trees,31,P31,Simulation,complicated,visual,2.33,0.40
2049,12,S12,Porter's Five Forces,40,R40,Decision Trees,32,P32,Annotated Code,complicated,sequential,2.00,0.43
2050,12,S12,Porter's Five Forces,41,R41,Cost-Benefit Analysis,7,P7,Executive Summary,complicated,comparative,1.67,0.30
2051,12,S12,Porter's Five Forces,41,R41,Cost-Benefit Analysis,8,P8,Technical Report,complicated,quantitative,2.00,0.30
2052,12,S12,Porter's Five Forces,41,R41,Cost-Benefit Analysis,9,P9,Policy Brief,complicated,comparative,2.00,0.37
2053,12,S12,Porter's Five Forces,41,R41,Cost-Benefit Analysis,11,P11,Academic Paper,complicated,quantitative,2.33,0.33
2054,12,S12,Porter's Five Forces,41,R41,Cost-Benefit Analysis,16,P16,Comparative Table,complicated,comparative,1.67,0.30
2055,12,S12,Porter's Five Forces,41,R41,Cost-Benefit Analysis,17,P17,Decision Matrix,complicated,comparative; quantitative,1.67,0.33
2056,12,S12,Porter's Five Forces,41,R41,Cost-Benefit Analysis,21,P21,Dashboard,complicated,quantitative,2.00,0.33
2057,12,S12,Porter's Five Forces,41,R41,Cost-Benefit Analysis,29,P29,Interactive Visualization,complicated,quantitative,2.33,0.37
2058,12,S12,Porter's Five Forces,41,R41,Cost-Benefit Analysis,31,P31,Simulation,complicated,quantitative,2.33,0.40
2059,12,S12,Porter's Five Forces,42,R42,Trade-off Analysis,7,P7,Executive Summary,complicated,comparative,1.67,0.27
2060,12,S12,Porter's Five Forces,42,R42,Trade-off Analysis,9,P9,Policy Brief,complicated,comparative,2.00,0.33
2061,12,S12,Porter's Five Forces,42,R42,Trade-off Analysis,16,P16,Comparative Table,complicated,comparative,1.67,0.27
2062,12,S12,Porter's Five Forces,42,R42,Trade-off Analysis,17,P17,Decision Matrix,complicated,comparative,1.67,0.30
2063,13,S13,Value Chain Analysis,1,R1,Deductive Reasoning,1,P1,Cornell Notes,complicated,conceptual,1.33,0.33
2064,13,S13,Value Chain Analysis,1,R1,Deductive Reasoning,2,P2,SQ3R,complicated,conceptual,1.33,0.37
2065,13,S13,Value Chain Analysis,1,R1,Deductive Reasoning,3,P3,CODE (Second Brain),complicated,conceptual,1.67,0.33
2066,13,S13,Value Chain Analysis,1,R1,Deductive Reasoning,4,P4,Progressive Summarization,complicated,conceptual,1.67,0.33
2067,13,S13,Value Chain Analysis,1,R1,Deductive Reasoning,6,P6,Memo,complicated,conceptual,1.33,0.27
2068,13,S13,Value Chain Analysis,1,R1,Deductive Reasoning,7,P7,Executive Summary,complicated,conceptual,1.33,0.27
2069,13,S13,Value Chain Analysis,1,R1,Deductive Reasoning,10,P10,White Paper,complicated,conceptual,1.67,0.30
2070,13,S13,Value Chain Analysis,1,R1,Deductive Reasoning,14,P14,FAQ,complicated,conceptual,1.33,0.27
2071,13,S13,Value Chain Analysis,1,R1,Deductive Reasoning,25,P25,Mind Map,complicated,conceptual,1.33,0.27
2072,13,S13,Value Chain Analysis,1,R1,Deductive Reasoning,28,P28,Slide Deck,complicated,conceptual,1.33,0.27
2073,13,S13,Value Chain Analysis,1,R1,Deductive Reasoning,36,P36,Metaphorical Explanation,complicated,conceptual,1.67,0.30
2074,13,S13,Value Chain Analysis,2,R2,Inductive Reasoning,6,P6,Memo,complicated,qualitative,1.67,0.27
2075,13,S13,Value Chain Analysis,2,R2,Inductive Reasoning,8,P8,Technical Report,complicated,qualitative,2.00,0.27
2076,13,S13,Value Chain Analysis,2,R2,Inductive Reasoning,10,P10,White Paper,complicated,qualitative,2.00,0.30
2077,13,S13,Value Chain Analysis,2,R2,Inductive Reasoning,11,P11,Academic Paper,complicated,qualitative,2.33,0.30
2078,13,S13,Value Chain Analysis,2,R2,Inductive Reasoning,12,P12,Case Study,complicated,qualitative,2.00,0.30
2079,13,S13,Value Chain Analysis,2,R2,Inductive Reasoning,15,P15,Dialogue,complicated,qualitative,2.00,0.30
2080,13,S13,Value Chain Analysis,2,R2,Inductive Reasoning,33,P33,Narrative Synthesis,complicated,qualitative,2.00,0.27
2081,13,S13,Value Chain Analysis,2,R2,Inductive Reasoning,35,P35,Dialogue Format,complicated,qualitative,2.00,0.30
2082,13,S13,Value Chain Analysis,3,R3,Abductive Reasoning,1,P1,Cornell Notes,complicated,conceptual,1.67,0.37
2083,13,S13,Value Chain Analysis,3,R3,Abductive Reasoning,2,P2,SQ3R,complicated,conceptual,1.67,0.40
2084,13,S13,Value Chain Analysis,3,R3,Abductive Reasoning,3,P3,CODE (Second Brain),complicated,conceptual,2.00,0.37
2085,13,S13,Value Chain Analysis,3,R3,Abductive Reasoning,4,P4,Progressive Summarization,complicated,conceptual,2.00,0.37
2086,13,S13,Value Chain Analysis,3,R3,Abductive Reasoning,6,P6,Memo,complicated,conceptual,1.67,0.30
2087,13,S13,Value Chain Analysis,3,R3,Abductive Reasoning,7,P7,Executive Summary,complicated,conceptual,1.67,0.30
2088,13,S13,Value Chain Analysis,3,R3,Abductive Reasoning,10,P10,White Paper,complicated,conceptual,2.00,0.33
2089,13,S13,Value Chain Analysis,3,R3,Abductive Reasoning,14,P14,FAQ,complicated,conceptual,1.67,0.30
2090,13,S13,Value Chain Analysis,3,R3,Abductive Reasoning,25,P25,Mind Map,complicated,conceptual,1.67,0.30
2091,13,S13,Value Chain Analysis,3,R3,Abductive Reasoning,28,P28,Slide Deck,complicated,conceptual,1.67,0.30
2092,13,S13,Value Chain Analysis,3,R3,Abductive Reasoning,36,P36,Metaphorical Explanation,complicated,conceptual,2.00,0.33
2093,13,S13,Value Chain Analysis,4,R4,Root Cause Analysis,1,P1,Cornell Notes,complicated,conceptual,1.67,0.37
2094,13,S13,Value Chain Analysis,4,R4,Root Cause Analysis,2,P2,SQ3R,complicated,conceptual,1.67,0.40
2095,13,S13,Value Chain Analysis,4,R4,Root Cause Analysis,3,P3,CODE (Second Brain),complicated,conceptual,2.00,0.37
2096,13,S13,Value Chain Analysis,4,R4,Root Cause Analysis,4,P4,Progressive Summarization,complicated,conceptual,2.00,0.37
2097,13,S13,Value Chain Analysis,4,R4,Root Cause Analysis,6,P6,Memo,complicated,conceptual,1.67,0.30
2098,13,S13,Value Chain Analysis,4,R4,Root Cause Analysis,7,P7,Executive Summary,complicated,conceptual,1.67,0.30
2099,13,S13,Value Chain Analysis,4,R4,Root Cause Analysis,10,P10,White Paper,complicated,conceptual,2.00,0.33
2100,13,S13,Value Chain Analysis,4,R4,Root Cause Analysis,14,P14,FAQ,complicated,conceptual,1.67,0.30
2101,13,S13,Value Chain Analysis,4,R4,Root Cause Analysis,25,P25,Mind Map,complicated,conceptual,1.67,0.30
2102,13,S13,Value Chain Analysis,4,R4,Root Cause Analysis,28,P28,Slide Deck,complicated,conceptual,1.67,0.30
2103,13,S13,Value Chain Analysis,4,R4,Root Cause Analysis,36,P36,Metaphorical Explanation,complicated,conceptual,2.00,0.33
2104,13,S13,Value Chain Analysis,5,R5,A3 Problem Solving,18,P18,Causal Diagram,complicated,visual,2.00,0.40
2105,13,S13,Value Chain Analysis,5,R5,A3 Problem Solving,19,P19,Flowchart,complicated,visual,1.67,0.37
2106,13,S13,Value Chain Analysis,5,R5,A3 Problem Solving,20,P20,Gantt Chart,complicated,visual,1.67,0.43
2107,13,S13,Value Chain Analysis,5,R5,A3 Problem Solving,21,P21,Dashboard,complicated,visual,2.00,0.40
2108,13,S13,Value Chain Analysis,5,R5,A3 Problem Solving,22,P22,Infographic,complicated,visual,1.67,0.40
2109,13,S13,Value Chain Analysis,5,R5,A3 Problem Solving,23,P23,Systems Diagram,complicated,visual,2.00,0.43
2110,13,S13,Value Chain Analysis,5,R5,A3 Problem Solving,24,P24,Network Graph,complicated,visual,2.00,0.43
2111,13,S13,Value Chain Analysis,5,R5,A3 Problem Solving,25,P25,Mind Map,complicated,visual,1.67,0.37
2112,13,S13,Value Chain Analysis,5,R5,A3 Problem Solving,26,P26,Timeline,complicated,visual,1.67,0.37
2113,13,S13,Value Chain Analysis,5,R5,A3 Problem Solving,27,P27,Fishbone Diagram,complicated,visual,1.67,0.43
2114,13,S13,Value Chain Analysis,5,R5,A3 Problem Solving,28,P28,Slide Deck,complicated,visual,1.67,0.37
2115,13,S13,Value Chain Analysis,5,R5,A3 Problem Solving,29,P29,Interactive Visualization,complicated,visual,2.33,0.43
2116,13,S13,Value Chain Analysis,5,R5,A3 Problem Solving,30,P30,Video,complicated,visual,2.00,0.40
2117,13,S13,Value Chain Analysis,5,R5,A3 Problem Solving,31,P31,Simulation,complicated,visual,2.33,0.47
2118,13,S13,Value Chain Analysis,6,R6,8D Problem Solving,5,P5,Checklist,complicated,sequential,1.67,0.43
2119,13,S13,Value Chain Analysis,6,R6,8D Problem Solving,8,P8,Technical Report,complicated,sequential,2.00,0.40
2120,13,S13,Value Chain Analysis,6,R6,8D Problem Solving,13,P13,Tutorial,complicated,sequential,1.67,0.43
2121,13,S13,Value Chain Analysis,6,R6,8D Problem Solving,19,P19,Flowchart,complicated,sequential,1.67,0.40
2122,13,S13,Value Chain Analysis,6,R6,8D Problem Solving,20,P20,Gantt Chart,complicated,sequential,1.67,0.47
2123,13,S13,Value Chain Analysis,6,R6,8D Problem Solving,26,P26,Timeline,complicated,sequential,1.67,0.40
2124,13,S13,Value Chain Analysis,6,R6,8D Problem Solving,32,P32,Annotated Code,complicated,sequential,2.00,0.53
2125,13,S13,Value Chain Analysis,7,R7,TRIZ,1,P1,Cornell Notes,complicated,conceptual,2.00,0.43
2126,13,S13,Value Chain Analysis,7,R7,TRIZ,2,P2,SQ3R,complicated,conceptual,2.00,0.47
2127,13,S13,Value Chain Analysis,7,R7,TRIZ,3,P3,CODE (Second Brain),complicated,conceptual,2.33,0.43
2128,13,S13,Value Chain Analysis,7,R7,TRIZ,4,P4,Progressive Summarization,complicated,conceptual,2.33,0.43
2129,13,S13,Value Chain Analysis,7,R7,TRIZ,6,P6,Memo,complicated,conceptual,2.00,0.37
2130,13,S13,Value Chain Analysis,7,R7,TRIZ,7,P7,Executive Summary,complicated,conceptual,2.00,0.37
2131,13,S13,Value Chain Analysis,7,R7,TRIZ,10,P10,White Paper,complicated,conceptual,2.33,0.40
2132,13,S13,Value Chain Analysis,7,R7,TRIZ,14,P14,FAQ,complicated,conceptual,2.00,0.37
2133,13,S13,Value Chain Analysis,7,R7,TRIZ,25,P25,Mind Map,complicated,conceptual,2.00,0.37
2134,13,S13,Value Chain Analysis,7,R7,TRIZ,28,P28,Slide Deck,complicated,conceptual,2.00,0.37
2135,13,S13,Value Chain Analysis,7,R7,TRIZ,36,P36,Metaphorical Explanation,complicated,conceptual,2.33,0.40
2136,13,S13,Value Chain Analysis,9,R9,OODA Loop,5,P5,Checklist,complicated,sequential,1.67,0.37
2137,13,S13,Value Chain Analysis,9,R9,OODA Loop,8,P8,Technical Report,complicated,sequential,2.00,0.33
2138,13,S13,Value Chain Analysis,9,R9,OODA Loop,13,P13,Tutorial,complicated,sequential,1.67,0.37
2139,13,S13,Value Chain Analysis,9,R9,OODA Loop,19,P19,Flowchart,complicated,sequential,1.67,0.33
2140,13,S13,Value Chain Analysis,9,R9,OODA Loop,20,P20,Gantt Chart,complicated,sequential,1.67,0.40
2141,13,S13,Value Chain Analysis,9,R9,OODA Loop,26,P26,Timeline,complicated,sequential,1.67,0.33
2142,13,S13,Value Chain Analysis,9,R9,OODA Loop,32,P32,Annotated Code,complicated,sequential,2.00,0.47
2143,13,S13,Value Chain Analysis,10,R10,PDCA,5,P5,Checklist,complicated,sequential,1.33,0.33
2144,13,S13,Value Chain Analysis,10,R10,PDCA,8,P8,Technical Report,complicated,sequential,1.67,0.30
2145,13,S13,Value Chain Analysis,10,R10,PDCA,13,P13,Tutorial,complicated,sequential,1.33,0.33
2146,13,S13,Value Chain Analysis,10,R10,PDCA,19,P19,Flowchart,complicated,sequential,1.33,0.30
2147,13,S13,Value Chain Analysis,10,R10,PDCA,20,P20,Gantt Chart,complicated,sequential,1.33,0.37
2148,13,S13,Value Chain Analysis,10,R10,PDCA,26,P26,Timeline,complicated,sequential,1.33,0.30
2149,13,S13,Value Chain Analysis,10,R10,PDCA,32,P32,Annotated Code,complicated,sequential,1.67,0.43
2150,13,S13,Value Chain Analysis,11,R11,GROW Model,5,P5,Checklist,complicated,sequential,1.33,0.40
2151,13,S13,Value Chain Analysis,11,R11,GROW Model,8,P8,Technical Report,complicated,sequential,1.67,0.37
2152,13,S13,Value Chain Analysis,11,R11,GROW Model,13,P13,Tutorial,complicated,sequential,1.33,0.40
2153,13,S13,Value Chain Analysis,11,R11,GROW Model,19,P19,Flowchart,complicated,sequential,1.33,0.37
2154,13,S13,Value Chain Analysis,11,R11,GROW Model,20,P20,Gantt Chart,complicated,sequential,1.33,0.43
2155,13,S13,Value Chain Analysis,11,R11,GROW Model,26,P26,Timeline,complicated,sequential,1.33,0.37
2156,13,S13,Value Chain Analysis,11,R11,GROW Model,32,P32,Annotated Code,complicated,sequential,1.67,0.50
2157,13,S13,Value Chain Analysis,12,R12,Scientific Method,5,P5,Checklist,complicated,sequential,1.67,0.30
2158,13,S13,Value Chain Analysis,12,R12,Scientific Method,8,P8,Technical Report,complicated,sequential,2.00,0.27
2159,13,S13,Value Chain Analysis,12,R12,Scientific Method,13,P13,Tutorial,complicated,sequential,1.67,0.30
2160,13,S13,Value Chain Analysis,12,R12,Scientific Method,19,P19,Flowchart,complicated,sequential,1.67,0.27
2161,13,S13,Value Chain Analysis,12,R12,Scientific Method,20,P20,Gantt Chart,complicated,sequential,1.67,0.33
2162,13,S13,Value Chain Analysis,12,R12,Scientific Method,26,P26,Timeline,complicated,sequential,1.67,0.27
2163,13,S13,Value Chain Analysis,12,R12,Scientific Method,32,P32,Annotated Code,complicated,sequential,2.00,0.40
2164,13,S13,Value Chain Analysis,13,R13,MCDA,7,P7,Executive Summary,complicated,comparative,1.67,0.30
2165,13,S13,Value Chain Analysis,13,R13,MCDA,8,P8,Technical Report,complicated,quantitative,2.00,0.30
2166,13,S13,Value Chain Analysis,13,R13,MCDA,9,P9,Policy Brief,complicated,comparative,2.00,0.37
2167,13,S13,Value Chain Analysis,13,R13,MCDA,11,P11,Academic Paper,complicated,quantitative,2.33,0.33
2168,13,S13,Value Chain Analysis,13,R13,MCDA,16,P16,Comparative Table,complicated,comparative,1.67,0.30
2169,13,S13,Value Chain Analysis,13,R13,MCDA,17,P17,Decision Matrix,complicated,comparative; quantitative,1.67,0.33
2170,13,S13,Value Chain Analysis,13,R13,MCDA,21,P21,Dashboard,complicated,quantitative,2.00,0.33
2171,13,S13,Value Chain Analysis,13,R13,MCDA,29,P29,Interactive Visualization,complicated,quantitative,2.33,0.37
2172,13,S13,Value Chain Analysis,13,R13,MCDA,31,P31,Simulation,complicated,quantitative,2.33,0.40
2173,13,S13,Value Chain Analysis,18,R18,Hypothesis Testing,8,P8,Technical Report,complicated,quantitative,2.00,0.30
2174,13,S13,Value Chain Analysis,18,R18,Hypothesis Testing,11,P11,Academic Paper,complicated,quantitative,2.33,0.33
2175,13,S13,Value Chain Analysis,18,R18,Hypothesis Testing,17,P17,Decision Matrix,complicated,quantitative,1.67,0.33
2176,13,S13,Value Chain Analysis,18,R18,Hypothesis Testing,21,P21,Dashboard,complicated,quantitative,2.00,0.33
2177,13,S13,Value Chain Analysis,18,R18,Hypothesis Testing,29,P29,Interactive Visualization,complicated,quantitative,2.33,0.37
2178,13,S13,Value Chain Analysis,18,R18,Hypothesis Testing,31,P31,Simulation,complicated,quantitative,2.33,0.40
2179,13,S13,Value Chain Analysis,20,R20,Sensitivity Analysis,8,P8,Technical Report,complicated,quantitative,2.00,0.30
2180,13,S13,Value Chain Analysis,20,R20,Sensitivity Analysis,11,P11,Academic Paper,complicated,quantitative,2.33,0.33
2181,13,S13,Value Chain Analysis,20,R20,Sensitivity Analysis,17,P17,Decision Matrix,complicated,quantitative,1.67,0.33
2182,13,S13,Value Chain Analysis,20,R20,Sensitivity Analysis,21,P21,Dashboard,complicated,quantitative,2.00,0.33
2183,13,S13,Value Chain Analysis,20,R20,Sensitivity Analysis,29,P29,Interactive Visualization,complicated,quantitative,2.33,0.37
2184,13,S13,Value Chain Analysis,20,R20,Sensitivity Analysis,31,P31,Simulation,complicated,quantitative,2.33,0.40
2185,13,S13,Value Chain Analysis,21,R21,Analogical Reasoning,1,P1,Cornell Notes,complicated,conceptual,1.67,0.33
2186,13,S13,Value Chain Analysis,21,R21,Analogical Reasoning,2,P2,SQ3R,complicated,conceptual,1.67,0.37
2187,13,S13,Value Chain Analysis,21,R21,Analogical Reasoning,3,P3,CODE (Second Brain),complicated,conceptual,2.00,0.33
2188,13,S13,Value Chain Analysis,21,R21,Analogical Reasoning,4,P4,Progressive Summarization,complicated,conceptual,2.00,0.33
2189,13,S13,Value Chain Analysis,21,R21,Analogical Reasoning,6,P6,Memo,complicated,conceptual,1.67,0.27
2190,13,S13,Value Chain Analysis,21,R21,Analogical Reasoning,7,P7,Executive Summary,complicated,conceptual,1.67,0.27
2191,13,S13,Value Chain Analysis,21,R21,Analogical Reasoning,10,P10,White Paper,complicated,conceptual,2.00,0.30
2192,13,S13,Value Chain Analysis,21,R21,Analogical Reasoning,14,P14,FAQ,complicated,conceptual,1.67,0.27
2193,13,S13,Value Chain Analysis,21,R21,Analogical Reasoning,25,P25,Mind Map,complicated,conceptual,1.67,0.27
2194,13,S13,Value Chain Analysis,21,R21,Analogical Reasoning,28,P28,Slide Deck,complicated,conceptual,1.67,0.27
2195,13,S13,Value Chain Analysis,21,R21,Analogical Reasoning,36,P36,Metaphorical Explanation,complicated,conceptual,2.00,0.30
2196,13,S13,Value Chain Analysis,22,R22,Case-Based Reasoning,7,P7,Executive Summary,complicated,comparative,1.67,0.30
2197,13,S13,Value Chain Analysis,22,R22,Case-Based Reasoning,9,P9,Policy Brief,complicated,comparative,2.00,0.37
2198,13,S13,Value Chain Analysis,22,R22,Case-Based Reasoning,16,P16,Comparative Table,complicated,comparative,1.67,0.30
2199,13,S13,Value Chain Analysis,22,R22,Case-Based Reasoning,17,P17,Decision Matrix,complicated,comparative,1.67,0.33
2200,13,S13,Value Chain Analysis,23,R23,Benchmarking,7,P7,Executive Summary,complicated,comparative,1.33,0.30
2201,13,S13,Value Chain Analysis,23,R23,Benchmarking,9,P9,Policy Brief,complicated,comparative,1.67,0.37
2202,13,S13,Value Chain Analysis,23,R23,Benchmarking,16,P16,Comparative Table,complicated,comparative,1.33,0.30
2203,13,S13,Value Chain Analysis,23,R23,Benchmarking,17,P17,Decision Matrix,complicated,comparative,1.33,0.33
2204,13,S13,Value Chain Analysis,25,R25,Counterfactual Analysis,6,P6,Memo,complicated,narrative,1.67,0.30
2205,13,S13,Value Chain Analysis,25,R25,Counterfactual Analysis,9,P9,Policy Brief,complicated,narrative,2.00,0.37
2206,13,S13,Value Chain Analysis,25,R25,Counterfactual Analysis,12,P12,Case Study,complicated,narrative,2.00,0.33
2207,13,S13,Value Chain Analysis,25,R25,Counterfactual Analysis,15,P15,Dialogue,complicated,narrative,2.00,0.33
2208,13,S13,Value Chain Analysis,25,R25,Counterfactual Analysis,22,P22,Infographic,complicated,narrative,1.67,0.33
2209,13,S13,Value Chain Analysis,25,R25,Counterfactual Analysis,28,P28,Slide Deck,complicated,narrative,1.67,0.30
2210,13,S13,Value Chain Analysis,25,R25,Counterfactual Analysis,30,P30,Video,complicated,narrative,2.00,0.33
2211,13,S13,Value Chain Analysis,25,R25,Counterfactual Analysis,33,P33,Narrative Synthesis,complicated,narrative,2.00,0.30
2212,13,S13,Value Chain Analysis,25,R25,Counterfactual Analysis,34,P34,Scenario Narrative,complicated,narrative,2.00,0.33
2213,13,S13,Value Chain Analysis,25,R25,Counterfactual Analysis,35,P35,Dialogue Format,complicated,narrative,2.00,0.33
2214,13,S13,Value Chain Analysis,25,R25,Counterfactual Analysis,36,P36,Metaphorical Explanation,complicated,narrative,2.00,0.33
2215,13,S13,Value Chain Analysis,26,R26,Pre-mortem Analysis,6,P6,Memo,complicated,qualitative,1.67,0.27
2216,13,S13,Value Chain Analysis,26,R26,Pre-mortem Analysis,8,P8,Technical Report,complicated,qualitative,2.00,0.27
2217,13,S13,Value Chain Analysis,26,R26,Pre-mortem Analysis,10,P10,White Paper,complicated,qualitative,2.00,0.30
2218,13,S13,Value Chain Analysis,26,R26,Pre-mortem Analysis,11,P11,Academic Paper,complicated,qualitative,2.33,0.30
2219,13,S13,Value Chain Analysis,26,R26,Pre-mortem Analysis,12,P12,Case Study,complicated,qualitative,2.00,0.30
2220,13,S13,Value Chain Analysis,26,R26,Pre-mortem Analysis,15,P15,Dialogue,complicated,qualitative,2.00,0.30
2221,13,S13,Value Chain Analysis,26,R26,Pre-mortem Analysis,33,P33,Narrative Synthesis,complicated,qualitative,2.00,0.27
2222,13,S13,Value Chain Analysis,26,R26,Pre-mortem Analysis,35,P35,Dialogue Format,complicated,qualitative,2.00,0.30
2223,13,S13,Value Chain Analysis,27,R27,Post-mortem Analysis,6,P6,Memo,complicated,qualitative,1.33,0.30
2224,13,S13,Value Chain Analysis,27,R27,Post-mortem Analysis,8,P8,Technical Report,complicated,qualitative,1.67,0.30
2225,13,S13,Value Chain Analysis,27,R27,Post-mortem Analysis,10,P10,White Paper,complicated,qualitative,1.67,0.33
2226,13,S13,Value Chain Analysis,27,R27,Post-mortem Analysis,11,P11,Academic Paper,complicated,qualitative,2.00,0.33
2227,13,S13,Value Chain Analysis,27,R27,Post-mortem Analysis,12,P12,Case Study,complicated,qualitative,1.67,0.33
2228,13,S13,Value Chain Analysis,27,R27,Post-mortem Analysis,15,P15,Dialogue,complicated,qualitative,1.67,0.33
2229,13,S13,Value Chain Analysis,27,R27,Post-mortem Analysis,33,P33,Narrative Synthesis,complicated,qualitative,1.67,0.30
2230,13,S13,Value Chain Analysis,27,R27,Post-mortem Analysis,35,P35,Dialogue Format,complicated,qualitative,1.67,0.33
2231,13,S13,Value Chain Analysis,28,R28,Red Team/Blue Team,7,P7,Executive Summary,complicated,comparative,1.67,0.33
2232,13,S13,Value Chain Analysis,28,R28,Red Team/Blue Team,9,P9,Policy Brief,complicated,comparative,2.00,0.40
2233,13,S13,Value Chain Analysis,28,R28,Red Team/Blue Team,16,P16,Comparative Table,complicated,comparative,1.67,0.33
2234,13,S13,Value Chain Analysis,28,R28,Red Team/Blue Team,17,P17,Decision Matrix,complicated,comparative,1.67,0.37
2235,13,S13,Value Chain Analysis,29,R29,Devil's Advocate,6,P6,Memo,complicated,qualitative,1.33,0.27
2236,13,S13,Value Chain Analysis,29,R29,Devil's Advocate,8,P8,Technical Report,complicated,qualitative,1.67,0.27
2237,13,S13,Value Chain Analysis,29,R29,Devil's Advocate,10,P10,White Paper,complicated,qualitative,1.67,0.30
2238,13,S13,Value Chain Analysis,29,R29,Devil's Advocate,11,P11,Academic Paper,complicated,qualitative,2.00,0.30
2239,13,S13,Value Chain Analysis,29,R29,Devil's Advocate,12,P12,Case Study,complicated,qualitative,1.67,0.30
2240,13,S13,Value Chain Analysis,29,R29,Devil's Advocate,15,P15,Dialogue,complicated,qualitative,1.67,0.30
2241,13,S13,Value Chain Analysis,29,R29,Devil's Advocate,33,P33,Narrative Synthesis,complicated,qualitative,1.67,0.27
2242,13,S13,Value Chain Analysis,29,R29,Devil's Advocate,35,P35,Dialogue Format,complicated,qualitative,1.67,0.30
2243,13,S13,Value Chain Analysis,31,R31,Critical Thinking,6,P6,Memo,complicated,qualitative,1.67,0.27
2244,13,S13,Value Chain Analysis,31,R31,Critical Thinking,8,P8,Technical Report,complicated,qualitative,2.00,0.27
2245,13,S13,Value Chain Analysis,31,R31,Critical Thinking,10,P10,White Paper,complicated,qualitative,2.00,0.30
2246,13,S13,Value Chain Analysis,31,R31,Critical Thinking,11,P11,Academic Paper,complicated,qualitative,2.33,0.30
2247,13,S13,Value Chain Analysis,31,R31,Critical Thinking,12,P12,Case Study,complicated,qualitative,2.00,0.30
2248,13,S13,Value Chain Analysis,31,R31,Critical Thinking,15,P15,Dialogue,complicated,qualitative,2.00,0.30
2249,13,S13,Value Chain Analysis,31,R31,Critical Thinking,33,P33,Narrative Synthesis,complicated,qualitative,2.00,0.27
2250,13,S13,Value Chain Analysis,31,R31,Critical Thinking,35,P35,Dialogue Format,complicated,qualitative,2.00,0.30
2251,13,S13,Value Chain Analysis,32,R32,FMEA,7,P7,Executive Summary,complicated,comparative,1.67,0.37
2252,13,S13,Value Chain Analysis,32,R32,FMEA,8,P8,Technical Report,complicated,quantitative,2.00,0.37
2253,13,S13,Value Chain Analysis,32,R32,FMEA,9,P9,Policy Brief,complicated,comparative,2.00,0.43
2254,13,S13,Value Chain Analysis,32,R32,FMEA,11,P11,Academic Paper,complicated,quantitative,2.33,0.40
2255,13,S13,Value Chain Analysis,32,R32,FMEA,16,P16,Comparative Table,complicated,comparative,1.67,0.37
2256,13,S13,Value Chain Analysis,32,R32,FMEA,17,P17,Decision Matrix,complicated,comparative; quantitative,1.67,0.40
2257,13,S13,Value Chain Analysis,32,R32,FMEA,21,P21,Dashboard,complicated,quantitative,2.00,0.40
2258,13,S13,Value Chain Analysis,32,R32,FMEA,29,P29,Interactive Visualization,complicated,quantitative,2.33,0.43
2259,13,S13,Value Chain Analysis,32,R32,FMEA,31,P31,Simulation,complicated,quantitative,2.33,0.47
2260,13,S13,Value Chain Analysis,33,R33,Fault Tree Analysis,18,P18,Causal Diagram,complicated,visual,2.00,0.40
2261,13,S13,Value Chain Analysis,33,R33,Fault Tree Analysis,19,P19,Flowchart,complicated,visual,1.67,0.37
2262,13,S13,Value Chain Analysis,33,R33,Fault Tree Analysis,20,P20,Gantt Chart,complicated,visual,1.67,0.43
2263,13,S13,Value Chain Analysis,33,R33,Fault Tree Analysis,21,P21,Dashboard,complicated,visual,2.00,0.40
2264,13,S13,Value Chain Analysis,33,R33,Fault Tree Analysis,22,P22,Infographic,complicated,visual,1.67,0.40
2265,13,S13,Value Chain Analysis,33,R33,Fault Tree Analysis,23,P23,Systems Diagram,complicated,visual,2.00,0.43
2266,13,S13,Value Chain Analysis,33,R33,Fault Tree Analysis,24,P24,Network Graph,complicated,visual,2.00,0.43
2267,13,S13,Value Chain Analysis,33,R33,Fault Tree Analysis,25,P25,Mind Map,complicated,visual,1.67,0.37
2268,13,S13,Value Chain Analysis,33,R33,Fault Tree Analysis,26,P26,Timeline,complicated,visual,1.67,0.37
2269,13,S13,Value Chain Analysis,33,R33,Fault Tree Analysis,27,P27,Fishbone Diagram,complicated,visual,1.67,0.43
2270,13,S13,Value Chain Analysis,33,R33,Fault Tree Analysis,28,P28,Slide Deck,complicated,visual,1.67,0.37
2271,13,S13,Value Chain Analysis,33,R33,Fault Tree Analysis,29,P29,Interactive Visualization,complicated,visual,2.33,0.43
2272,13,S13,Value Chain Analysis,33,R33,Fault Tree Analysis,30,P30,Video,complicated,visual,2.00,0.40
2273,13,S13,Value Chain Analysis,33,R33,Fault Tree Analysis,31,P31,Simulation,complicated,visual,2.33,0.47
2274,13,S13,Value Chain Analysis,34,R34,Event Tree Analysis,5,P5,Checklist,complicated,sequential,1.67,0.40
2275,13,S13,Value Chain Analysis,34,R34,Event Tree Analysis,8,P8,Technical Report,complicated,sequential,2.00,0.37
2276,13,S13,Value Chain Analysis,34,R34,Event Tree Analysis,13,P13,Tutorial,complicated,sequential,1.67,0.40
2277,13,S13,Value Chain Analysis,34,R34,Event Tree Analysis,19,P19,Flowchart,complicated,sequential,1.67,0.37
2278,13,S13,Value Chain Analysis,34,R34,Event Tree Analysis,20,P20,Gantt Chart,complicated,sequential,1.67,0.43
2279,13,S13,Value Chain Analysis,34,R34,Event Tree Analysis,26,P26,Timeline,complicated,sequential,1.67,0.37
2280,13,S13,Value Chain Analysis,34,R34,Event Tree Analysis,32,P32,Annotated Code,complicated,sequential,2.00,0.50
2281,13,S13,Value Chain Analysis,35,R35,Bow-Tie Analysis,18,P18,Causal Diagram,complicated,visual,2.00,0.40
2282,13,S13,Value Chain Analysis,35,R35,Bow-Tie Analysis,19,P19,Flowchart,complicated,visual,1.67,0.37
2283,13,S13,Value Chain Analysis,35,R35,Bow-Tie Analysis,20,P20,Gantt Chart,complicated,visual,1.67,0.43
2284,13,S13,Value Chain Analysis,35,R35,Bow-Tie Analysis,21,P21,Dashboard,complicated,visual,2.00,0.40
2285,13,S13,Value Chain Analysis,35,R35,Bow-Tie Analysis,22,P22,Infographic,complicated,visual,1.67,0.40
2286,13,S13,Value Chain Analysis,35,R35,Bow-Tie Analysis,23,P23,Systems Diagram,complicated,visual,2.00,0.43
2287,13,S13,Value Chain Analysis,35,R35,Bow-Tie Analysis,24,P24,Network Graph,complicated,visual,2.00,0.43
2288,13,S13,Value Chain Analysis,35,R35,Bow-Tie Analysis,25,P25,Mind Map,complicated,visual,1.67,0.37
2289,13,S13,Value Chain Analysis,35,R35,Bow-Tie Analysis,26,P26,Timeline,complicated,visual,1.67,0.37
2290,13,S13,Value Chain Analysis,35,R35,Bow-Tie Analysis,27,P27,Fishbone Diagram,complicated,visual,1.67,0.43
2291,13,S13,Value Chain Analysis,35,R35,Bow-Tie Analysis,28,P28,Slide Deck,complicated,visual,1.67,0.37
2292,13,S13,Value Chain Analysis,35,R35,Bow-Tie Analysis,29,P29,Interactive Visualization,complicated,visual,2.33,0.43
2293,13,S13,Value Chain Analysis,35,R35,Bow-Tie Analysis,30,P30,Video,complicated,visual,2.00,0.40
2294,13,S13,Value Chain Analysis,35,R35,Bow-Tie Analysis,31,P31,Simulation,complicated,visual,2.33,0.47
2295,13,S13,Value Chain Analysis,37,R37,Nominal Group Technique,6,P6,Memo,complicated,qualitative,1.33,0.30
2296,13,S13,Value Chain Analysis,37,R37,Nominal Group Technique,8,P8,Technical Report,complicated,qualitative,1.67,0.30
2297,13,S13,Value Chain Analysis,37,R37,Nominal Group Technique,10,P10,White Paper,complicated,qualitative,1.67,0.33
2298,13,S13,Value Chain Analysis,37,R37,Nominal Group Technique,11,P11,Academic Paper,complicated,qualitative,2.00,0.33
2299,13,S13,Value Chain Analysis,37,R37,Nominal Group Technique,12,P12,Case Study,complicated,qualitative,1.67,0.33
2300,13,S13,Value Chain Analysis,37,R37,Nominal Group Technique,15,P15,Dialogue,complicated,qualitative,1.67,0.33
2301,13,S13,Value Chain Analysis,37,R37,Nominal Group Technique,33,P33,Narrative Synthesis,complicated,qualitative,1.67,0.30
2302,13,S13,Value Chain Analysis,37,R37,Nominal Group Technique,35,P35,Dialogue Format,complicated,qualitative,1.67,0.33
2303,13,S13,Value Chain Analysis,38,R38,Six Thinking Hats,6,P6,Memo,complicated,qualitative,1.33,0.30
2304,13,S13,Value Chain Analysis,38,R38,Six Thinking Hats,8,P8,Technical Report,complicated,qualitative,1.67,0.30
2305,13,S13,Value Chain Analysis,38,R38,Six Thinking Hats,10,P10,White Paper,complicated,qualitative,1.67,0.33
2306,13,S13,Value Chain Analysis,38,R38,Six Thinking Hats,11,P11,Academic Paper,complicated,qualitative,2.00,0.33
2307,13,S13,Value Chain Analysis,38,R38,Six Thinking Hats,12,P12,Case Study,complicated,qualitative,1.67,0.33
2308,13,S13,Value Chain Analysis,38,R38,Six Thinking Hats,15,P15,Dialogue,complicated,qualitative,1.67,0.33
2309,13,S13,Value Chain Analysis,38,R38,Six Thinking Hats,33,P33,Narrative Synthesis,complicated,qualitative,1.67,0.30
2310,13,S13,Value Chain Analysis,38,R38,Six Thinking Hats,35,P35,Dialogue Format,complicated,qualitative,1.67,0.33
2311,13,S13,Value Chain Analysis,39,R39,Linear Programming,8,P8,Technical Report,complicated,quantitative,2.33,0.37
2312,13,S13,Value Chain Analysis,39,R39,Linear Programming,11,P11,Academic Paper,complicated,quantitative,2.67,0.40
2313,13,S13,Value Chain Analysis,39,R39,Linear Programming,17,P17,Decision Matrix,complicated,quantitative,2.00,0.40
2314,13,S13,Value Chain Analysis,39,R39,Linear Programming,21,P21,Dashboard,complicated,quantitative,2.33,0.40
2315,13,S13,Value Chain Analysis,39,R39,Linear Programming,29,P29,Interactive Visualization,complicated,quantitative,2.67,0.43
2316,13,S13,Value Chain Analysis,39,R39,Linear Programming,31,P31,Simulation,complicated,quantitative,2.67,0.47
2317,13,S13,Value Chain Analysis,40,R40,Decision Trees,5,P5,Checklist,complicated,sequential,1.67,0.33
2318,13,S13,Value Chain Analysis,40,R40,Decision Trees,8,P8,Technical Report,complicated,sequential,2.00,0.30
2319,13,S13,Value Chain Analysis,40,R40,Decision Trees,13,P13,Tutorial,complicated,sequential,1.67,0.33
2320,13,S13,Value Chain Analysis,40,R40,Decision Trees,18,P18,Causal Diagram,complicated,visual,2.00,0.33
2321,13,S13,Value Chain Analysis,40,R40,Decision Trees,19,P19,Flowchart,complicated,sequential; visual,1.67,0.30
2322,13,S13,Value Chain Analysis,40,R40,Decision Trees,20,P20,Gantt Chart,complicated,sequential; visual,1.67,0.37
2323,13,S13,Value Chain Analysis,40,R40,Decision Trees,21,P21,Dashboard,complicated,visual,2.00,0.33
2324,13,S13,Value Chain Analysis,40,R40,Decision Trees,22,P22,Infographic,complicated,visual,1.67,0.33
2325,13,S13,Value Chain Analysis,40,R40,Decision Trees,23,P23,Systems Diagram,complicated,visual,2.00,0.37
2326,13,S13,Value Chain Analysis,40,R40,Decision Trees,24,P24,Network Graph,complicated,visual,2.00,0.37
2327,13,S13,Value Chain Analysis,40,R40,Decision Trees,25,P25,Mind Map,complicated,visual,1.67,0.30
2328,13,S13,Value Chain Analysis,40,R40,Decision Trees,26,P26,Timeline,complicated,sequential; visual,1.67,0.30
2329,13,S13,Value Chain Analysis,40,R40,Decision Trees,27,P27,Fishbone Diagram,complicated,visual,1.67,0.37
2330,13,S13,Value Chain Analysis,40,R40,Decision Trees,28,P28,Slide Deck,complicated,visual,1.67,0.30
2331,13,S13,Value Chain Analysis,40,R40,Decision Trees,29,P29,Interactive Visualization,complicated,visual,2.33,0.37
2332,13,S13,Value Chain Analysis,40,R40,Decision Trees,30,P30,Video,complicated,visual,2.00,0.33
2333,13,S13,Value Chain Analysis,40,R40,Decision Trees,31,P31,Simulation,complicated,visual,2.33,0.40
2334,13,S13,Value Chain Analysis,40,R40,Decision Trees,32,P32,Annotated Code,complicated,sequential,2.00,0.43
2335,13,S13,Value Chain Analysis,41,R41,Cost-Benefit Analysis,7,P7,Executive Summary,complicated,comparative,1.67,0.30
2336,13,S13,Value Chain Analysis,41,R41,Cost-Benefit Analysis,8,P8,Technical Report,complicated,quantitative,2.00,0.30
2337,13,S13,Value Chain Analysis,41,R41,Cost-Benefit Analysis,9,P9,Policy Brief,complicated,comparative,2.00,0.37
2338,13,S13,Value Chain Analysis,41,R41,Cost-Benefit Analysis,11,P11,Academic Paper,complicated,quantitative,2.33,0.33
2339,13,S13,Value Chain Analysis,41,R41,Cost-Benefit Analysis,16,P16,Comparative Table,complicated,comparative,1.67,0.30
2340,13,S13,Value Chain Analysis,41,R41,Cost-Benefit Analysis,17,P17,Decision Matrix,complicated,comparative; quantitative,1.67,0.33
2341,13,S13,Value Chain Analysis,41,R41,Cost-Benefit Analysis,21,P21,Dashboard,complicated,quantitative,2.00,0.33
2342,13,S13,Value Chain Analysis,41,R41,Cost-Benefit Analysis,29,P29,Interactive Visualization,complicated,quantitative,2.33,0.37
2343,13,S13,Value Chain Analysis,41,R41,Cost-Benefit Analysis,31,P31,Simulation,complicated,quantitative,2.33,0.40
2344,13,S13,Value Chain Analysis,42,R42,Trade-off Analysis,7,P7,Executive Summary,complicated,comparative,1.67,0.27
2345,13,S13,Value Chain Analysis,42,R42,Trade-off Analysis,9,P9,Policy Brief,complicated,comparative,2.00,0.33
2346,13,S13,Value Chain Analysis,42,R42,Trade-off Analysis,16,P16,Comparative Table,complicated,comparative,1.67,0.27
2347,13,S13,Value Chain Analysis,42,R42,Trade-off Analysis,17,P17,Decision Matrix,complicated,comparative,1.67,0.30
2348,14,S14,PESTLE Analysis,1,R1,Deductive Reasoning,1,P1,Cornell Notes,complicated,conceptual,1.00,0.30
2349,14,S14,PESTLE Analysis,1,R1,Deductive Reasoning,2,P2,SQ3R,complicated,conceptual,1.00,0.33
2350,14,S14,PESTLE Analysis,1,R1,Deductive Reasoning,3,P3,CODE (Second Brain),complicated,conceptual,1.33,0.30
2351,14,S14,PESTLE Analysis,1,R1,Deductive Reasoning,4,P4,Progressive Summarization,complicated,conceptual,1.33,0.30
2352,14,S14,PESTLE Analysis,1,R1,Deductive Reasoning,6,P6,Memo,complicated,conceptual,1.00,0.23
2353,14,S14,PESTLE Analysis,1,R1,Deductive Reasoning,7,P7,Executive Summary,complicated,conceptual,1.00,0.23
2354,14,S14,PESTLE Analysis,1,R1,Deductive Reasoning,10,P10,White Paper,complicated,conceptual,1.33,0.27
2355,14,S14,PESTLE Analysis,1,R1,Deductive Reasoning,14,P14,FAQ,complicated,conceptual,1.00,0.23
2356,14,S14,PESTLE Analysis,1,R1,Deductive Reasoning,25,P25,Mind Map,complicated,conceptual,1.00,0.23
2357,14,S14,PESTLE Analysis,1,R1,Deductive Reasoning,28,P28,Slide Deck,complicated,conceptual,1.00,0.23
2358,14,S14,PESTLE Analysis,1,R1,Deductive Reasoning,36,P36,Metaphorical Explanation,complicated,conceptual,1.33,0.27
2359,14,S14,PESTLE Analysis,2,R2,Inductive Reasoning,6,P6,Memo,complicated,qualitative,1.33,0.23
2360,14,S14,PESTLE Analysis,2,R2,Inductive Reasoning,8,P8,Technical Report,complicated,qualitative,1.67,0.23
2361,14,S14,PESTLE Analysis,2,R2,Inductive Reasoning,10,P10,White Paper,complicated,qualitative,1.67,0.27
2362,14,S14,PESTLE Analysis,2,R2,Inductive Reasoning,11,P11,Academic Paper,complicated,qualitative,2.00,0.27
2363,14,S14,PESTLE Analysis,2,R2,Inductive Reasoning,12,P12,Case Study,complicated,qualitative,1.67,0.27
2364,14,S14,PESTLE Analysis,2,R2,Inductive Reasoning,15,P15,Dialogue,complicated,qualitative,1.67,0.27
2365,14,S14,PESTLE Analysis,2,R2,Inductive Reasoning,33,P33,Narrative Synthesis,complicated,qualitative,1.67,0.23
2366,14,S14,PESTLE Analysis,2,R2,Inductive Reasoning,35,P35,Dialogue Format,complicated,qualitative,1.67,0.27
2367,14,S14,PESTLE Analysis,3,R3,Abductive Reasoning,1,P1,Cornell Notes,complicated,conceptual,1.33,0.33
2368,14,S14,PESTLE Analysis,3,R3,Abductive Reasoning,2,P2,SQ3R,complicated,conceptual,1.33,0.37
2369,14,S14,PESTLE Analysis,3,R3,Abductive Reasoning,3,P3,CODE (Second Brain),complicated,conceptual,1.67,0.33
2370,14,S14,PESTLE Analysis,3,R3,Abductive Reasoning,4,P4,Progressive Summarization,complicated,conceptual,1.67,0.33
2371,14,S14,PESTLE Analysis,3,R3,Abductive Reasoning,6,P6,Memo,complicated,conceptual,1.33,0.27
2372,14,S14,PESTLE Analysis,3,R3,Abductive Reasoning,7,P7,Executive Summary,complicated,conceptual,1.33,0.27
2373,14,S14,PESTLE Analysis,3,R3,Abductive Reasoning,10,P10,White Paper,complicated,conceptual,1.67,0.30
2374,14,S14,PESTLE Analysis,3,R3,Abductive Reasoning,14,P14,FAQ,complicated,conceptual,1.33,0.27
2375,14,S14,PESTLE Analysis,3,R3,Abductive Reasoning,25,P25,Mind Map,complicated,conceptual,1.33,0.27
2376,14,S14,PESTLE Analysis,3,R3,Abductive Reasoning,28,P28,Slide Deck,complicated,conceptual,1.33,0.27
2377,14,S14,PESTLE Analysis,3,R3,Abductive Reasoning,36,P36,Metaphorical Explanation,complicated,conceptual,1.67,0.30
2378,14,S14,PESTLE Analysis,4,R4,Root Cause Analysis,1,P1,Cornell Notes,complicated,conceptual,1.33,0.33
2379,14,S14,PESTLE Analysis,4,R4,Root Cause Analysis,2,P2,SQ3R,complicated,conceptual,1.33,0.37
2380,14,S14,PESTLE Analysis,4,R4,Root Cause Analysis,3,P3,CODE (Second Brain),complicated,conceptual,1.67,0.33
2381,14,S14,PESTLE Analysis,4,R4,Root Cause Analysis,4,P4,Progressive Summarization,complicated,conceptual,1.67,0.33
2382,14,S14,PESTLE Analysis,4,R4,Root Cause Analysis,6,P6,Memo,complicated,conceptual,1.33,0.27
2383,14,S14,PESTLE Analysis,4,R4,Root Cause Analysis,7,P7,Executive Summary,complicated,conceptual,1.33,0.27
2384,14,S14,PESTLE Analysis,4,R4,Root Cause Analysis,10,P10,White Paper,complicated,conceptual,1.67,0.30
2385,14,S14,PESTLE Analysis,4,R4,Root Cause Analysis,14,P14,FAQ,complicated,conceptual,1.33,0.27
2386,14,S14,PESTLE Analysis,4,R4,Root Cause Analysis,25,P25,Mind Map,complicated,conceptual,1.33,0.27
2387,14,S14,PESTLE Analysis,4,R4,Root Cause Analysis,28,P28,Slide Deck,complicated,conceptual,1.33,0.27
2388,14,S14,PESTLE Analysis,4,R4,Root Cause Analysis,36,P36,Metaphorical Explanation,complicated,conceptual,1.67,0.30
2389,14,S14,PESTLE Analysis,5,R5,A3 Problem Solving,18,P18,Causal Diagram,complicated,visual,1.67,0.37
2390,14,S14,PESTLE Analysis,5,R5,A3 Problem Solving,19,P19,Flowchart,complicated,visual,1.33,0.33
2391,14,S14,PESTLE Analysis,5,R5,A3 Problem Solving,20,P20,Gantt Chart,complicated,visual,1.33,0.40
2392,14,S14,PESTLE Analysis,5,R5,A3 Problem Solving,21,P21,Dashboard,complicated,visual,1.67,0.37
2393,14,S14,PESTLE Analysis,5,R5,A3 Problem Solving,22,P22,Infographic,complicated,visual,1.33,0.37
2394,14,S14,PESTLE Analysis,5,R5,A3 Problem Solving,23,P23,Systems Diagram,complicated,visual,1.67,0.40
2395,14,S14,PESTLE Analysis,5,R5,A3 Problem Solving,24,P24,Network Graph,complicated,visual,1.67,0.40
2396,14,S14,PESTLE Analysis,5,R5,A3 Problem Solving,25,P25,Mind Map,complicated,visual,1.33,0.33
2397,14,S14,PESTLE Analysis,5,R5,A3 Problem Solving,26,P26,Timeline,complicated,visual,1.33,0.33
2398,14,S14,PESTLE Analysis,5,R5,A3 Problem Solving,27,P27,Fishbone Diagram,complicated,visual,1.33,0.40
2399,14,S14,PESTLE Analysis,5,R5,A3 Problem Solving,28,P28,Slide Deck,complicated,visual,1.33,0.33
2400,14,S14,PESTLE Analysis,5,R5,A3 Problem Solving,29,P29,Interactive Visualization,complicated,visual,2.00,0.40
2401,14,S14,PESTLE Analysis,5,R5,A3 Problem Solving,30,P30,Video,complicated,visual,1.67,0.37
2402,14,S14,PESTLE Analysis,5,R5,A3 Problem Solving,31,P31,Simulation,complicated,visual,2.00,0.43
2403,14,S14,PESTLE Analysis,6,R6,8D Problem Solving,5,P5,Checklist,complicated,sequential,1.33,0.40
2404,14,S14,PESTLE Analysis,6,R6,8D Problem Solving,8,P8,Technical Report,complicated,sequential,1.67,0.37
2405,14,S14,PESTLE Analysis,6,R6,8D Problem Solving,13,P13,Tutorial,complicated,sequential,1.33,0.40
2406,14,S14,PESTLE Analysis,6,R6,8D Problem Solving,19,P19,Flowchart,complicated,sequential,1.33,0.37
2407,14,S14,PESTLE Analysis,6,R6,8D Problem Solving,20,P20,Gantt Chart,complicated,sequential,1.33,0.43
2408,14,S14,PESTLE Analysis,6,R6,8D Problem Solving,26,P26,Timeline,complicated,sequential,1.33,0.37
2409,14,S14,PESTLE Analysis,6,R6,8D Problem Solving,32,P32,Annotated Code,complicated,sequential,1.67,0.50
2410,14,S14,PESTLE Analysis,7,R7,TRIZ,1,P1,Cornell Notes,complicated,conceptual,1.67,0.40
2411,14,S14,PESTLE Analysis,7,R7,TRIZ,2,P2,SQ3R,complicated,conceptual,1.67,0.43
2412,14,S14,PESTLE Analysis,7,R7,TRIZ,3,P3,CODE (Second Brain),complicated,conceptual,2.00,0.40
2413,14,S14,PESTLE Analysis,7,R7,TRIZ,4,P4,Progressive Summarization,complicated,conceptual,2.00,0.40
2414,14,S14,PESTLE Analysis,7,R7,TRIZ,6,P6,Memo,complicated,conceptual,1.67,0.33
2415,14,S14,PESTLE Analysis,7,R7,TRIZ,7,P7,Executive Summary,complicated,conceptual,1.67,0.33
2416,14,S14,PESTLE Analysis,7,R7,TRIZ,10,P10,White Paper,complicated,conceptual,2.00,0.37
2417,14,S14,PESTLE Analysis,7,R7,TRIZ,14,P14,FAQ,complicated,conceptual,1.67,0.33
2418,14,S14,PESTLE Analysis,7,R7,TRIZ,25,P25,Mind Map,complicated,conceptual,1.67,0.33
2419,14,S14,PESTLE Analysis,7,R7,TRIZ,28,P28,Slide Deck,complicated,conceptual,1.67,0.33
2420,14,S14,PESTLE Analysis,7,R7,TRIZ,36,P36,Metaphorical Explanation,complicated,conceptual,2.00,0.37
2421,14,S14,PESTLE Analysis,9,R9,OODA Loop,5,P5,Checklist,complicated,sequential,1.33,0.33
2422,14,S14,PESTLE Analysis,9,R9,OODA Loop,8,P8,Technical Report,complicated,sequential,1.67,0.30
2423,14,S14,PESTLE Analysis,9,R9,OODA Loop,13,P13,Tutorial,complicated,sequential,1.33,0.33
2424,14,S14,PESTLE Analysis,9,R9,OODA Loop,19,P19,Flowchart,complicated,sequential,1.33,0.30
2425,14,S14,PESTLE Analysis,9,R9,OODA Loop,20,P20,Gantt Chart,complicated,sequential,1.33,0.37
2426,14,S14,PESTLE Analysis,9,R9,OODA Loop,26,P26,Timeline,complicated,sequential,1.33,0.30
2427,14,S14,PESTLE Analysis,9,R9,OODA Loop,32,P32,Annotated Code,complicated,sequential,1.67,0.43
2428,14,S14,PESTLE Analysis,10,R10,PDCA,5,P5,Checklist,complicated,sequential,1.00,0.30
2429,14,S14,PESTLE Analysis,10,R10,PDCA,8,P8,Technical Report,complicated,sequential,1.33,0.27
2430,14,S14,PESTLE Analysis,10,R10,PDCA,13,P13,Tutorial,complicated,sequential,1.00,0.30
2431,14,S14,PESTLE Analysis,10,R10,PDCA,19,P19,Flowchart,complicated,sequential,1.00,0.27
2432,14,S14,PESTLE Analysis,10,R10,PDCA,20,P20,Gantt Chart,complicated,sequential,1.00,0.33
2433,14,S14,PESTLE Analysis,10,R10,PDCA,26,P26,Timeline,complicated,sequential,1.00,0.27
2434,14,S14,PESTLE Analysis,10,R10,PDCA,32,P32,Annotated Code,complicated,sequential,1.33,0.40
2435,14,S14,PESTLE Analysis,11,R11,GROW Model,5,P5,Checklist,complicated,sequential,1.00,0.37
2436,14,S14,PESTLE Analysis,11,R11,GROW Model,8,P8,Technical Report,complicated,sequential,1.33,0.33
2437,14,S14,PESTLE Analysis,11,R11,GROW Model,13,P13,Tutorial,complicated,sequential,1.00,0.37
2438,14,S14,PESTLE Analysis,11,R11,GROW Model,19,P19,Flowchart,complicated,sequential,1.00,0.33
2439,14,S14,PESTLE Analysis,11,R11,GROW Model,20,P20,Gantt Chart,complicated,sequential,1.00,0.40
2440,14,S14,PESTLE Analysis,11,R11,GROW Model,26,P26,Timeline,complicated,sequential,1.00,0.33
2441,14,S14,PESTLE Analysis,11,R11,GROW Model,32,P32,Annotated Code,complicated,sequential,1.33,0.47
2442,14,S14,PESTLE Analysis,12,R12,Scientific Method,5,P5,Checklist,complicated,sequential,1.33,0.27
2443,14,S14,PESTLE Analysis,12,R12,Scientific Method,8,P8,Technical Report,complicated,sequential,1.67,0.23
2444,14,S14,PESTLE Analysis,12,R12,Scientific Method,13,P13,Tutorial,complicated,sequential,1.33,0.27
2445,14,S14,PESTLE Analysis,12,R12,Scientific Method,19,P19,Flowchart,complicated,sequential,1.33,0.23
2446,14,S14,PESTLE Analysis,12,R12,Scientific Method,20,P20,Gantt Chart,complicated,sequential,1.33,0.30
2447,14,S14,PESTLE Analysis,12,R12,Scientific Method,26,P26,Timeline,complicated,sequential,1.33,0.23
2448,14,S14,PESTLE Analysis,12,R12,Scientific Method,32,P32,Annotated Code,complicated,sequential,1.67,0.37
2449,14,S14,PESTLE Analysis,13,R13,MCDA,7,P7,Executive Summary,complicated,comparative,1.33,0.27
2450,14,S14,PESTLE Analysis,13,R13,MCDA,8,P8,Technical Report,complicated,quantitative,1.67,0.27
2451,14,S14,PESTLE Analysis,13,R13,MCDA,9,P9,Policy Brief,complicated,comparative,1.67,0.33
2452,14,S14,PESTLE Analysis,13,R13,MCDA,11,P11,Academic Paper,complicated,quantitative,2.00,0.30
2453,14,S14,PESTLE Analysis,13,R13,MCDA,16,P16,Comparative Table,complicated,comparative,1.33,0.27
2454,14,S14,PESTLE Analysis,13,R13,MCDA,17,P17,Decision Matrix,complicated,comparative; quantitative,1.33,0.30
2455,14,S14,PESTLE Analysis,13,R13,MCDA,21,P21,Dashboard,complicated,quantitative,1.67,0.30
2456,14,S14,PESTLE Analysis,13,R13,MCDA,29,P29,Interactive Visualization,complicated,quantitative,2.00,0.33
2457,14,S14,PESTLE Analysis,13,R13,MCDA,31,P31,Simulation,complicated,quantitative,2.00,0.37
2458,14,S14,PESTLE Analysis,18,R18,Hypothesis Testing,8,P8,Technical Report,complicated,quantitative,1.67,0.27
2459,14,S14,PESTLE Analysis,18,R18,Hypothesis Testing,11,P11,Academic Paper,complicated,quantitative,2.00,0.30
2460,14,S14,PESTLE Analysis,18,R18,Hypothesis Testing,17,P17,Decision Matrix,complicated,quantitative,1.33,0.30
2461,14,S14,PESTLE Analysis,18,R18,Hypothesis Testing,21,P21,Dashboard,complicated,quantitative,1.67,0.30
2462,14,S14,PESTLE Analysis,18,R18,Hypothesis Testing,29,P29,Interactive Visualization,complicated,quantitative,2.00,0.33
2463,14,S14,PESTLE Analysis,18,R18,Hypothesis Testing,31,P31,Simulation,complicated,quantitative,2.00,0.37
2464,14,S14,PESTLE Analysis,20,R20,Sensitivity Analysis,8,P8,Technical Report,complicated,quantitative,1.67,0.27
2465,14,S14,PESTLE Analysis,20,R20,Sensitivity Analysis,11,P11,Academic Paper,complicated,quantitative,2.00,0.30
2466,14,S14,PESTLE Analysis,20,R20,Sensitivity Analysis,17,P17,Decision Matrix,complicated,quantitative,1.33,0.30
2467,14,S14,PESTLE Analysis,20,R20,Sensitivity Analysis,21,P21,Dashboard,complicated,quantitative,1.67,0.30
2468,14,S14,PESTLE Analysis,20,R20,Sensitivity Analysis,29,P29,Interactive Visualization,complicated,quantitative,2.00,0.33
2469,14,S14,PESTLE Analysis,20,R20,Sensitivity Analysis,31,P31,Simulation,complicated,quantitative,2.00,0.37
2470,14,S14,PESTLE Analysis,21,R21,Analogical Reasoning,1,P1,Cornell Notes,complicated,conceptual,1.33,0.30
2471,14,S14,PESTLE Analysis,21,R21,Analogical Reasoning,2,P2,SQ3R,complicated,conceptual,1.33,0.33
2472,14,S14,PESTLE Analysis,21,R21,Analogical Reasoning,3,P3,CODE (Second Brain),complicated,conceptual,1.67,0.30
2473,14,S14,PESTLE Analysis,21,R21,Analogical Reasoning,4,P4,Progressive Summarization,complicated,conceptual,1.67,0.30
2474,14,S14,PESTLE Analysis,21,R21,Analogical Reasoning,6,P6,Memo,complicated,conceptual,1.33,0.23
2475,14,S14,PESTLE Analysis,21,R21,Analogical Reasoning,7,P7,Executive Summary,complicated,conceptual,1.33,0.23
2476,14,S14,PESTLE Analysis,21,R21,Analogical Reasoning,10,P10,White Paper,complicated,conceptual,1.67,0.27
2477,14,S14,PESTLE Analysis,21,R21,Analogical Reasoning,14,P14,FAQ,complicated,conceptual,1.33,0.23
2478,14,S14,PESTLE Analysis,21,R21,Analogical Reasoning,25,P25,Mind Map,complicated,conceptual,1.33,0.23
2479,14,S14,PESTLE Analysis,21,R21,Analogical Reasoning,28,P28,Slide Deck,complicated,conceptual,1.33,0.23
2480,14,S14,PESTLE Analysis,21,R21,Analogical Reasoning,36,P36,Metaphorical Explanation,complicated,conceptual,1.67,0.27
2481,14,S14,PESTLE Analysis,22,R22,Case-Based Reasoning,7,P7,Executive Summary,complicated,comparative,1.33,0.27
2482,14,S14,PESTLE Analysis,22,R22,Case-Based Reasoning,9,P9,Policy Brief,complicated,comparative,1.67,0.33
2483,14,S14,PESTLE Analysis,22,R22,Case-Based Reasoning,16,P16,Comparative Table,complicated,comparative,1.33,0.27
2484,14,S14,PESTLE Analysis,22,R22,Case-Based Reasoning,17,P17,Decision Matrix,complicated,comparative,1.33,0.30
2485,14,S14,PESTLE Analysis,23,R23,Benchmarking,7,P7,Executive Summary,complicated,comparative,1.00,0.27
2486,14,S14,PESTLE Analysis,23,R23,Benchmarking,9,P9,Policy Brief,complicated,comparative,1.33,0.33
2487,14,S14,PESTLE Analysis,23,R23,Benchmarking,16,P16,Comparative Table,complicated,comparative,1.00,0.27
2488,14,S14,PESTLE Analysis,23,R23,Benchmarking,17,P17,Decision Matrix,complicated,comparative,1.00,0.30
2489,14,S14,PESTLE Analysis,25,R25,Counterfactual Analysis,6,P6,Memo,complicated,narrative,1.33,0.27
2490,14,S14,PESTLE Analysis,25,R25,Counterfactual Analysis,9,P9,Policy Brief,complicated,narrative,1.67,0.33
2491,14,S14,PESTLE Analysis,25,R25,Counterfactual Analysis,12,P12,Case Study,complicated,narrative,1.67,0.30
2492,14,S14,PESTLE Analysis,25,R25,Counterfactual Analysis,15,P15,Dialogue,complicated,narrative,1.67,0.30
2493,14,S14,PESTLE Analysis,25,R25,Counterfactual Analysis,22,P22,Infographic,complicated,narrative,1.33,0.30
2494,14,S14,PESTLE Analysis,25,R25,Counterfactual Analysis,28,P28,Slide Deck,complicated,narrative,1.33,0.27
2495,14,S14,PESTLE Analysis,25,R25,Counterfactual Analysis,30,P30,Video,complicated,narrative,1.67,0.30
2496,14,S14,PESTLE Analysis,25,R25,Counterfactual Analysis,33,P33,Narrative Synthesis,complicated,narrative,1.67,0.27
2497,14,S14,PESTLE Analysis,25,R25,Counterfactual Analysis,34,P34,Scenario Narrative,complicated,narrative,1.67,0.30
2498,14,S14,PESTLE Analysis,25,R25,Counterfactual Analysis,35,P35,Dialogue Format,complicated,narrative,1.67,0.30
2499,14,S14,PESTLE Analysis,25,R25,Counterfactual Analysis,36,P36,Metaphorical Explanation,complicated,narrative,1.67,0.30
2500,14,S14,PESTLE Analysis,26,R26,Pre-mortem Analysis,6,P6,Memo,complicated,qualitative,1.33,0.23
2501,14,S14,PESTLE Analysis,26,R26,Pre-mortem Analysis,8,P8,Technical Report,complicated,qualitative,1.67,0.23
2502,14,S14,PESTLE Analysis,26,R26,Pre-mortem Analysis,10,P10,White Paper,complicated,qualitative,1.67,0.27
2503,14,S14,PESTLE Analysis,26,R26,Pre-mortem Analysis,11,P11,Academic Paper,complicated,qualitative,2.00,0.27
2504,14,S14,PESTLE Analysis,26,R26,Pre-mortem Analysis,12,P12,Case Study,complicated,qualitative,1.67,0.27
2505,14,S14,PESTLE Analysis,26,R26,Pre-mortem Analysis,15,P15,Dialogue,complicated,qualitative,1.67,0.27
2506,14,S14,PESTLE Analysis,26,R26,Pre-mortem Analysis,33,P33,Narrative Synthesis,complicated,qualitative,1.67,0.23
2507,14,S14,PESTLE Analysis,26,R26,Pre-mortem Analysis,35,P35,Dialogue Format,complicated,qualitative,1.67,0.27
2508,14,S14,PESTLE Analysis,27,R27,Post-mortem Analysis,6,P6,Memo,complicated,qualitative,1.00,0.27
2509,14,S14,PESTLE Analysis,27,R27,Post-mortem Analysis,8,P8,Technical Report,complicated,qualitative,1.33,0.27
2510,14,S14,PESTLE Analysis,27,R27,Post-mortem Analysis,10,P10,White Paper,complicated,qualitative,1.33,0.30
2511,14,S14,PESTLE Analysis,27,R27,Post-mortem Analysis,11,P11,Academic Paper,complicated,qualitative,1.67,0.30
2512,14,S14,PESTLE Analysis,27,R27,Post-mortem Analysis,12,P12,Case Study,complicated,qualitative,1.33,0.30
2513,14,S14,PESTLE Analysis,27,R27,Post-mortem Analysis,15,P15,Dialogue,complicated,qualitative,1.33,0.30
2514,14,S14,PESTLE Analysis,27,R27,Post-mortem Analysis,33,P33,Narrative Synthesis,complicated,qualitative,1.33,0.27
2515,14,S14,PESTLE Analysis,27,R27,Post-mortem Analysis,35,P35,Dialogue Format,complicated,qualitative,1.33,0.30
2516,14,S14,PESTLE Analysis,28,R28,Red Team/Blue Team,7,P7,Executive Summary,complicated,comparative,1.33,0.30
2517,14,S14,PESTLE Analysis,28,R28,Red Team/Blue Team,9,P9,Policy Brief,complicated,comparative,1.67,0.37
2518,14,S14,PESTLE Analysis,28,R28,Red Team/Blue Team,16,P16,Comparative Table,complicated,comparative,1.33,0.30
2519,14,S14,PESTLE Analysis,28,R28,Red Team/Blue Team,17,P17,Decision Matrix,complicated,comparative,1.33,0.33
2520,14,S14,PESTLE Analysis,29,R29,Devil's Advocate,6,P6,Memo,complicated,qualitative,1.00,0.23
2521,14,S14,PESTLE Analysis,29,R29,Devil's Advocate,8,P8,Technical Report,complicated,qualitative,1.33,0.23
2522,14,S14,PESTLE Analysis,29,R29,Devil's Advocate,10,P10,White Paper,complicated,qualitative,1.33,0.27
2523,14,S14,PESTLE Analysis,29,R29,Devil's Advocate,11,P11,Academic Paper,complicated,qualitative,1.67,0.27
2524,14,S14,PESTLE Analysis,29,R29,Devil's Advocate,12,P12,Case Study,complicated,qualitative,1.33,0.27
2525,14,S14,PESTLE Analysis,29,R29,Devil's Advocate,15,P15,Dialogue,complicated,qualitative,1.33,0.27
2526,14,S14,PESTLE Analysis,29,R29,Devil's Advocate,33,P33,Narrative Synthesis,complicated,qualitative,1.33,0.23
2527,14,S14,PESTLE Analysis,29,R29,Devil's Advocate,35,P35,Dialogue Format,complicated,qualitative,1.33,0.27
2528,14,S14,PESTLE Analysis,31,R31,Critical Thinking,6,P6,Memo,complicated,qualitative,1.33,0.23
2529,14,S14,PESTLE Analysis,31,R31,Critical Thinking,8,P8,Technical Report,complicated,qualitative,1.67,0.23
2530,14,S14,PESTLE Analysis,31,R31,Critical Thinking,10,P10,White Paper,complicated,qualitative,1.67,0.27
2531,14,S14,PESTLE Analysis,31,R31,Critical Thinking,11,P11,Academic Paper,complicated,qualitative,2.00,0.27
2532,14,S14,PESTLE Analysis,31,R31,Critical Thinking,12,P12,Case Study,complicated,qualitative,1.67,0.27
2533,14,S14,PESTLE Analysis,31,R31,Critical Thinking,15,P15,Dialogue,complicated,qualitative,1.67,0.27
2534,14,S14,PESTLE Analysis,31,R31,Critical Thinking,33,P33,Narrative Synthesis,complicated,qualitative,1.67,0.23
2535,14,S14,PESTLE Analysis,31,R31,Critical Thinking,35,P35,Dialogue Format,complicated,qualitative,1.67,0.27
2536,14,S14,PESTLE Analysis,32,R32,FMEA,7,P7,Executive Summary,complicated,comparative,1.33,0.33
2537,14,S14,PESTLE Analysis,32,R32,FMEA,8,P8,Technical Report,complicated,quantitative,1.67,0.33
2538,14,S14,PESTLE Analysis,32,R32,FMEA,9,P9,Policy Brief,complicated,comparative,1.67,0.40
2539,14,S14,PESTLE Analysis,32,R32,FMEA,11,P11,Academic Paper,complicated,quantitative,2.00,0.37
2540,14,S14,PESTLE Analysis,32,R32,FMEA,16,P16,Comparative Table,complicated,comparative,1.33,0.33
2541,14,S14,PESTLE Analysis,32,R32,FMEA,17,P17,Decision Matrix,complicated,comparative; quantitative,1.33,0.37
2542,14,S14,PESTLE Analysis,32,R32,FMEA,21,P21,Dashboard,complicated,quantitative,1.67,0.37
2543,14,S14,PESTLE Analysis,32,R32,FMEA,29,P29,Interactive Visualization,complicated,quantitative,2.00,0.40
2544,14,S14,PESTLE Analysis,32,R32,FMEA,31,P31,Simulation,complicated,quantitative,2.00,0.43
2545,14,S14,PESTLE Analysis,33,R33,Fault Tree Analysis,18,P18,Causal Diagram,complicated,visual,1.67,0.37
2546,14,S14,PESTLE Analysis,33,R33,Fault Tree Analysis,19,P19,Flowchart,complicated,visual,1.33,0.33
2547,14,S14,PESTLE Analysis,33,R33,Fault Tree Analysis,20,P20,Gantt Chart,complicated,visual,1.33,0.40
2548,14,S14,PESTLE Analysis,33,R33,Fault Tree Analysis,21,P21,Dashboard,complicated,visual,1.67,0.37
2549,14,S14,PESTLE Analysis,33,R33,Fault Tree Analysis,22,P22,Infographic,complicated,visual,1.33,0.37
2550,14,S14,PESTLE Analysis,33,R33,Fault Tree Analysis,23,P23,Systems Diagram,complicated,visual,1.67,0.40
2551,14,S14,PESTLE Analysis,33,R33,Fault Tree Analysis,24,P24,Network Graph,complicated,visual,1.67,0.40
2552,14,S14,PESTLE Analysis,33,R33,Fault Tree Analysis,25,P25,Mind Map,complicated,visual,1.33,0.33
2553,14,S14,PESTLE Analysis,33,R33,Fault Tree Analysis,26,P26,Timeline,complicated,visual,1.33,0.33
2554,14,S14,PESTLE Analysis,33,R33,Fault Tree Analysis,27,P27,Fishbone Diagram,complicated,visual,1.33,0.40
2555,14,S14,PESTLE Analysis,33,R33,Fault Tree Analysis,28,P28,Slide Deck,complicated,visual,1.33,0.33
2556,14,S14,PESTLE Analysis,33,R33,Fault Tree Analysis,29,P29,Interactive Visualization,complicated,visual,2.00,0.40
2557,14,S14,PESTLE Analysis,33,R33,Fault Tree Analysis,30,P30,Video,complicated,visual,1.67,0.37
2558,14,S14,PESTLE Analysis,33,R33,Fault Tree Analysis,31,P31,Simulation,complicated,visual,2.00,0.43
2559,14,S14,PESTLE Analysis,34,R34,Event Tree Analysis,5,P5,Checklist,complicated,sequential,1.33,0.37
2560,14,S14,PESTLE Analysis,34,R34,Event Tree Analysis,8,P8,Technical Report,complicated,sequential,1.67,0.33
2561,14,S14,PESTLE Analysis,34,R34,Event Tree Analysis,13,P13,Tutorial,complicated,sequential,1.33,0.37
2562,14,S14,PESTLE Analysis,34,R34,Event Tree Analysis,19,P19,Flowchart,complicated,sequential,1.33,0.33
2563,14,S14,PESTLE Analysis,34,R34,Event Tree Analysis,20,P20,Gantt Chart,complicated,sequential,1.33,0.40
2564,14,S14,PESTLE Analysis,34,R34,Event Tree Analysis,26,P26,Timeline,complicated,sequential,1.33,0.33
2565,14,S14,PESTLE Analysis,34,R34,Event Tree Analysis,32,P32,Annotated Code,complicated,sequential,1.67,0.47
2566,14,S14,PESTLE Analysis,35,R35,Bow-Tie Analysis,18,P18,Causal Diagram,complicated,visual,1.67,0.37
2567,14,S14,PESTLE Analysis,35,R35,Bow-Tie Analysis,19,P19,Flowchart,complicated,visual,1.33,0.33
2568,14,S14,PESTLE Analysis,35,R35,Bow-Tie Analysis,20,P20,Gantt Chart,complicated,visual,1.33,0.40
2569,14,S14,PESTLE Analysis,35,R35,Bow-Tie Analysis,21,P21,Dashboard,complicated,visual,1.67,0.37
2570,14,S14,PESTLE Analysis,35,R35,Bow-Tie Analysis,22,P22,Infographic,complicated,visual,1.33,0.37
2571,14,S14,PESTLE Analysis,35,R35,Bow-Tie Analysis,23,P23,Systems Diagram,complicated,visual,1.67,0.40
2572,14,S14,PESTLE Analysis,35,R35,Bow-Tie Analysis,24,P24,Network Graph,complicated,visual,1.67,0.40
2573,14,S14,PESTLE Analysis,35,R35,Bow-Tie Analysis,25,P25,Mind Map,complicated,visual,1.33,0.33
2574,14,S14,PESTLE Analysis,35,R35,Bow-Tie Analysis,26,P26,Timeline,complicated,visual,1.33,0.33
2575,14,S14,PESTLE Analysis,35,R35,Bow-Tie Analysis,27,P27,Fishbone Diagram,complicated,visual,1.33,0.40
2576,14,S14,PESTLE Analysis,35,R35,Bow-Tie Analysis,28,P28,Slide Deck,complicated,visual,1.33,0.33
2577,14,S14,PESTLE Analysis,35,R35,Bow-Tie Analysis,29,P29,Interactive Visualization,complicated,visual,2.00,0.40
2578,14,S14,PESTLE Analysis,35,R35,Bow-Tie Analysis,30,P30,Video,complicated,visual,1.67,0.37
2579,14,S14,PESTLE Analysis,35,R35,Bow-Tie Analysis,31,P31,Simulation,complicated,visual,2.00,0.43
2580,14,S14,PESTLE Analysis,37,R37,Nominal Group Technique,6,P6,Memo,complicated,qualitative,1.00,0.27
2581,14,S14,PESTLE Analysis,37,R37,Nominal Group Technique,8,P8,Technical Report,complicated,qualitative,1.33,0.27
2582,14,S14,PESTLE Analysis,37,R37,Nominal Group Technique,10,P10,White Paper,complicated,qualitative,1.33,0.30
2583,14,S14,PESTLE Analysis,37,R37,Nominal Group Technique,11,P11,Academic Paper,complicated,qualitative,1.67,0.30
2584,14,S14,PESTLE Analysis,37,R37,Nominal Group Technique,12,P12,Case Study,complicated,qualitative,1.33,0.30
2585,14,S14,PESTLE Analysis,37,R37,Nominal Group Technique,15,P15,Dialogue,complicated,qualitative,1.33,0.30
2586,14,S14,PESTLE Analysis,37,R37,Nominal Group Technique,33,P33,Narrative Synthesis,complicated,qualitative,1.33,0.27
2587,14,S14,PESTLE Analysis,37,R37,Nominal Group Technique,35,P35,Dialogue Format,complicated,qualitative,1.33,0.30
2588,14,S14,PESTLE Analysis,38,R38,Six Thinking Hats,6,P6,Memo,complicated,qualitative,1.00,0.27
2589,14,S14,PESTLE Analysis,38,R38,Six Thinking Hats,8,P8,Technical Report,complicated,qualitative,1.33,0.27
2590,14,S14,PESTLE Analysis,38,R38,Six Thinking Hats,10,P10,White Paper,complicated,qualitative,1.33,0.30
2591,14,S14,PESTLE Analysis,38,R38,Six Thinking Hats,11,P11,Academic Paper,complicated,qualitative,1.67,0.30
2592,14,S14,PESTLE Analysis,38,R38,Six Thinking Hats,12,P12,Case Study,complicated,qualitative,1.33,0.30
2593,14,S14,PESTLE Analysis,38,R38,Six Thinking Hats,15,P15,Dialogue,complicated,qualitative,1.33,0.30
2594,14,S14,PESTLE Analysis,38,R38,Six Thinking Hats,33,P33,Narrative Synthesis,complicated,qualitative,1.33,0.27
2595,14,S14,PESTLE Analysis,38,R38,Six Thinking Hats,35,P35,Dialogue Format,complicated,qualitative,1.33,0.30
2596,14,S14,PESTLE Analysis,39,R39,Linear Programming,8,P8,Technical Report,complicated,quantitative,2.00,0.33
2597,14,S14,PESTLE Analysis,39,R39,Linear Programming,11,P11,Academic Paper,complicated,quantitative,2.33,0.37
2598,14,S14,PESTLE Analysis,39,R39,Linear Programming,17,P17,Decision Matrix,complicated,quantitative,1.67,0.37
2599,14,S14,PESTLE Analysis,39,R39,Linear Programming,21,P21,Dashboard,complicated,quantitative,2.00,0.37
2600,14,S14,PESTLE Analysis,39,R39,Linear Programming,29,P29,Interactive Visualization,complicated,quantitative,2.33,0.40
2601,14,S14,PESTLE Analysis,39,R39,Linear Programming,31,P31,Simulation,complicated,quantitative,2.33,0.43
2602,14,S14,PESTLE Analysis,40,R40,Decision Trees,5,P5,Checklist,complicated,sequential,1.33,0.30
2603,14,S14,PESTLE Analysis,40,R40,Decision Trees,8,P8,Technical Report,complicated,sequential,1.67,0.27
2604,14,S14,PESTLE Analysis,40,R40,Decision Trees,13,P13,Tutorial,complicated,sequential,1.33,0.30
2605,14,S14,PESTLE Analysis,40,R40,Decision Trees,18,P18,Causal Diagram,complicated,visual,1.67,0.30
2606,14,S14,PESTLE Analysis,40,R40,Decision Trees,19,P19,Flowchart,complicated,sequential; visual,1.33,0.27
2607,14,S14,PESTLE Analysis,40,R40,Decision Trees,20,P20,Gantt Chart,complicated,sequential; visual,1.33,0.33
2608,14,S14,PESTLE Analysis,40,R40,Decision Trees,21,P21,Dashboard,complicated,visual,1.67,0.30
2609,14,S14,PESTLE Analysis,40,R40,Decision Trees,22,P22,Infographic,complicated,visual,1.33,0.30
2610,14,S14,PESTLE Analysis,40,R40,Decision Trees,23,P23,Systems Diagram,complicated,visual,1.67,0.33
2611,14,S14,PESTLE Analysis,40,R40,Decision Trees,24,P24,Network Graph,complicated,visual,1.67,0.33
2612,14,S14,PESTLE Analysis,40,R40,Decision Trees,25,P25,Mind Map,complicated,visual,1.33,0.27
2613,14,S14,PESTLE Analysis,40,R40,Decision Trees,26,P26,Timeline,complicated,sequential; visual,1.33,0.27
2614,14,S14,PESTLE Analysis,40,R40,Decision Trees,27,P27,Fishbone Diagram,complicated,visual,1.33,0.33
2615,14,S14,PESTLE Analysis,40,R40,Decision Trees,28,P28,Slide Deck,complicated,visual,1.33,0.27
2616,14,S14,PESTLE Analysis,40,R40,Decision Trees,29,P29,Interactive Visualization,complicated,visual,2.00,0.33
2617,14,S14,PESTLE Analysis,40,R40,Decision Trees,30,P30,Video,complicated,visual,1.67,0.30
2618,14,S14,PESTLE Analysis,40,R40,Decision Trees,31,P31,Simulation,complicated,visual,2.00,0.37
2619,14,S14,PESTLE Analysis,40,R40,Decision Trees,32,P32,Annotated Code,complicated,sequential,1.67,0.40
2620,14,S14,PESTLE Analysis,41,R41,Cost-Benefit Analysis,7,P7,Executive Summary,complicated,comparative,1.33,0.27
2621,14,S14,PESTLE Analysis,41,R41,Cost-Benefit Analysis,8,P8,Technical Report,complicated,quantitative,1.67,0.27
2622,14,S14,PESTLE Analysis,41,R41,Cost-Benefit Analysis,9,P9,Policy Brief,complicated,comparative,1.67,0.33
2623,14,S14,PESTLE Analysis,41,R41,Cost-Benefit Analysis,11,P11,Academic Paper,complicated,quantitative,2.00,0.30
2624,14,S14,PESTLE Analysis,41,R41,Cost-Benefit Analysis,16,P16,Comparative Table,complicated,comparative,1.33,0.27
2625,14,S14,PESTLE Analysis,41,R41,Cost-Benefit Analysis,17,P17,Decision Matrix,complicated,comparative; quantitative,1.33,0.30
2626,14,S14,PESTLE Analysis,41,R41,Cost-Benefit Analysis,21,P21,Dashboard,complicated,quantitative,1.67,0.30
2627,14,S14,PESTLE Analysis,41,R41,Cost-Benefit Analysis,29,P29,Interactive Visualization,complicated,quantitative,2.00,0.33
2628,14,S14,PESTLE Analysis,41,R41,Cost-Benefit Analysis,31,P31,Simulation,complicated,quantitative,2.00,0.37
2629,14,S14,PESTLE Analysis,42,R42,Trade-off Analysis,7,P7,Executive Summary,complicated,comparative,1.33,0.23
2630,14,S14,PESTLE Analysis,42,R42,Trade-off Analysis,9,P9,Policy Brief,complicated,comparative,1.67,0.30
2631,14,S14,PESTLE Analysis,42,R42,Trade-off Analysis,16,P16,Comparative Table,complicated,comparative,1.33,0.23
2632,14,S14,PESTLE Analysis,42,R42,Trade-off Analysis,17,P17,Decision Matrix,complicated,comparative,1.33,0.27
2633,15,S15,Business Model Canvas,1,R1,Deductive Reasoning,1,P1,Cornell Notes,complicated,conceptual,1.00,0.37
2634,15,S15,Business Model Canvas,1,R1,Deductive Reasoning,2,P2,SQ3R,complicated,conceptual,1.00,0.40
2635,15,S15,Business Model Canvas,1,R1,Deductive Reasoning,3,P3,CODE (Second Brain),complicated,conceptual,1.33,0.37
2636,15,S15,Business Model Canvas,1,R1,Deductive Reasoning,4,P4,Progressive Summarization,complicated,conceptual,1.33,0.37
2637,15,S15,Business Model Canvas,1,R1,Deductive Reasoning,6,P6,Memo,complicated,conceptual,1.00,0.30
2638,15,S15,Business Model Canvas,1,R1,Deductive Reasoning,7,P7,Executive Summary,complicated,conceptual,1.00,0.30
2639,15,S15,Business Model Canvas,1,R1,Deductive Reasoning,10,P10,White Paper,complicated,conceptual,1.33,0.33
2640,15,S15,Business Model Canvas,1,R1,Deductive Reasoning,14,P14,FAQ,complicated,conceptual,1.00,0.30
2641,15,S15,Business Model Canvas,1,R1,Deductive Reasoning,25,P25,Mind Map,complicated,conceptual,1.00,0.30
2642,15,S15,Business Model Canvas,1,R1,Deductive Reasoning,28,P28,Slide Deck,complicated,conceptual,1.00,0.30
2643,15,S15,Business Model Canvas,1,R1,Deductive Reasoning,36,P36,Metaphorical Explanation,complicated,conceptual,1.33,0.33
2644,15,S15,Business Model Canvas,2,R2,Inductive Reasoning,6,P6,Memo,complicated,qualitative,1.33,0.30
2645,15,S15,Business Model Canvas,2,R2,Inductive Reasoning,8,P8,Technical Report,complicated,qualitative,1.67,0.30
2646,15,S15,Business Model Canvas,2,R2,Inductive Reasoning,10,P10,White Paper,complicated,qualitative,1.67,0.33
2647,15,S15,Business Model Canvas,2,R2,Inductive Reasoning,11,P11,Academic Paper,complicated,qualitative,2.00,0.33
2648,15,S15,Business Model Canvas,2,R2,Inductive Reasoning,12,P12,Case Study,complicated,qualitative,1.67,0.33
2649,15,S15,Business Model Canvas,2,R2,Inductive Reasoning,15,P15,Dialogue,complicated,qualitative,1.67,0.33
2650,15,S15,Business Model Canvas,2,R2,Inductive Reasoning,33,P33,Narrative Synthesis,complicated,qualitative,1.67,0.30
2651,15,S15,Business Model Canvas,2,R2,Inductive Reasoning,35,P35,Dialogue Format,complicated,qualitative,1.67,0.33
2652,15,S15,Business Model Canvas,3,R3,Abductive Reasoning,1,P1,Cornell Notes,complicated,conceptual,1.33,0.40
2653,15,S15,Business Model Canvas,3,R3,Abductive Reasoning,2,P2,SQ3R,complicated,conceptual,1.33,0.43
2654,15,S15,Business Model Canvas,3,R3,Abductive Reasoning,3,P3,CODE (Second Brain),complicated,conceptual,1.67,0.40
2655,15,S15,Business Model Canvas,3,R3,Abductive Reasoning,4,P4,Progressive Summarization,complicated,conceptual,1.67,0.40
2656,15,S15,Business Model Canvas,3,R3,Abductive Reasoning,6,P6,Memo,complicated,conceptual,1.33,0.33
2657,15,S15,Business Model Canvas,3,R3,Abductive Reasoning,7,P7,Executive Summary,complicated,conceptual,1.33,0.33
2658,15,S15,Business Model Canvas,3,R3,Abductive Reasoning,10,P10,White Paper,complicated,conceptual,1.67,0.37
2659,15,S15,Business Model Canvas,3,R3,Abductive Reasoning,14,P14,FAQ,complicated,conceptual,1.33,0.33
2660,15,S15,Business Model Canvas,3,R3,Abductive Reasoning,25,P25,Mind Map,complicated,conceptual,1.33,0.33
2661,15,S15,Business Model Canvas,3,R3,Abductive Reasoning,28,P28,Slide Deck,complicated,conceptual,1.33,0.33
2662,15,S15,Business Model Canvas,3,R3,Abductive Reasoning,36,P36,Metaphorical Explanation,complicated,conceptual,1.67,0.37
2663,15,S15,Business Model Canvas,4,R4,Root Cause Analysis,1,P1,Cornell Notes,complicated,conceptual,1.33,0.40
2664,15,S15,Business Model Canvas,4,R4,Root Cause Analysis,2,P2,SQ3R,complicated,conceptual,1.33,0.43
2665,15,S15,Business Model Canvas,4,R4,Root Cause Analysis,3,P3,CODE (Second Brain),complicated,conceptual,1.67,0.40
2666,15,S15,Business Model Canvas,4,R4,Root Cause Analysis,4,P4,Progressive Summarization,complicated,conceptual,1.67,0.40
2667,15,S15,Business Model Canvas,4,R4,Root Cause Analysis,6,P6,Memo,complicated,conceptual,1.33,0.33
2668,15,S15,Business Model Canvas,4,R4,Root Cause Analysis,7,P7,Executive Summary,complicated,conceptual,1.33,0.33
2669,15,S15,Business Model Canvas,4,R4,Root Cause Analysis,10,P10,White Paper,complicated,conceptual,1.67,0.37
2670,15,S15,Business Model Canvas,4,R4,Root Cause Analysis,14,P14,FAQ,complicated,conceptual,1.33,0.33
2671,15,S15,Business Model Canvas,4,R4,Root Cause Analysis,25,P25,Mind Map,complicated,conceptual,1.33,0.33
2672,15,S15,Business Model Canvas,4,R4,Root Cause Analysis,28,P28,Slide Deck,complicated,conceptual,1.33,0.33
2673,15,S15,Business Model Canvas,4,R4,Root Cause Analysis,36,P36,Metaphorical Explanation,complicated,conceptual,1.67,0.37
2674,15,S15,Business Model Canvas,5,R5,A3 Problem Solving,18,P18,Causal Diagram,complicated,visual,1.67,0.43
2675,15,S15,Business Model Canvas,5,R5,A3 Problem Solving,19,P19,Flowchart,complicated,visual,1.33,0.40
2676,15,S15,Business Model Canvas,5,R5,A3 Problem Solving,20,P20,Gantt Chart,complicated,visual,1.33,0.47
2677,15,S15,Business Model Canvas,5,R5,A3 Problem Solving,21,P21,Dashboard,complicated,visual,1.67,0.43
2678,15,S15,Business Model Canvas,5,R5,A3 Problem Solving,22,P22,Infographic,complicated,visual,1.33,0.43
2679,15,S15,Business Model Canvas,5,R5,A3 Problem Solving,23,P23,Systems Diagram,complicated,visual,1.67,0.47
2680,15,S15,Business Model Canvas,5,R5,A3 Problem Solving,24,P24,Network Graph,complicated,visual,1.67,0.47
2681,15,S15,Business Model Canvas,5,R5,A3 Problem Solving,25,P25,Mind Map,complicated,visual,1.33,0.40
2682,15,S15,Business Model Canvas,5,R5,A3 Problem Solving,26,P26,Timeline,complicated,visual,1.33,0.40
2683,15,S15,Business Model Canvas,5,R5,A3 Problem Solving,27,P27,Fishbone Diagram,complicated,visual,1.33,0.47
2684,15,S15,Business Model Canvas,5,R5,A3 Problem Solving,28,P28,Slide Deck,complicated,visual,1.33,0.40
2685,15,S15,Business Model Canvas,5,R5,A3 Problem Solving,29,P29,Interactive Visualization,complicated,visual,2.00,0.47
2686,15,S15,Business Model Canvas,5,R5,A3 Problem Solving,30,P30,Video,complicated,visual,1.67,0.43
2687,15,S15,Business Model Canvas,5,R5,A3 Problem Solving,31,P31,Simulation,complicated,visual,2.00,0.50
2688,15,S15,Business Model Canvas,6,R6,8D Problem Solving,5,P5,Checklist,complicated,sequential,1.33,0.47
2689,15,S15,Business Model Canvas,6,R6,8D Problem Solving,8,P8,Technical Report,complicated,sequential,1.67,0.43
2690,15,S15,Business Model Canvas,6,R6,8D Problem Solving,13,P13,Tutorial,complicated,sequential,1.33,0.47
2691,15,S15,Business Model Canvas,6,R6,8D Problem Solving,19,P19,Flowchart,complicated,sequential,1.33,0.43
2692,15,S15,Business Model Canvas,6,R6,8D Problem Solving,20,P20,Gantt Chart,complicated,sequential,1.33,0.50
2693,15,S15,Business Model Canvas,6,R6,8D Problem Solving,26,P26,Timeline,complicated,sequential,1.33,0.43
2694,15,S15,Business Model Canvas,6,R6,8D Problem Solving,32,P32,Annotated Code,complicated,sequential,1.67,0.57
2695,15,S15,Business Model Canvas,7,R7,TRIZ,1,P1,Cornell Notes,complicated,conceptual,1.67,0.47
2696,15,S15,Business Model Canvas,7,R7,TRIZ,2,P2,SQ3R,complicated,conceptual,1.67,0.50
2697,15,S15,Business Model Canvas,7,R7,TRIZ,3,P3,CODE (Second Brain),complicated,conceptual,2.00,0.47
2698,15,S15,Business Model Canvas,7,R7,TRIZ,4,P4,Progressive Summarization,complicated,conceptual,2.00,0.47
2699,15,S15,Business Model Canvas,7,R7,TRIZ,6,P6,Memo,complicated,conceptual,1.67,0.40
2700,15,S15,Business Model Canvas,7,R7,TRIZ,7,P7,Executive Summary,complicated,conceptual,1.67,0.40
2701,15,S15,Business Model Canvas,7,R7,TRIZ,10,P10,White Paper,complicated,conceptual,2.00,0.43
2702,15,S15,Business Model Canvas,7,R7,TRIZ,14,P14,FAQ,complicated,conceptual,1.67,0.40
2703,15,S15,Business Model Canvas,7,R7,TRIZ,25,P25,Mind Map,complicated,conceptual,1.67,0.40
2704,15,S15,Business Model Canvas,7,R7,TRIZ,28,P28,Slide Deck,complicated,conceptual,1.67,0.40
2705,15,S15,Business Model Canvas,7,R7,TRIZ,36,P36,Metaphorical Explanation,complicated,conceptual,2.00,0.43
2706,15,S15,Business Model Canvas,9,R9,OODA Loop,5,P5,Checklist,complicated,sequential,1.33,0.40
2707,15,S15,Business Model Canvas,9,R9,OODA Loop,8,P8,Technical Report,complicated,sequential,1.67,0.37
2708,15,S15,Business Model Canvas,9,R9,OODA Loop,13,P13,Tutorial,complicated,sequential,1.33,0.40
2709,15,S15,Business Model Canvas,9,R9,OODA Loop,19,P19,Flowchart,complicated,sequential,1.33,0.37
2710,15,S15,Business Model Canvas,9,R9,OODA Loop,20,P20,Gantt Chart,complicated,sequential,1.33,0.43
2711,15,S15,Business Model Canvas,9,R9,OODA Loop,26,P26,Timeline,complicated,sequential,1.33,0.37
2712,15,S15,Business Model Canvas,9,R9,OODA Loop,32,P32,Annotated Code,complicated,sequential,1.67,0.50
2713,15,S15,Business Model Canvas,10,R10,PDCA,5,P5,Checklist,complicated,sequential,1.00,0.37
2714,15,S15,Business Model Canvas,10,R10,PDCA,8,P8,Technical Report,complicated,sequential,1.33,0.33
2715,15,S15,Business Model Canvas,10,R10,PDCA,13,P13,Tutorial,complicated,sequential,1.00,0.37
2716,15,S15,Business Model Canvas,10,R10,PDCA,19,P19,Flowchart,complicated,sequential,1.00,0.33
2717,15,S15,Business Model Canvas,10,R10,PDCA,20,P20,Gantt Chart,complicated,sequential,1.00,0.40
2718,15,S15,Business Model Canvas,10,R10,PDCA,26,P26,Timeline,complicated,sequential,1.00,0.33
2719,15,S15,Business Model Canvas,10,R10,PDCA,32,P32,Annotated Code,complicated,sequential,1.33,0.47
2720,15,S15,Business Model Canvas,11,R11,GROW Model,5,P5,Checklist,complicated,sequential,1.00,0.43
2721,15,S15,Business Model Canvas,11,R11,GROW Model,8,P8,Technical Report,complicated,sequential,1.33,0.40
2722,15,S15,Business Model Canvas,11,R11,GROW Model,13,P13,Tutorial,complicated,sequential,1.00,0.43
2723,15,S15,Business Model Canvas,11,R11,GROW Model,19,P19,Flowchart,complicated,sequential,1.00,0.40
2724,15,S15,Business Model Canvas,11,R11,GROW Model,20,P20,Gantt Chart,complicated,sequential,1.00,0.47
2725,15,S15,Business Model Canvas,11,R11,GROW Model,26,P26,Timeline,complicated,sequential,1.00,0.40
2726,15,S15,Business Model Canvas,11,R11,GROW Model,32,P32,Annotated Code,complicated,sequential,1.33,0.53
2727,15,S15,Business Model Canvas,12,R12,Scientific Method,5,P5,Checklist,complicated,sequential,1.33,0.33
2728,15,S15,Business Model Canvas,12,R12,Scientific Method,8,P8,Technical Report,complicated,sequential,1.67,0.30
2729,15,S15,Business Model Canvas,12,R12,Scientific Method,13,P13,Tutorial,complicated,sequential,1.33,0.33
2730,15,S15,Business Model Canvas,12,R12,Scientific Method,19,P19,Flowchart,complicated,sequential,1.33,0.30
2731,15,S15,Business Model Canvas,12,R12,Scientific Method,20,P20,Gantt Chart,complicated,sequential,1.33,0.37
2732,15,S15,Business Model Canvas,12,R12,Scientific Method,26,P26,Timeline,complicated,sequential,1.33,0.30
2733,15,S15,Business Model Canvas,12,R12,Scientific Method,32,P32,Annotated Code,complicated,sequential,1.67,0.43
2734,15,S15,Business Model Canvas,13,R13,MCDA,7,P7,Executive Summary,complicated,comparative,1.33,0.33
2735,15,S15,Business Model Canvas,13,R13,MCDA,8,P8,Technical Report,complicated,quantitative,1.67,0.33
2736,15,S15,Business Model Canvas,13,R13,MCDA,9,P9,Policy Brief,complicated,comparative,1.67,0.40
2737,15,S15,Business Model Canvas,13,R13,MCDA,11,P11,Academic Paper,complicated,quantitative,2.00,0.37
2738,15,S15,Business Model Canvas,13,R13,MCDA,16,P16,Comparative Table,complicated,comparative,1.33,0.33
2739,15,S15,Business Model Canvas,13,R13,MCDA,17,P17,Decision Matrix,complicated,comparative; quantitative,1.33,0.37
2740,15,S15,Business Model Canvas,13,R13,MCDA,21,P21,Dashboard,complicated,quantitative,1.67,0.37
2741,15,S15,Business Model Canvas,13,R13,MCDA,29,P29,Interactive Visualization,complicated,quantitative,2.00,0.40
2742,15,S15,Business Model Canvas,13,R13,MCDA,31,P31,Simulation,complicated,quantitative,2.00,0.43
2743,15,S15,Business Model Canvas,18,R18,Hypothesis Testing,8,P8,Technical Report,complicated,quantitative,1.67,0.33
2744,15,S15,Business Model Canvas,18,R18,Hypothesis Testing,11,P11,Academic Paper,complicated,quantitative,2.00,0.37
2745,15,S15,Business Model Canvas,18,R18,Hypothesis Testing,17,P17,Decision Matrix,complicated,quantitative,1.33,0.37
2746,15,S15,Business Model Canvas,18,R18,Hypothesis Testing,21,P21,Dashboard,complicated,quantitative,1.67,0.37
2747,15,S15,Business Model Canvas,18,R18,Hypothesis Testing,29,P29,Interactive Visualization,complicated,quantitative,2.00,0.40
2748,15,S15,Business Model Canvas,18,R18,Hypothesis Testing,31,P31,Simulation,complicated,quantitative,2.00,0.43
2749,15,S15,Business Model Canvas,20,R20,Sensitivity Analysis,8,P8,Technical Report,complicated,quantitative,1.67,0.33
2750,15,S15,Business Model Canvas,20,R20,Sensitivity Analysis,11,P11,Academic Paper,complicated,quantitative,2.00,0.37
2751,15,S15,Business Model Canvas,20,R20,Sensitivity Analysis,17,P17,Decision Matrix,complicated,quantitative,1.33,0.37
2752,15,S15,Business Model Canvas,20,R20,Sensitivity Analysis,21,P21,Dashboard,complicated,quantitative,1.67,0.37
2753,15,S15,Business Model Canvas,20,R20,Sensitivity Analysis,29,P29,Interactive Visualization,complicated,quantitative,2.00,0.40
2754,15,S15,Business Model Canvas,20,R20,Sensitivity Analysis,31,P31,Simulation,complicated,quantitative,2.00,0.43
2755,15,S15,Business Model Canvas,21,R21,Analogical Reasoning,1,P1,Cornell Notes,complicated,conceptual,1.33,0.37
2756,15,S15,Business Model Canvas,21,R21,Analogical Reasoning,2,P2,SQ3R,complicated,conceptual,1.33,0.40
2757,15,S15,Business Model Canvas,21,R21,Analogical Reasoning,3,P3,CODE (Second Brain),complicated,conceptual,1.67,0.37
2758,15,S15,Business Model Canvas,21,R21,Analogical Reasoning,4,P4,Progressive Summarization,complicated,conceptual,1.67,0.37
2759,15,S15,Business Model Canvas,21,R21,Analogical Reasoning,6,P6,Memo,complicated,conceptual,1.33,0.30
2760,15,S15,Business Model Canvas,21,R21,Analogical Reasoning,7,P7,Executive Summary,complicated,conceptual,1.33,0.30
2761,15,S15,Business Model Canvas,21,R21,Analogical Reasoning,10,P10,White Paper,complicated,conceptual,1.67,0.33
2762,15,S15,Business Model Canvas,21,R21,Analogical Reasoning,14,P14,FAQ,complicated,conceptual,1.33,0.30
2763,15,S15,Business Model Canvas,21,R21,Analogical Reasoning,25,P25,Mind Map,complicated,conceptual,1.33,0.30
2764,15,S15,Business Model Canvas,21,R21,Analogical Reasoning,28,P28,Slide Deck,complicated,conceptual,1.33,0.30
2765,15,S15,Business Model Canvas,21,R21,Analogical Reasoning,36,P36,Metaphorical Explanation,complicated,conceptual,1.67,0.33
2766,15,S15,Business Model Canvas,22,R22,Case-Based Reasoning,7,P7,Executive Summary,complicated,comparative,1.33,0.33
2767,15,S15,Business Model Canvas,22,R22,Case-Based Reasoning,9,P9,Policy Brief,complicated,comparative,1.67,0.40
2768,15,S15,Business Model Canvas,22,R22,Case-Based Reasoning,16,P16,Comparative Table,complicated,comparative,1.33,0.33
2769,15,S15,Business Model Canvas,22,R22,Case-Based Reasoning,17,P17,Decision Matrix,complicated,comparative,1.33,0.37
2770,15,S15,Business Model Canvas,23,R23,Benchmarking,7,P7,Executive Summary,complicated,comparative,1.00,0.33
2771,15,S15,Business Model Canvas,23,R23,Benchmarking,9,P9,Policy Brief,complicated,comparative,1.33,0.40
2772,15,S15,Business Model Canvas,23,R23,Benchmarking,16,P16,Comparative Table,complicated,comparative,1.00,0.33
2773,15,S15,Business Model Canvas,23,R23,Benchmarking,17,P17,Decision Matrix,complicated,comparative,1.00,0.37
2774,15,S15,Business Model Canvas,25,R25,Counterfactual Analysis,6,P6,Memo,complicated,narrative,1.33,0.33
2775,15,S15,Business Model Canvas,25,R25,Counterfactual Analysis,9,P9,Policy Brief,complicated,narrative,1.67,0.40
2776,15,S15,Business Model Canvas,25,R25,Counterfactual Analysis,12,P12,Case Study,complicated,narrative,1.67,0.37
2777,15,S15,Business Model Canvas,25,R25,Counterfactual Analysis,15,P15,Dialogue,complicated,narrative,1.67,0.37
2778,15,S15,Business Model Canvas,25,R25,Counterfactual Analysis,22,P22,Infographic,complicated,narrative,1.33,0.37
2779,15,S15,Business Model Canvas,25,R25,Counterfactual Analysis,28,P28,Slide Deck,complicated,narrative,1.33,0.33
2780,15,S15,Business Model Canvas,25,R25,Counterfactual Analysis,30,P30,Video,complicated,narrative,1.67,0.37
2781,15,S15,Business Model Canvas,25,R25,Counterfactual Analysis,33,P33,Narrative Synthesis,complicated,narrative,1.67,0.33
2782,15,S15,Business Model Canvas,25,R25,Counterfactual Analysis,34,P34,Scenario Narrative,complicated,narrative,1.67,0.37
2783,15,S15,Business Model Canvas,25,R25,Counterfactual Analysis,35,P35,Dialogue Format,complicated,narrative,1.67,0.37
2784,15,S15,Business Model Canvas,25,R25,Counterfactual Analysis,36,P36,Metaphorical Explanation,complicated,narrative,1.67,0.37
2785,15,S15,Business Model Canvas,26,R26,Pre-mortem Analysis,6,P6,Memo,complicated,qualitative,1.33,0.30
2786,15,S15,Business Model Canvas,26,R26,Pre-mortem Analysis,8,P8,Technical Report,complicated,qualitative,1.67,0.30
2787,15,S15,Business Model Canvas,26,R26,Pre-mortem Analysis,10,P10,White Paper,complicated,qualitative,1.67,0.33
2788,15,S15,Business Model Canvas,26,R26,Pre-mortem Analysis,11,P11,Academic Paper,complicated,qualitative,2.00,0.33
2789,15,S15,Business Model Canvas,26,R26,Pre-mortem Analysis,12,P12,Case Study,complicated,qualitative,1.67,0.33
2790,15,S15,Business Model Canvas,26,R26,Pre-mortem Analysis,15,P15,Dialogue,complicated,qualitative,1.67,0.33
2791,15,S15,Business Model Canvas,26,R26,Pre-mortem Analysis,33,P33,Narrative Synthesis,complicated,qualitative,1.67,0.30
2792,15,S15,Business Model Canvas,26,R26,Pre-mortem Analysis,35,P35,Dialogue Format,complicated,qualitative,1.67,0.33
2793,15,S15,Business Model Canvas,27,R27,Post-mortem Analysis,6,P6,Memo,complicated,qualitative,1.00,0.33
2794,15,S15,Business Model Canvas,27,R27,Post-mortem Analysis,8,P8,Technical Report,complicated,qualitative,1.33,0.33
2795,15,S15,Business Model Canvas,27,R27,Post-mortem Analysis,10,P10,White Paper,complicated,qualitative,1.33,0.37
2796,15,S15,Business Model Canvas,27,R27,Post-mortem Analysis,11,P11,Academic Paper,complicated,qualitative,1.67,0.37
2797,15,S15,Business Model Canvas,27,R27,Post-mortem Analysis,12,P12,Case Study,complicated,qualitative,1.33,0.37
2798,15,S15,Business Model Canvas,27,R27,Post-mortem Analysis,15,P15,Dialogue,complicated,qualitative,1.33,0.37
2799,15,S15,Business Model Canvas,27,R27,Post-mortem Analysis,33,P33,Narrative Synthesis,complicated,qualitative,1.33,0.33
2800,15,S15,Business Model Canvas,27,R27,Post-mortem Analysis,35,P35,Dialogue Format,complicated,qualitative,1.33,0.37
2801,15,S15,Business Model Canvas,28,R28,Red Team/Blue Team,7,P7,Executive Summary,complicated,comparative,1.33,0.37
2802,15,S15,Business Model Canvas,28,R28,Red Team/Blue Team,9,P9,Policy Brief,complicated,comparative,1.67,0.43
2803,15,S15,Business Model Canvas,28,R28,Red Team/Blue Team,16,P16,Comparative Table,complicated,comparative,1.33,0.37
2804,15,S15,Business Model Canvas,28,R28,Red Team/Blue Team,17,P17,Decision Matrix,complicated,comparative,1.33,0.40
2805,15,S15,Business Model Canvas,29,R29,Devil's Advocate,6,P6,Memo,complicated,qualitative,1.00,0.30
2806,15,S15,Business Model Canvas,29,R29,Devil's Advocate,8,P8,Technical Report,complicated,qualitative,1.33,0.30
2807,15,S15,Business Model Canvas,29,R29,Devil's Advocate,10,P10,White Paper,complicated,qualitative,1.33,0.33
2808,15,S15,Business Model Canvas,29,R29,Devil's Advocate,11,P11,Academic Paper,complicated,qualitative,1.67,0.33
2809,15,S15,Business Model Canvas,29,R29,Devil's Advocate,12,P12,Case Study,complicated,qualitative,1.33,0.33
2810,15,S15,Business Model Canvas,29,R29,Devil's Advocate,15,P15,Dialogue,complicated,qualitative,1.33,0.33
2811,15,S15,Business Model Canvas,29,R29,Devil's Advocate,33,P33,Narrative Synthesis,complicated,qualitative,1.33,0.30
2812,15,S15,Business Model Canvas,29,R29,Devil's Advocate,35,P35,Dialogue Format,complicated,qualitative,1.33,0.33
2813,15,S15,Business Model Canvas,31,R31,Critical Thinking,6,P6,Memo,complicated,qualitative,1.33,0.30
2814,15,S15,Business Model Canvas,31,R31,Critical Thinking,8,P8,Technical Report,complicated,qualitative,1.67,0.30
2815,15,S15,Business Model Canvas,31,R31,Critical Thinking,10,P10,White Paper,complicated,qualitative,1.67,0.33
2816,15,S15,Business Model Canvas,31,R31,Critical Thinking,11,P11,Academic Paper,complicated,qualitative,2.00,0.33
2817,15,S15,Business Model Canvas,31,R31,Critical Thinking,12,P12,Case Study,complicated,qualitative,1.67,0.33
2818,15,S15,Business Model Canvas,31,R31,Critical Thinking,15,P15,Dialogue,complicated,qualitative,1.67,0.33
2819,15,S15,Business Model Canvas,31,R31,Critical Thinking,33,P33,Narrative Synthesis,complicated,qualitative,1.67,0.30
2820,15,S15,Business Model Canvas,31,R31,Critical Thinking,35,P35,Dialogue Format,complicated,qualitative,1.67,0.33
2821,15,S15,Business Model Canvas,32,R32,FMEA,7,P7,Executive Summary,complicated,comparative,1.33,0.40
2822,15,S15,Business Model Canvas,32,R32,FMEA,8,P8,Technical Report,complicated,quantitative,1.67,0.40
2823,15,S15,Business Model Canvas,32,R32,FMEA,9,P9,Policy Brief,complicated,comparative,1.67,0.47
2824,15,S15,Business Model Canvas,32,R32,FMEA,11,P11,Academic Paper,complicated,quantitative,2.00,0.43
2825,15,S15,Business Model Canvas,32,R32,FMEA,16,P16,Comparative Table,complicated,comparative,1.33,0.40
2826,15,S15,Business Model Canvas,32,R32,FMEA,17,P17,Decision Matrix,complicated,comparative; quantitative,1.33,0.43
2827,15,S15,Business Model Canvas,32,R32,FMEA,21,P21,Dashboard,complicated,quantitative,1.67,0.43
2828,15,S15,Business Model Canvas,32,R32,FMEA,29,P29,Interactive Visualization,complicated,quantitative,2.00,0.47
2829,15,S15,Business Model Canvas,32,R32,FMEA,31,P31,Simulation,complicated,quantitative,2.00,0.50
2830,15,S15,Business Model Canvas,33,R33,Fault Tree Analysis,18,P18,Causal Diagram,complicated,visual,1.67,0.43
2831,15,S15,Business Model Canvas,33,R33,Fault Tree Analysis,19,P19,Flowchart,complicated,visual,1.33,0.40
2832,15,S15,Business Model Canvas,33,R33,Fault Tree Analysis,20,P20,Gantt Chart,complicated,visual,1.33,0.47
2833,15,S15,Business Model Canvas,33,R33,Fault Tree Analysis,21,P21,Dashboard,complicated,visual,1.67,0.43
2834,15,S15,Business Model Canvas,33,R33,Fault Tree Analysis,22,P22,Infographic,complicated,visual,1.33,0.43
2835,15,S15,Business Model Canvas,33,R33,Fault Tree Analysis,23,P23,Systems Diagram,complicated,visual,1.67,0.47
2836,15,S15,Business Model Canvas,33,R33,Fault Tree Analysis,24,P24,Network Graph,complicated,visual,1.67,0.47
2837,15,S15,Business Model Canvas,33,R33,Fault Tree Analysis,25,P25,Mind Map,complicated,visual,1.33,0.40
2838,15,S15,Business Model Canvas,33,R33,Fault Tree Analysis,26,P26,Timeline,complicated,visual,1.33,0.40
2839,15,S15,Business Model Canvas,33,R33,Fault Tree Analysis,27,P27,Fishbone Diagram,complicated,visual,1.33,0.47
2840,15,S15,Business Model Canvas,33,R33,Fault Tree Analysis,28,P28,Slide Deck,complicated,visual,1.33,0.40
2841,15,S15,Business Model Canvas,33,R33,Fault Tree Analysis,29,P29,Interactive Visualization,complicated,visual,2.00,0.47
2842,15,S15,Business Model Canvas,33,R33,Fault Tree Analysis,30,P30,Video,complicated,visual,1.67,0.43
2843,15,S15,Business Model Canvas,33,R33,Fault Tree Analysis,31,P31,Simulation,complicated,visual,2.00,0.50
2844,15,S15,Business Model Canvas,34,R34,Event Tree Analysis,5,P5,Checklist,complicated,sequential,1.33,0.43
2845,15,S15,Business Model Canvas,34,R34,Event Tree Analysis,8,P8,Technical Report,complicated,sequential,1.67,0.40
2846,15,S15,Business Model Canvas,34,R34,Event Tree Analysis,13,P13,Tutorial,complicated,sequential,1.33,0.43
2847,15,S15,Business Model Canvas,34,R34,Event Tree Analysis,19,P19,Flowchart,complicated,sequential,1.33,0.40
2848,15,S15,Business Model Canvas,34,R34,Event Tree Analysis,20,P20,Gantt Chart,complicated,sequential,1.33,0.47
2849,15,S15,Business Model Canvas,34,R34,Event Tree Analysis,26,P26,Timeline,complicated,sequential,1.33,0.40
2850,15,S15,Business Model Canvas,34,R34,Event Tree Analysis,32,P32,Annotated Code,complicated,sequential,1.67,0.53
2851,15,S15,Business Model Canvas,35,R35,Bow-Tie Analysis,18,P18,Causal Diagram,complicated,visual,1.67,0.43
2852,15,S15,Business Model Canvas,35,R35,Bow-Tie Analysis,19,P19,Flowchart,complicated,visual,1.33,0.40
2853,15,S15,Business Model Canvas,35,R35,Bow-Tie Analysis,20,P20,Gantt Chart,complicated,visual,1.33,0.47
2854,15,S15,Business Model Canvas,35,R35,Bow-Tie Analysis,21,P21,Dashboard,complicated,visual,1.67,0.43
2855,15,S15,Business Model Canvas,35,R35,Bow-Tie Analysis,22,P22,Infographic,complicated,visual,1.33,0.43
2856,15,S15,Business Model Canvas,35,R35,Bow-Tie Analysis,23,P23,Systems Diagram,complicated,visual,1.67,0.47
2857,15,S15,Business Model Canvas,35,R35,Bow-Tie Analysis,24,P24,Network Graph,complicated,visual,1.67,0.47
2858,15,S15,Business Model Canvas,35,R35,Bow-Tie Analysis,25,P25,Mind Map,complicated,visual,1.33,0.40
2859,15,S15,Business Model Canvas,35,R35,Bow-Tie Analysis,26,P26,Timeline,complicated,visual,1.33,0.40
2860,15,S15,Business Model Canvas,35,R35,Bow-Tie Analysis,27,P27,Fishbone Diagram,complicated,visual,1.33,0.47
2861,15,S15,Business Model Canvas,35,R35,Bow-Tie Analysis,28,P28,Slide Deck,complicated,visual,1.33,0.40
2862,15,S15,Business Model Canvas,35,R35,Bow-Tie Analysis,29,P29,Interactive Visualization,complicated,visual,2.00,0.47
2863,15,S15,Business Model Canvas,35,R35,Bow-Tie Analysis,30,P30,Video,complicated,visual,1.67,0.43
2864,15,S15,Business Model Canvas,35,R35,Bow-Tie Analysis,31,P31,Simulation,complicated,visual,2.00,0.50
2865,15,S15,Business Model Canvas,37,R37,Nominal Group Technique,6,P6,Memo,complicated,qualitative,1.00,0.33
2866,15,S15,Business Model Canvas,37,R37,Nominal Group Technique,8,P8,Technical Report,complicated,qualitative,1.33,0.33
2867,15,S15,Business Model Canvas,37,R37,Nominal Group Technique,10,P10,White Paper,complicated,qualitative,1.33,0.37
2868,15,S15,Business Model Canvas,37,R37,Nominal Group Technique,11,P11,Academic Paper,complicated,qualitative,1.67,0.37
2869,15,S15,Business Model Canvas,37,R37,Nominal Group Technique,12,P12,Case Study,complicated,qualitative,1.33,0.37
2870,15,S15,Business Model Canvas,37,R37,Nominal Group Technique,15,P15,Dialogue,complicated,qualitative,1.33,0.37
2871,15,S15,Business Model Canvas,37,R37,Nominal Group Technique,33,P33,Narrative Synthesis,complicated,qualitative,1.33,0.33
2872,15,S15,Business Model Canvas,37,R37,Nominal Group Technique,35,P35,Dialogue Format,complicated,qualitative,1.33,0.37
2873,15,S15,Business Model Canvas,38,R38,Six Thinking Hats,6,P6,Memo,complicated,qualitative,1.00,0.33
2874,15,S15,Business Model Canvas,38,R38,Six Thinking Hats,8,P8,Technical Report,complicated,qualitative,1.33,0.33
2875,15,S15,Business Model Canvas,38,R38,Six Thinking Hats,10,P10,White Paper,complicated,qualitative,1.33,0.37
2876,15,S15,Business Model Canvas,38,R38,Six Thinking Hats,11,P11,Academic Paper,complicated,qualitative,1.67,0.37
2877,15,S15,Business Model Canvas,38,R38,Six Thinking Hats,12,P12,Case Study,complicated,qualitative,1.33,0.37
2878,15,S15,Business Model Canvas,38,R38,Six Thinking Hats,15,P15,Dialogue,complicated,qualitative,1.33,0.37
2879,15,S15,Business Model Canvas,38,R38,Six Thinking Hats,33,P33,Narrative Synthesis,complicated,qualitative,1.33,0.33
2880,15,S15,Business Model Canvas,38,R38,Six Thinking Hats,35,P35,Dialogue Format,complicated,qualitative,1.33,0.37
2881,15,S15,Business Model Canvas,39,R39,Linear Programming,8,P8,Technical Report,complicated,quantitative,2.00,0.40
2882,15,S15,Business Model Canvas,39,R39,Linear Programming,11,P11,Academic Paper,complicated,quantitative,2.33,0.43
2883,15,S15,Business Model Canvas,39,R39,Linear Programming,17,P17,Decision Matrix,complicated,quantitative,1.67,0.43
2884,15,S15,Business Model Canvas,39,R39,Linear Programming,21,P21,Dashboard,complicated,quantitative,2.00,0.43
2885,15,S15,Business Model Canvas,39,R39,Linear Programming,29,P29,Interactive Visualization,complicated,quantitative,2.33,0.47
2886,15,S15,Business Model Canvas,39,R39,Linear Programming,31,P31,Simulation,complicated,quantitative,2.33,0.50
2887,15,S15,Business Model Canvas,40,R40,Decision Trees,5,P5,Checklist,complicated,sequential,1.33,0.37
2888,15,S15,Business Model Canvas,40,R40,Decision Trees,8,P8,Technical Report,complicated,sequential,1.67,0.33
2889,15,S15,Business Model Canvas,40,R40,Decision Trees,13,P13,Tutorial,complicated,sequential,1.33,0.37
2890,15,S15,Business Model Canvas,40,R40,Decision Trees,18,P18,Causal Diagram,complicated,visual,1.67,0.37
2891,15,S15,Business Model Canvas,40,R40,Decision Trees,19,P19,Flowchart,complicated,sequential; visual,1.33,0.33
2892,15,S15,Business Model Canvas,40,R40,Decision Trees,20,P20,Gantt Chart,complicated,sequential; visual,1.33,0.40
2893,15,S15,Business Model Canvas,40,R40,Decision Trees,21,P21,Dashboard,complicated,visual,1.67,0.37
2894,15,S15,Business Model Canvas,40,R40,Decision Trees,22,P22,Infographic,complicated,visual,1.33,0.37
2895,15,S15,Business Model Canvas,40,R40,Decision Trees,23,P23,Systems Diagram,complicated,visual,1.67,0.40
2896,15,S15,Business Model Canvas,40,R40,Decision Trees,24,P24,Network Graph,complicated,visual,1.67,0.40
2897,15,S15,Business Model Canvas,40,R40,Decision Trees,25,P25,Mind Map,complicated,visual,1.33,0.33
2898,15,S15,Business Model Canvas,40,R40,Decision Trees,26,P26,Timeline,complicated,sequential; visual,1.33,0.33
2899,15,S15,Business Model Canvas,40,R40,Decision Trees,27,P27,Fishbone Diagram,complicated,visual,1.33,0.40
2900,15,S15,Business Model Canvas,40,R40,Decision Trees,28,P28,Slide Deck,complicated,visual,1.33,0.33
2901,15,S15,Business Model Canvas,40,R40,Decision Trees,29,P29,Interactive Visualization,complicated,visual,2.00,0.40
2902,15,S15,Business Model Canvas,40,R40,Decision Trees,30,P30,Video,complicated,visual,1.67,0.37
2903,15,S15,Business Model Canvas,40,R40,Decision Trees,31,P31,Simulation,complicated,visual,2.00,0.43
2904,15,S15,Business Model Canvas,40,R40,Decision Trees,32,P32,Annotated Code,complicated,sequential,1.67,0.47
2905,15,S15,Business Model Canvas,41,R41,Cost-Benefit Analysis,7,P7,Executive Summary,complicated,comparative,1.33,0.33
2906,15,S15,Business Model Canvas,41,R41,Cost-Benefit Analysis,8,P8,Technical Report,complicated,quantitative,1.67,0.33
2907,15,S15,Business Model Canvas,41,R41,Cost-Benefit Analysis,9,P9,Policy Brief,complicated,comparative,1.67,0.40
2908,15,S15,Business Model Canvas,41,R41,Cost-Benefit Analysis,11,P11,Academic Paper,complicated,quantitative,2.00,0.37
2909,15,S15,Business Model Canvas,41,R41,Cost-Benefit Analysis,16,P16,Comparative Table,complicated,comparative,1.33,0.33
2910,15,S15,Business Model Canvas,41,R41,Cost-Benefit Analysis,17,P17,Decision Matrix,complicated,comparative; quantitative,1.33,0.37
2911,15,S15,Business Model Canvas,41,R41,Cost-Benefit Analysis,21,P21,Dashboard,complicated,quantitative,1.67,0.37
2912,15,S15,Business Model Canvas,41,R41,Cost-Benefit Analysis,29,P29,Interactive Visualization,complicated,quantitative,2.00,0.40
2913,15,S15,Business Model Canvas,41,R41,Cost-Benefit Analysis,31,P31,Simulation,complicated,quantitative,2.00,0.43
2914,15,S15,Business Model Canvas,42,R42,Trade-off Analysis,7,P7,Executive Summary,complicated,comparative,1.33,0.30
2915,15,S15,Business Model Canvas,42,R42,Trade-off Analysis,9,P9,Policy Brief,complicated,comparative,1.67,0.37
2916,15,S15,Business Model Canvas,42,R42,Trade-off Analysis,16,P16,Comparative Table,complicated,comparative,1.33,0.30
2917,15,S15,Business Model Canvas,42,R42,Trade-off Analysis,17,P17,Decision Matrix,complicated,comparative,1.33,0.33
2918,16,S16,Stakeholder Mapping,3,R3,Abductive Reasoning,1,P1,Cornell Notes,complex,conceptual,1.67,0.33
2919,16,S16,Stakeholder Mapping,3,R3,Abductive Reasoning,2,P2,SQ3R,complex,conceptual,1.67,0.37
2920,16,S16,Stakeholder Mapping,3,R3,Abductive Reasoning,3,P3,CODE (Second Brain),complex,conceptual,2.00,0.33
2921,16,S16,Stakeholder Mapping,3,R3,Abductive Reasoning,4,P4,Progressive Summarization,complex,conceptual,2.00,0.33
2922,16,S16,Stakeholder Mapping,3,R3,Abductive Reasoning,6,P6,Memo,complex,conceptual,1.67,0.27
2923,16,S16,Stakeholder Mapping,3,R3,Abductive Reasoning,7,P7,Executive Summary,complex,conceptual,1.67,0.27
2924,16,S16,Stakeholder Mapping,3,R3,Abductive Reasoning,10,P10,White Paper,complex,conceptual,2.00,0.30
2925,16,S16,Stakeholder Mapping,3,R3,Abductive Reasoning,14,P14,FAQ,complex,conceptual,1.67,0.27
2926,16,S16,Stakeholder Mapping,3,R3,Abductive Reasoning,25,P25,Mind Map,complex,conceptual,1.67,0.27
2927,16,S16,Stakeholder Mapping,3,R3,Abductive Reasoning,28,P28,Slide Deck,complex,conceptual,1.67,0.27
2928,16,S16,Stakeholder Mapping,3,R3,Abductive Reasoning,36,P36,Metaphorical Explanation,complex,conceptual,2.00,0.30
2929,16,S16,Stakeholder Mapping,8,R8,Design Thinking,5,P5,Checklist,complex,sequential,1.67,0.30
2930,16,S16,Stakeholder Mapping,8,R8,Design Thinking,6,P6,Memo,complex,qualitative,1.67,0.27
2931,16,S16,Stakeholder Mapping,8,R8,Design Thinking,8,P8,Technical Report,complex,qualitative; sequential,2.00,0.27
2932,16,S16,Stakeholder Mapping,8,R8,Design Thinking,10,P10,White Paper,complex,qualitative,2.00,0.30
2933,16,S16,Stakeholder Mapping,8,R8,Design Thinking,11,P11,Academic Paper,complex,qualitative,2.33,0.30
2934,16,S16,Stakeholder Mapping,8,R8,Design Thinking,12,P12,Case Study,complex,qualitative,2.00,0.30
2935,16,S16,Stakeholder Mapping,8,R8,Design Thinking,13,P13,Tutorial,complex,sequential,1.67,0.30
2936,16,S16,Stakeholder Mapping,8,R8,Design Thinking,15,P15,Dialogue,complex,qualitative,2.00,0.30
2937,16,S16,Stakeholder Mapping,8,R8,Design Thinking,19,P19,Flowchart,complex,sequential,1.67,0.27
2938,16,S16,Stakeholder Mapping,8,R8,Design Thinking,20,P20,Gantt Chart,complex,sequential,1.67,0.33
2939,16,S16,Stakeholder Mapping,8,R8,Design Thinking,26,P26,Timeline,complex,sequential,1.67,0.27
2940,16,S16,Stakeholder Mapping,8,R8,Design Thinking,32,P32,Annotated Code,complex,sequential,2.00,0.40
2941,16,S16,Stakeholder Mapping,8,R8,Design Thinking,33,P33,Narrative Synthesis,complex,qualitative,2.00,0.27
2942,16,S16,Stakeholder Mapping,8,R8,Design Thinking,35,P35,Dialogue Format,complex,qualitative,2.00,0.30
2943,16,S16,Stakeholder Mapping,9,R9,OODA Loop,5,P5,Checklist,complex,sequential,1.67,0.33
2944,16,S16,Stakeholder Mapping,9,R9,OODA Loop,8,P8,Technical Report,complex,sequential,2.00,0.30
2945,16,S16,Stakeholder Mapping,9,R9,OODA Loop,13,P13,Tutorial,complex,sequential,1.67,0.33
2946,16,S16,Stakeholder Mapping,9,R9,OODA Loop,19,P19,Flowchart,complex,sequential,1.67,0.30
2947,16,S16,Stakeholder Mapping,9,R9,OODA Loop,20,P20,Gantt Chart,complex,sequential,1.67,0.37
2948,16,S16,Stakeholder Mapping,9,R9,OODA Loop,26,P26,Timeline,complex,sequential,1.67,0.30
2949,16,S16,Stakeholder Mapping,9,R9,OODA Loop,32,P32,Annotated Code,complex,sequential,2.00,0.43
2950,16,S16,Stakeholder Mapping,12,R12,Scientific Method,5,P5,Checklist,complex,sequential,1.67,0.27
2951,16,S16,Stakeholder Mapping,12,R12,Scientific Method,8,P8,Technical Report,complex,sequential,2.00,0.23
2952,16,S16,Stakeholder Mapping,12,R12,Scientific Method,13,P13,Tutorial,complex,sequential,1.67,0.27
2953,16,S16,Stakeholder Mapping,12,R12,Scientific Method,19,P19,Flowchart,complex,sequential,1.67,0.23
2954,16,S16,Stakeholder Mapping,12,R12,Scientific Method,20,P20,Gantt Chart,complex,sequential,1.67,0.30
2955,16,S16,Stakeholder Mapping,12,R12,Scientific Method,26,P26,Timeline,complex,sequential,1.67,0.23
2956,16,S16,Stakeholder Mapping,12,R12,Scientific Method,32,P32,Annotated Code,complex,sequential,2.00,0.37
2957,16,S16,Stakeholder Mapping,15,R15,Naturalistic Decision-Making,6,P6,Memo,complex,qualitative,1.67,0.30
2958,16,S16,Stakeholder Mapping,15,R15,Naturalistic Decision-Making,8,P8,Technical Report,complex,qualitative,2.00,0.30
2959,16,S16,Stakeholder Mapping,15,R15,Naturalistic Decision-Making,10,P10,White Paper,complex,qualitative,2.00,0.33
2960,16,S16,Stakeholder Mapping,15,R15,Naturalistic Decision-Making,11,P11,Academic Paper,complex,qualitative,2.33,0.33
2961,16,S16,Stakeholder Mapping,15,R15,Naturalistic Decision-Making,12,P12,Case Study,complex,qualitative,2.00,0.33
2962,16,S16,Stakeholder Mapping,15,R15,Naturalistic Decision-Making,15,P15,Dialogue,complex,qualitative,2.00,0.33
2963,16,S16,Stakeholder Mapping,15,R15,Naturalistic Decision-Making,33,P33,Narrative Synthesis,complex,qualitative,2.00,0.30
2964,16,S16,Stakeholder Mapping,15,R15,Naturalistic Decision-Making,35,P35,Dialogue Format,complex,qualitative,2.00,0.33
2965,16,S16,Stakeholder Mapping,16,R16,Intuitive Decision-Making,6,P6,Memo,complex,qualitative,1.33,0.27
2966,16,S16,Stakeholder Mapping,16,R16,Intuitive Decision-Making,8,P8,Technical Report,complex,qualitative,1.67,0.27
2967,16,S16,Stakeholder Mapping,16,R16,Intuitive Decision-Making,10,P10,White Paper,complex,qualitative,1.67,0.30
2968,16,S16,Stakeholder Mapping,16,R16,Intuitive Decision-Making,11,P11,Academic Paper,complex,qualitative,2.00,0.30
2969,16,S16,Stakeholder Mapping,16,R16,Intuitive Decision-Making,12,P12,Case Study,complex,qualitative,1.67,0.30
2970,16,S16,Stakeholder Mapping,16,R16,Intuitive Decision-Making,15,P15,Dialogue,complex,qualitative,1.67,0.30
2971,16,S16,Stakeholder Mapping,16,R16,Intuitive Decision-Making,33,P33,Narrative Synthesis,complex,qualitative,1.67,0.27
2972,16,S16,Stakeholder Mapping,16,R16,Intuitive Decision-Making,35,P35,Dialogue Format,complex,qualitative,1.67,0.30
2973,16,S16,Stakeholder Mapping,20,R20,Sensitivity Analysis,8,P8,Technical Report,complex,quantitative,2.00,0.27
2974,16,S16,Stakeholder Mapping,20,R20,Sensitivity Analysis,11,P11,Academic Paper,complex,quantitative,2.33,0.30
2975,16,S16,Stakeholder Mapping,20,R20,Sensitivity Analysis,17,P17,Decision Matrix,complex,quantitative,1.67,0.30
2976,16,S16,Stakeholder Mapping,20,R20,Sensitivity Analysis,21,P21,Dashboard,complex,quantitative,2.00,0.30
2977,16,S16,Stakeholder Mapping,20,R20,Sensitivity Analysis,29,P29,Interactive Visualization,complex,quantitative,2.33,0.33
2978,16,S16,Stakeholder Mapping,20,R20,Sensitivity Analysis,31,P31,Simulation,complex,quantitative,2.33,0.37
2979,16,S16,Stakeholder Mapping,21,R21,Analogical Reasoning,1,P1,Cornell Notes,complex,conceptual,1.67,0.30
2980,16,S16,Stakeholder Mapping,21,R21,Analogical Reasoning,2,P2,SQ3R,complex,conceptual,1.67,0.33
2981,16,S16,Stakeholder Mapping,21,R21,Analogical Reasoning,3,P3,CODE (Second Brain),complex,conceptual,2.00,0.30
2982,16,S16,Stakeholder Mapping,21,R21,Analogical Reasoning,4,P4,Progressive Summarization,complex,conceptual,2.00,0.30
2983,16,S16,Stakeholder Mapping,21,R21,Analogical Reasoning,6,P6,Memo,complex,conceptual,1.67,0.23
2984,16,S16,Stakeholder Mapping,21,R21,Analogical Reasoning,7,P7,Executive Summary,complex,conceptual,1.67,0.23
2985,16,S16,Stakeholder Mapping,21,R21,Analogical Reasoning,10,P10,White Paper,complex,conceptual,2.00,0.27
2986,16,S16,Stakeholder Mapping,21,R21,Analogical Reasoning,14,P14,FAQ,complex,conceptual,1.67,0.23
2987,16,S16,Stakeholder Mapping,21,R21,Analogical Reasoning,25,P25,Mind Map,complex,conceptual,1.67,0.23
2988,16,S16,Stakeholder Mapping,21,R21,Analogical Reasoning,28,P28,Slide Deck,complex,conceptual,1.67,0.23
2989,16,S16,Stakeholder Mapping,21,R21,Analogical Reasoning,36,P36,Metaphorical Explanation,complex,conceptual,2.00,0.27
2990,16,S16,Stakeholder Mapping,24,R24,Scenario Planning,5,P5,Checklist,complex,sequential,1.67,0.30
2991,16,S16,Stakeholder Mapping,24,R24,Scenario Planning,6,P6,Memo,complex,narrative,1.67,0.27
2992,16,S16,Stakeholder Mapping,24,R24,Scenario Planning,8,P8,Technical Report,complex,sequential,2.00,0.27
2993,16,S16,Stakeholder Mapping,24,R24,Scenario Planning,9,P9,Policy Brief,complex,narrative,2.00,0.33
2994,16,S16,Stakeholder Mapping,24,R24,Scenario Planning,12,P12,Case Study,complex,narrative,2.00,0.30
2995,16,S16,Stakeholder Mapping,24,R24,Scenario Planning,13,P13,Tutorial,complex,sequential,1.67,0.30
2996,16,S16,Stakeholder Mapping,24,R24,Scenario Planning,15,P15,Dialogue,complex,narrative,2.00,0.30
2997,16,S16,Stakeholder Mapping,24,R24,Scenario Planning,19,P19,Flowchart,complex,sequential,1.67,0.27
2998,16,S16,Stakeholder Mapping,24,R24,Scenario Planning,20,P20,Gantt Chart,complex,sequential,1.67,0.33
2999,16,S16,Stakeholder Mapping,24,R24,Scenario Planning,22,P22,Infographic,complex,narrative,1.67,0.30
3000,16,S16,Stakeholder Mapping,24,R24,Scenario Planning,26,P26,Timeline,complex,sequential,1.67,0.27
3001,16,S16,Stakeholder Mapping,24,R24,Scenario Planning,28,P28,Slide Deck,complex,narrative,1.67,0.27
3002,16,S16,Stakeholder Mapping,24,R24,Scenario Planning,30,P30,Video,complex,narrative,2.00,0.30
3003,16,S16,Stakeholder Mapping,24,R24,Scenario Planning,32,P32,Annotated Code,complex,sequential,2.00,0.40
3004,16,S16,Stakeholder Mapping,24,R24,Scenario Planning,33,P33,Narrative Synthesis,complex,narrative,2.00,0.27
3005,16,S16,Stakeholder Mapping,24,R24,Scenario Planning,34,P34,Scenario Narrative,complex,narrative,2.00,0.30
3006,16,S16,Stakeholder Mapping,24,R24,Scenario Planning,35,P35,Dialogue Format,complex,narrative,2.00,0.30
3007,16,S16,Stakeholder Mapping,24,R24,Scenario Planning,36,P36,Metaphorical Explanation,complex,narrative,2.00,0.30
3008,16,S16,Stakeholder Mapping,25,R25,Counterfactual Analysis,6,P6,Memo,complex,narrative,1.67,0.27
3009,16,S16,Stakeholder Mapping,25,R25,Counterfactual Analysis,9,P9,Policy Brief,complex,narrative,2.00,0.33
3010,16,S16,Stakeholder Mapping,25,R25,Counterfactual Analysis,12,P12,Case Study,complex,narrative,2.00,0.30
3011,16,S16,Stakeholder Mapping,25,R25,Counterfactual Analysis,15,P15,Dialogue,complex,narrative,2.00,0.30
3012,16,S16,Stakeholder Mapping,25,R25,Counterfactual Analysis,22,P22,Infographic,complex,narrative,1.67,0.30
3013,16,S16,Stakeholder Mapping,25,R25,Counterfactual Analysis,28,P28,Slide Deck,complex,narrative,1.67,0.27
3014,16,S16,Stakeholder Mapping,25,R25,Counterfactual Analysis,30,P30,Video,complex,narrative,2.00,0.30
3015,16,S16,Stakeholder Mapping,25,R25,Counterfactual Analysis,33,P33,Narrative Synthesis,complex,narrative,2.00,0.27
3016,16,S16,Stakeholder Mapping,25,R25,Counterfactual Analysis,34,P34,Scenario Narrative,complex,narrative,2.00,0.30
3017,16,S16,Stakeholder Mapping,25,R25,Counterfactual Analysis,35,P35,Dialogue Format,complex,narrative,2.00,0.30
3018,16,S16,Stakeholder Mapping,25,R25,Counterfactual Analysis,36,P36,Metaphorical Explanation,complex,narrative,2.00,0.30
3019,16,S16,Stakeholder Mapping,26,R26,Pre-mortem Analysis,6,P6,Memo,complex,qualitative,1.67,0.23
3020,16,S16,Stakeholder Mapping,26,R26,Pre-mortem Analysis,8,P8,Technical Report,complex,qualitative,2.00,0.23
3021,16,S16,Stakeholder Mapping,26,R26,Pre-mortem Analysis,10,P10,White Paper,complex,qualitative,2.00,0.27
3022,16,S16,Stakeholder Mapping,26,R26,Pre-mortem Analysis,11,P11,Academic Paper,complex,qualitative,2.33,0.27
3023,16,S16,Stakeholder Mapping,26,R26,Pre-mortem Analysis,12,P12,Case Study,complex,qualitative,2.00,0.27
3024,16,S16,Stakeholder Mapping,26,R26,Pre-mortem Analysis,15,P15,Dialogue,complex,qualitative,2.00,0.27
3025,16,S16,Stakeholder Mapping,26,R26,Pre-mortem Analysis,33,P33,Narrative Synthesis,complex,qualitative,2.00,0.23
3026,16,S16,Stakeholder Mapping,26,R26,Pre-mortem Analysis,35,P35,Dialogue Format,complex,qualitative,2.00,0.27
3027,16,S16,Stakeholder Mapping,28,R28,Red Team/Blue Team,7,P7,Executive Summary,complex,comparative,1.67,0.30
3028,16,S16,Stakeholder Mapping,28,R28,Red Team/Blue Team,9,P9,Policy Brief,complex,comparative,2.00,0.37
3029,16,S16,Stakeholder Mapping,28,R28,Red Team/Blue Team,16,P16,Comparative Table,complex,comparative,1.67,0.30
3030,16,S16,Stakeholder Mapping,28,R28,Red Team/Blue Team,17,P17,Decision Matrix,complex,comparative,1.67,0.33
3031,16,S16,Stakeholder Mapping,31,R31,Critical Thinking,6,P6,Memo,complex,qualitative,1.67,0.23
3032,16,S16,Stakeholder Mapping,31,R31,Critical Thinking,8,P8,Technical Report,complex,qualitative,2.00,0.23
3033,16,S16,Stakeholder Mapping,31,R31,Critical Thinking,10,P10,White Paper,complex,qualitative,2.00,0.27
3034,16,S16,Stakeholder Mapping,31,R31,Critical Thinking,11,P11,Academic Paper,complex,qualitative,2.33,0.27
3035,16,S16,Stakeholder Mapping,31,R31,Critical Thinking,12,P12,Case Study,complex,qualitative,2.00,0.27
3036,16,S16,Stakeholder Mapping,31,R31,Critical Thinking,15,P15,Dialogue,complex,qualitative,2.00,0.27
3037,16,S16,Stakeholder Mapping,31,R31,Critical Thinking,33,P33,Narrative Synthesis,complex,qualitative,2.00,0.23
3038,16,S16,Stakeholder Mapping,31,R31,Critical Thinking,35,P35,Dialogue Format,complex,qualitative,2.00,0.27
3039,16,S16,Stakeholder Mapping,36,R36,Delphi Method,6,P6,Memo,complex,qualitative,1.67,0.30
3040,16,S16,Stakeholder Mapping,36,R36,Delphi Method,8,P8,Technical Report,complex,qualitative,2.00,0.30
3041,16,S16,Stakeholder Mapping,36,R36,Delphi Method,10,P10,White Paper,complex,qualitative,2.00,0.33
3042,16,S16,Stakeholder Mapping,36,R36,Delphi Method,11,P11,Academic Paper,complex,qualitative,2.33,0.33
3043,16,S16,Stakeholder Mapping,36,R36,Delphi Method,12,P12,Case Study,complex,qualitative,2.00,0.33
3044,16,S16,Stakeholder Mapping,36,R36,Delphi Method,15,P15,Dialogue,complex,qualitative,2.00,0.33
3045,16,S16,Stakeholder Mapping,36,R36,Delphi Method,33,P33,Narrative Synthesis,complex,qualitative,2.00,0.30
3046,16,S16,Stakeholder Mapping,36,R36,Delphi Method,35,P35,Dialogue Format,complex,qualitative,2.00,0.33
3047,16,S16,Stakeholder Mapping,38,R38,Six Thinking Hats,6,P6,Memo,complex,qualitative,1.33,0.27
3048,16,S16,Stakeholder Mapping,38,R38,Six Thinking Hats,8,P8,Technical Report,complex,qualitative,1.67,0.27
3049,16,S16,Stakeholder Mapping,38,R38,Six Thinking Hats,10,P10,White Paper,complex,qualitative,1.67,0.30
3050,16,S16,Stakeholder Mapping,38,R38,Six Thinking Hats,11,P11,Academic Paper,complex,qualitative,2.00,0.30
3051,16,S16,Stakeholder Mapping,38,R38,Six Thinking Hats,12,P12,Case Study,complex,qualitative,1.67,0.30
3052,16,S16,Stakeholder Mapping,38,R38,Six Thinking Hats,15,P15,Dialogue,complex,qualitative,1.67,0.30
3053,16,S16,Stakeholder Mapping,38,R38,Six Thinking Hats,33,P33,Narrative Synthesis,complex,qualitative,1.67,0.27
3054,16,S16,Stakeholder Mapping,38,R38,Six Thinking Hats,35,P35,Dialogue Format,complex,qualitative,1.67,0.30
3055,17,S17,Causal Loop Diagrams,3,R3,Abductive Reasoning,1,P1,Cornell Notes,complex,conceptual,1.67,0.37
3056,17,S17,Causal Loop Diagrams,3,R3,Abductive Reasoning,2,P2,SQ3R,complex,conceptual,1.67,0.40
3057,17,S17,Causal Loop Diagrams,3,R3,Abductive Reasoning,3,P3,CODE (Second Brain),complex,conceptual,2.00,0.37
3058,17,S17,Causal Loop Diagrams,3,R3,Abductive Reasoning,4,P4,Progressive Summarization,complex,conceptual,2.00,0.37
3059,17,S17,Causal Loop Diagrams,3,R3,Abductive Reasoning,6,P6,Memo,complex,conceptual,1.67,0.30
3060,17,S17,Causal Loop Diagrams,3,R3,Abductive Reasoning,7,P7,Executive Summary,complex,conceptual,1.67,0.30
3061,17,S17,Causal Loop Diagrams,3,R3,Abductive Reasoning,10,P10,White Paper,complex,conceptual,2.00,0.33
3062,17,S17,Causal Loop Diagrams,3,R3,Abductive Reasoning,14,P14,FAQ,complex,conceptual,1.67,0.30
3063,17,S17,Causal Loop Diagrams,3,R3,Abductive Reasoning,25,P25,Mind Map,complex,conceptual,1.67,0.30
3064,17,S17,Causal Loop Diagrams,3,R3,Abductive Reasoning,28,P28,Slide Deck,complex,conceptual,1.67,0.30
3065,17,S17,Causal Loop Diagrams,3,R3,Abductive Reasoning,36,P36,Metaphorical Explanation,complex,conceptual,2.00,0.33
3066,17,S17,Causal Loop Diagrams,8,R8,Design Thinking,5,P5,Checklist,complex,sequential,1.67,0.33
3067,17,S17,Causal Loop Diagrams,8,R8,Design Thinking,6,P6,Memo,complex,qualitative,1.67,0.30
3068,17,S17,Causal Loop Diagrams,8,R8,Design Thinking,8,P8,Technical Report,complex,qualitative; sequential,2.00,0.30
3069,17,S17,Causal Loop Diagrams,8,R8,Design Thinking,10,P10,White Paper,complex,qualitative,2.00,0.33
3070,17,S17,Causal Loop Diagrams,8,R8,Design Thinking,11,P11,Academic Paper,complex,qualitative,2.33,0.33
3071,17,S17,Causal Loop Diagrams,8,R8,Design Thinking,12,P12,Case Study,complex,qualitative,2.00,0.33
3072,17,S17,Causal Loop Diagrams,8,R8,Design Thinking,13,P13,Tutorial,complex,sequential,1.67,0.33
3073,17,S17,Causal Loop Diagrams,8,R8,Design Thinking,15,P15,Dialogue,complex,qualitative,2.00,0.33
3074,17,S17,Causal Loop Diagrams,8,R8,Design Thinking,19,P19,Flowchart,complex,sequential,1.67,0.30
3075,17,S17,Causal Loop Diagrams,8,R8,Design Thinking,20,P20,Gantt Chart,complex,sequential,1.67,0.37
3076,17,S17,Causal Loop Diagrams,8,R8,Design Thinking,26,P26,Timeline,complex,sequential,1.67,0.30
3077,17,S17,Causal Loop Diagrams,8,R8,Design Thinking,32,P32,Annotated Code,complex,sequential,2.00,0.43
3078,17,S17,Causal Loop Diagrams,8,R8,Design Thinking,33,P33,Narrative Synthesis,complex,qualitative,2.00,0.30
3079,17,S17,Causal Loop Diagrams,8,R8,Design Thinking,35,P35,Dialogue Format,complex,qualitative,2.00,0.33
3080,17,S17,Causal Loop Diagrams,9,R9,OODA Loop,5,P5,Checklist,complex,sequential,1.67,0.37
3081,17,S17,Causal Loop Diagrams,9,R9,OODA Loop,8,P8,Technical Report,complex,sequential,2.00,0.33
3082,17,S17,Causal Loop Diagrams,9,R9,OODA Loop,13,P13,Tutorial,complex,sequential,1.67,0.37
3083,17,S17,Causal Loop Diagrams,9,R9,OODA Loop,19,P19,Flowchart,complex,sequential,1.67,0.33
3084,17,S17,Causal Loop Diagrams,9,R9,OODA Loop,20,P20,Gantt Chart,complex,sequential,1.67,0.40
3085,17,S17,Causal Loop Diagrams,9,R9,OODA Loop,26,P26,Timeline,complex,sequential,1.67,0.33
3086,17,S17,Causal Loop Diagrams,9,R9,OODA Loop,32,P32,Annotated Code,complex,sequential,2.00,0.47
3087,17,S17,Causal Loop Diagrams,12,R12,Scientific Method,5,P5,Checklist,complex,sequential,1.67,0.30
3088,17,S17,Causal Loop Diagrams,12,R12,Scientific Method,8,P8,Technical Report,complex,sequential,2.00,0.27
3089,17,S17,Causal Loop Diagrams,12,R12,Scientific Method,13,P13,Tutorial,complex,sequential,1.67,0.30
3090,17,S17,Causal Loop Diagrams,12,R12,Scientific Method,19,P19,Flowchart,complex,sequential,1.67,0.27
3091,17,S17,Causal Loop Diagrams,12,R12,Scientific Method,20,P20,Gantt Chart,complex,sequential,1.67,0.33
3092,17,S17,Causal Loop Diagrams,12,R12,Scientific Method,26,P26,Timeline,complex,sequential,1.67,0.27
3093,17,S17,Causal Loop Diagrams,12,R12,Scientific Method,32,P32,Annotated Code,complex,sequential,2.00,0.40
3094,17,S17,Causal Loop Diagrams,15,R15,Naturalistic Decision-Making,6,P6,Memo,complex,qualitative,1.67,0.33
3095,17,S17,Causal Loop Diagrams,15,R15,Naturalistic Decision-Making,8,P8,Technical Report,complex,qualitative,2.00,0.33
3096,17,S17,Causal Loop Diagrams,15,R15,Naturalistic Decision-Making,10,P10,White Paper,complex,qualitative,2.00,0.37
3097,17,S17,Causal Loop Diagrams,15,R15,Naturalistic Decision-Making,11,P11,Academic Paper,complex,qualitative,2.33,0.37
3098,17,S17,Causal Loop Diagrams,15,R15,Naturalistic Decision-Making,12,P12,Case Study,complex,qualitative,2.00,0.37
3099,17,S17,Causal Loop Diagrams,15,R15,Naturalistic Decision-Making,15,P15,Dialogue,complex,qualitative,2.00,0.37
3100,17,S17,Causal Loop Diagrams,15,R15,Naturalistic Decision-Making,33,P33,Narrative Synthesis,complex,qualitative,2.00,0.33
3101,17,S17,Causal Loop Diagrams,15,R15,Naturalistic Decision-Making,35,P35,Dialogue Format,complex,qualitative,2.00,0.37
3102,17,S17,Causal Loop Diagrams,16,R16,Intuitive Decision-Making,6,P6,Memo,complex,qualitative,1.33,0.30
3103,17,S17,Causal Loop Diagrams,16,R16,Intuitive Decision-Making,8,P8,Technical Report,complex,qualitative,1.67,0.30
3104,17,S17,Causal Loop Diagrams,16,R16,Intuitive Decision-Making,10,P10,White Paper,complex,qualitative,1.67,0.33
3105,17,S17,Causal Loop Diagrams,16,R16,Intuitive Decision-Making,11,P11,Academic Paper,complex,qualitative,2.00,0.33
3106,17,S17,Causal Loop Diagrams,16,R16,Intuitive Decision-Making,12,P12,Case Study,complex,qualitative,1.67,0.33
3107,17,S17,Causal Loop Diagrams,16,R16,Intuitive Decision-Making,15,P15,Dialogue,complex,qualitative,1.67,0.33
3108,17,S17,Causal Loop Diagrams,16,R16,Intuitive Decision-Making,33,P33,Narrative Synthesis,complex,qualitative,1.67,0.30
3109,17,S17,Causal Loop Diagrams,16,R16,Intuitive Decision-Making,35,P35,Dialogue Format,complex,qualitative,1.67,0.33
3110,17,S17,Causal Loop Diagrams,20,R20,Sensitivity Analysis,8,P8,Technical Report,complex,quantitative,2.00,0.30
3111,17,S17,Causal Loop Diagrams,20,R20,Sensitivity Analysis,11,P11,Academic Paper,complex,quantitative,2.33,0.33
3112,17,S17,Causal Loop Diagrams,20,R20,Sensitivity Analysis,17,P17,Decision Matrix,complex,quantitative,1.67,0.33
3113,17,S17,Causal Loop Diagrams,20,R20,Sensitivity Analysis,21,P21,Dashboard,complex,quantitative,2.00,0.33
3114,17,S17,Causal Loop Diagrams,20,R20,Sensitivity Analysis,29,P29,Interactive Visualization,complex,quantitative,2.33,0.37
3115,17,S17,Causal Loop Diagrams,20,R20,Sensitivity Analysis,31,P31,Simulation,complex,quantitative,2.33,0.40
3116,17,S17,Causal Loop Diagrams,21,R21,Analogical Reasoning,1,P1,Cornell Notes,complex,conceptual,1.67,0.33
3117,17,S17,Causal Loop Diagrams,21,R21,Analogical Reasoning,2,P2,SQ3R,complex,conceptual,1.67,0.37
3118,17,S17,Causal Loop Diagrams,21,R21,Analogical Reasoning,3,P3,CODE (Second Brain),complex,conceptual,2.00,0.33
3119,17,S17,Causal Loop Diagrams,21,R21,Analogical Reasoning,4,P4,Progressive Summarization,complex,conceptual,2.00,0.33
3120,17,S17,Causal Loop Diagrams,21,R21,Analogical Reasoning,6,P6,Memo,complex,conceptual,1.67,0.27
3121,17,S17,Causal Loop Diagrams,21,R21,Analogical Reasoning,7,P7,Executive Summary,complex,conceptual,1.67,0.27
3122,17,S17,Causal Loop Diagrams,21,R21,Analogical Reasoning,10,P10,White Paper,complex,conceptual,2.00,0.30
3123,17,S17,Causal Loop Diagrams,21,R21,Analogical Reasoning,14,P14,FAQ,complex,conceptual,1.67,0.27
3124,17,S17,Causal Loop Diagrams,21,R21,Analogical Reasoning,25,P25,Mind Map,complex,conceptual,1.67,0.27
3125,17,S17,Causal Loop Diagrams,21,R21,Analogical Reasoning,28,P28,Slide Deck,complex,conceptual,1.67,0.27
3126,17,S17,Causal Loop Diagrams,21,R21,Analogical Reasoning,36,P36,Metaphorical Explanation,complex,conceptual,2.00,0.30
3127,17,S17,Causal Loop Diagrams,24,R24,Scenario Planning,5,P5,Checklist,complex,sequential,1.67,0.33
3128,17,S17,Causal Loop Diagrams,24,R24,Scenario Planning,6,P6,Memo,complex,narrative,1.67,0.30
3129,17,S17,Causal Loop Diagrams,24,R24,Scenario Planning,8,P8,Technical Report,complex,sequential,2.00,0.30
3130,17,S17,Causal Loop Diagrams,24,R24,Scenario Planning,9,P9,Policy Brief,complex,narrative,2.00,0.37
3131,17,S17,Causal Loop Diagrams,24,R24,Scenario Planning,12,P12,Case Study,complex,narrative,2.00,0.33
3132,17,S17,Causal Loop Diagrams,24,R24,Scenario Planning,13,P13,Tutorial,complex,sequential,1.67,0.33
3133,17,S17,Causal Loop Diagrams,24,R24,Scenario Planning,15,P15,Dialogue,complex,narrative,2.00,0.33
3134,17,S17,Causal Loop Diagrams,24,R24,Scenario Planning,19,P19,Flowchart,complex,sequential,1.67,0.30
3135,17,S17,Causal Loop Diagrams,24,R24,Scenario Planning,20,P20,Gantt Chart,complex,sequential,1.67,0.37
3136,17,S17,Causal Loop Diagrams,24,R24,Scenario Planning,22,P22,Infographic,complex,narrative,1.67,0.33
3137,17,S17,Causal Loop Diagrams,24,R24,Scenario Planning,26,P26,Timeline,complex,sequential,1.67,0.30
3138,17,S17,Causal Loop Diagrams,24,R24,Scenario Planning,28,P28,Slide Deck,complex,narrative,1.67,0.30
3139,17,S17,Causal Loop Diagrams,24,R24,Scenario Planning,30,P30,Video,complex,narrative,2.00,0.33
3140,17,S17,Causal Loop Diagrams,24,R24,Scenario Planning,32,P32,Annotated Code,complex,sequential,2.00,0.43
3141,17,S17,Causal Loop Diagrams,24,R24,Scenario Planning,33,P33,Narrative Synthesis,complex,narrative,2.00,0.30
3142,17,S17,Causal Loop Diagrams,24,R24,Scenario Planning,34,P34,Scenario Narrative,complex,narrative,2.00,0.33
3143,17,S17,Causal Loop Diagrams,24,R24,Scenario Planning,35,P35,Dialogue Format,complex,narrative,2.00,0.33
3144,17,S17,Causal Loop Diagrams,24,R24,Scenario Planning,36,P36,Metaphorical Explanation,complex,narrative,2.00,0.33
3145,17,S17,Causal Loop Diagrams,25,R25,Counterfactual Analysis,6,P6,Memo,complex,narrative,1.67,0.30
3146,17,S17,Causal Loop Diagrams,25,R25,Counterfactual Analysis,9,P9,Policy Brief,complex,narrative,2.00,0.37
3147,17,S17,Causal Loop Diagrams,25,R25,Counterfactual Analysis,12,P12,Case Study,complex,narrative,2.00,0.33
3148,17,S17,Causal Loop Diagrams,25,R25,Counterfactual Analysis,15,P15,Dialogue,complex,narrative,2.00,0.33
3149,17,S17,Causal Loop Diagrams,25,R25,Counterfactual Analysis,22,P22,Infographic,complex,narrative,1.67,0.33
3150,17,S17,Causal Loop Diagrams,25,R25,Counterfactual Analysis,28,P28,Slide Deck,complex,narrative,1.67,0.30
3151,17,S17,Causal Loop Diagrams,25,R25,Counterfactual Analysis,30,P30,Video,complex,narrative,2.00,0.33
3152,17,S17,Causal Loop Diagrams,25,R25,Counterfactual Analysis,33,P33,Narrative Synthesis,complex,narrative,2.00,0.30
3153,17,S17,Causal Loop Diagrams,25,R25,Counterfactual Analysis,34,P34,Scenario Narrative,complex,narrative,2.00,0.33
3154,17,S17,Causal Loop Diagrams,25,R25,Counterfactual Analysis,35,P35,Dialogue Format,complex,narrative,2.00,0.33
3155,17,S17,Causal Loop Diagrams,25,R25,Counterfactual Analysis,36,P36,Metaphorical Explanation,complex,narrative,2.00,0.33
3156,17,S17,Causal Loop Diagrams,26,R26,Pre-mortem Analysis,6,P6,Memo,complex,qualitative,1.67,0.27
3157,17,S17,Causal Loop Diagrams,26,R26,Pre-mortem Analysis,8,P8,Technical Report,complex,qualitative,2.00,0.27
3158,17,S17,Causal Loop Diagrams,26,R26,Pre-mortem Analysis,10,P10,White Paper,complex,qualitative,2.00,0.30
3159,17,S17,Causal Loop Diagrams,26,R26,Pre-mortem Analysis,11,P11,Academic Paper,complex,qualitative,2.33,0.30
3160,17,S17,Causal Loop Diagrams,26,R26,Pre-mortem Analysis,12,P12,Case Study,complex,qualitative,2.00,0.30
3161,17,S17,Causal Loop Diagrams,26,R26,Pre-mortem Analysis,15,P15,Dialogue,complex,qualitative,2.00,0.30
3162,17,S17,Causal Loop Diagrams,26,R26,Pre-mortem Analysis,33,P33,Narrative Synthesis,complex,qualitative,2.00,0.27
3163,17,S17,Causal Loop Diagrams,26,R26,Pre-mortem Analysis,35,P35,Dialogue Format,complex,qualitative,2.00,0.30
3164,17,S17,Causal Loop Diagrams,28,R28,Red Team/Blue Team,7,P7,Executive Summary,complex,comparative,1.67,0.33
3165,17,S17,Causal Loop Diagrams,28,R28,Red Team/Blue Team,9,P9,Policy Brief,complex,comparative,2.00,0.40
3166,17,S17,Causal Loop Diagrams,28,R28,Red Team/Blue Team,16,P16,Comparative Table,complex,comparative,1.67,0.33
3167,17,S17,Causal Loop Diagrams,28,R28,Red Team/Blue Team,17,P17,Decision Matrix,complex,comparative,1.67,0.37
3168,17,S17,Causal Loop Diagrams,31,R31,Critical Thinking,6,P6,Memo,complex,qualitative,1.67,0.27
3169,17,S17,Causal Loop Diagrams,31,R31,Critical Thinking,8,P8,Technical Report,complex,qualitative,2.00,0.27
3170,17,S17,Causal Loop Diagrams,31,R31,Critical Thinking,10,P10,White Paper,complex,qualitative,2.00,0.30
3171,17,S17,Causal Loop Diagrams,31,R31,Critical Thinking,11,P11,Academic Paper,complex,qualitative,2.33,0.30
3172,17,S17,Causal Loop Diagrams,31,R31,Critical Thinking,12,P12,Case Study,complex,qualitative,2.00,0.30
3173,17,S17,Causal Loop Diagrams,31,R31,Critical Thinking,15,P15,Dialogue,complex,qualitative,2.00,0.30
3174,17,S17,Causal Loop Diagrams,31,R31,Critical Thinking,33,P33,Narrative Synthesis,complex,qualitative,2.00,0.27
3175,17,S17,Causal Loop Diagrams,31,R31,Critical Thinking,35,P35,Dialogue Format,complex,qualitative,2.00,0.30
3176,17,S17,Causal Loop Diagrams,36,R36,Delphi Method,6,P6,Memo,complex,qualitative,1.67,0.33
3177,17,S17,Causal Loop Diagrams,36,R36,Delphi Method,8,P8,Technical Report,complex,qualitative,2.00,0.33
3178,17,S17,Causal Loop Diagrams,36,R36,Delphi Method,10,P10,White Paper,complex,qualitative,2.00,0.37
3179,17,S17,Causal Loop Diagrams,36,R36,Delphi Method,11,P11,Academic Paper,complex,qualitative,2.33,0.37
3180,17,S17,Causal Loop Diagrams,36,R36,Delphi Method,12,P12,Case Study,complex,qualitative,2.00,0.37
3181,17,S17,Causal Loop Diagrams,36,R36,Delphi Method,15,P15,Dialogue,complex,qualitative,2.00,0.37
3182,17,S17,Causal Loop Diagrams,36,R36,Delphi Method,33,P33,Narrative Synthesis,complex,qualitative,2.00,0.33
3183,17,S17,Causal Loop Diagrams,36,R36,Delphi Method,35,P35,Dialogue Format,complex,qualitative,2.00,0.37
3184,17,S17,Causal Loop Diagrams,38,R38,Six Thinking Hats,6,P6,Memo,complex,qualitative,1.33,0.30
3185,17,S17,Causal Loop Diagrams,38,R38,Six Thinking Hats,8,P8,Technical Report,complex,qualitative,1.67,0.30
3186,17,S17,Causal Loop Diagrams,38,R38,Six Thinking Hats,10,P10,White Paper,complex,qualitative,1.67,0.33
3187,17,S17,Causal Loop Diagrams,38,R38,Six Thinking Hats,11,P11,Academic Paper,complex,qualitative,2.00,0.33
3188,17,S17,Causal Loop Diagrams,38,R38,Six Thinking Hats,12,P12,Case Study,complex,qualitative,1.67,0.33
3189,17,S17,Causal Loop Diagrams,38,R38,Six Thinking Hats,15,P15,Dialogue,complex,qualitative,1.67,0.33
3190,17,S17,Causal Loop Diagrams,38,R38,Six Thinking Hats,33,P33,Narrative Synthesis,complex,qualitative,1.67,0.30
3191,17,S17,Causal Loop Diagrams,38,R38,Six Thinking Hats,35,P35,Dialogue Format,complex,qualitative,1.67,0.33
3192,18,S18,Stock-Flow Diagrams,3,R3,Abductive Reasoning,1,P1,Cornell Notes,complex,conceptual,2.00,0.40
3193,18,S18,Stock-Flow Diagrams,3,R3,Abductive Reasoning,2,P2,SQ3R,complex,conceptual,2.00,0.43
3194,18,S18,Stock-Flow Diagrams,3,R3,Abductive Reasoning,3,P3,CODE (Second Brain),complex,conceptual,2.33,0.40
3195,18,S18,Stock-Flow Diagrams,3,R3,Abductive Reasoning,4,P4,Progressive Summarization,complex,conceptual,2.33,0.40
3196,18,S18,Stock-Flow Diagrams,3,R3,Abductive Reasoning,6,P6,Memo,complex,conceptual,2.00,0.33
3197,18,S18,Stock-Flow Diagrams,3,R3,Abductive Reasoning,7,P7,Executive Summary,complex,conceptual,2.00,0.33
3198,18,S18,Stock-Flow Diagrams,3,R3,Abductive Reasoning,10,P10,White Paper,complex,conceptual,2.33,0.37
3199,18,S18,Stock-Flow Diagrams,3,R3,Abductive Reasoning,14,P14,FAQ,complex,conceptual,2.00,0.33
3200,18,S18,Stock-Flow Diagrams,3,R3,Abductive Reasoning,25,P25,Mind Map,complex,conceptual,2.00,0.33
3201,18,S18,Stock-Flow Diagrams,3,R3,Abductive Reasoning,28,P28,Slide Deck,complex,conceptual,2.00,0.33
3202,18,S18,Stock-Flow Diagrams,3,R3,Abductive Reasoning,36,P36,Metaphorical Explanation,complex,conceptual,2.33,0.37
3203,18,S18,Stock-Flow Diagrams,8,R8,Design Thinking,5,P5,Checklist,complex,sequential,2.00,0.37
3204,18,S18,Stock-Flow Diagrams,8,R8,Design Thinking,6,P6,Memo,complex,qualitative,2.00,0.33
3205,18,S18,Stock-Flow Diagrams,8,R8,Design Thinking,8,P8,Technical Report,complex,qualitative; sequential,2.33,0.33
3206,18,S18,Stock-Flow Diagrams,8,R8,Design Thinking,10,P10,White Paper,complex,qualitative,2.33,0.37
3207,18,S18,Stock-Flow Diagrams,8,R8,Design Thinking,11,P11,Academic Paper,complex,qualitative,2.67,0.37
3208,18,S18,Stock-Flow Diagrams,8,R8,Design Thinking,12,P12,Case Study,complex,qualitative,2.33,0.37
3209,18,S18,Stock-Flow Diagrams,8,R8,Design Thinking,13,P13,Tutorial,complex,sequential,2.00,0.37
3210,18,S18,Stock-Flow Diagrams,8,R8,Design Thinking,15,P15,Dialogue,complex,qualitative,2.33,0.37
3211,18,S18,Stock-Flow Diagrams,8,R8,Design Thinking,19,P19,Flowchart,complex,sequential,2.00,0.33
3212,18,S18,Stock-Flow Diagrams,8,R8,Design Thinking,20,P20,Gantt Chart,complex,sequential,2.00,0.40
3213,18,S18,Stock-Flow Diagrams,8,R8,Design Thinking,26,P26,Timeline,complex,sequential,2.00,0.33
3214,18,S18,Stock-Flow Diagrams,8,R8,Design Thinking,32,P32,Annotated Code,complex,sequential,2.33,0.47
3215,18,S18,Stock-Flow Diagrams,8,R8,Design Thinking,33,P33,Narrative Synthesis,complex,qualitative,2.33,0.33
3216,18,S18,Stock-Flow Diagrams,8,R8,Design Thinking,35,P35,Dialogue Format,complex,qualitative,2.33,0.37
3217,18,S18,Stock-Flow Diagrams,9,R9,OODA Loop,5,P5,Checklist,complex,sequential,2.00,0.40
3218,18,S18,Stock-Flow Diagrams,9,R9,OODA Loop,8,P8,Technical Report,complex,sequential,2.33,0.37
3219,18,S18,Stock-Flow Diagrams,9,R9,OODA Loop,13,P13,Tutorial,complex,sequential,2.00,0.40
3220,18,S18,Stock-Flow Diagrams,9,R9,OODA Loop,19,P19,Flowchart,complex,sequential,2.00,0.37
3221,18,S18,Stock-Flow Diagrams,9,R9,OODA Loop,20,P20,Gantt Chart,complex,sequential,2.00,0.43
3222,18,S18,Stock-Flow Diagrams,9,R9,OODA Loop,26,P26,Timeline,complex,sequential,2.00,0.37
3223,18,S18,Stock-Flow Diagrams,9,R9,OODA Loop,32,P32,Annotated Code,complex,sequential,2.33,0.50
3224,18,S18,Stock-Flow Diagrams,12,R12,Scientific Method,5,P5,Checklist,complex,sequential,2.00,0.33
3225,18,S18,Stock-Flow Diagrams,12,R12,Scientific Method,8,P8,Technical Report,complex,sequential,2.33,0.30
3226,18,S18,Stock-Flow Diagrams,12,R12,Scientific Method,13,P13,Tutorial,complex,sequential,2.00,0.33
3227,18,S18,Stock-Flow Diagrams,12,R12,Scientific Method,19,P19,Flowchart,complex,sequential,2.00,0.30
3228,18,S18,Stock-Flow Diagrams,12,R12,Scientific Method,20,P20,Gantt Chart,complex,sequential,2.00,0.37
3229,18,S18,Stock-Flow Diagrams,12,R12,Scientific Method,26,P26,Timeline,complex,sequential,2.00,0.30
3230,18,S18,Stock-Flow Diagrams,12,R12,Scientific Method,32,P32,Annotated Code,complex,sequential,2.33,0.43
3231,18,S18,Stock-Flow Diagrams,15,R15,Naturalistic Decision-Making,6,P6,Memo,complex,qualitative,2.00,0.37
3232,18,S18,Stock-Flow Diagrams,15,R15,Naturalistic Decision-Making,8,P8,Technical Report,complex,qualitative,2.33,0.37
3233,18,S18,Stock-Flow Diagrams,15,R15,Naturalistic Decision-Making,10,P10,White Paper,complex,qualitative,2.33,0.40
3234,18,S18,Stock-Flow Diagrams,15,R15,Naturalistic Decision-Making,11,P11,Academic Paper,complex,qualitative,2.67,0.40
3235,18,S18,Stock-Flow Diagrams,15,R15,Naturalistic Decision-Making,12,P12,Case Study,complex,qualitative,2.33,0.40
3236,18,S18,Stock-Flow Diagrams,15,R15,Naturalistic Decision-Making,15,P15,Dialogue,complex,qualitative,2.33,0.40
3237,18,S18,Stock-Flow Diagrams,15,R15,Naturalistic Decision-Making,33,P33,Narrative Synthesis,complex,qualitative,2.33,0.37
3238,18,S18,Stock-Flow Diagrams,15,R15,Naturalistic Decision-Making,35,P35,Dialogue Format,complex,qualitative,2.33,0.40
3239,18,S18,Stock-Flow Diagrams,16,R16,Intuitive Decision-Making,6,P6,Memo,complex,qualitative,1.67,0.33
3240,18,S18,Stock-Flow Diagrams,16,R16,Intuitive Decision-Making,8,P8,Technical Report,complex,qualitative,2.00,0.33
3241,18,S18,Stock-Flow Diagrams,16,R16,Intuitive Decision-Making,10,P10,White Paper,complex,qualitative,2.00,0.37
3242,18,S18,Stock-Flow Diagrams,16,R16,Intuitive Decision-Making,11,P11,Academic Paper,complex,qualitative,2.33,0.37
3243,18,S18,Stock-Flow Diagrams,16,R16,Intuitive Decision-Making,12,P12,Case Study,complex,qualitative,2.00,0.37
3244,18,S18,Stock-Flow Diagrams,16,R16,Intuitive Decision-Making,15,P15,Dialogue,complex,qualitative,2.00,0.37
3245,18,S18,Stock-Flow Diagrams,16,R16,Intuitive Decision-Making,33,P33,Narrative Synthesis,complex,qualitative,2.00,0.33
3246,18,S18,Stock-Flow Diagrams,16,R16,Intuitive Decision-Making,35,P35,Dialogue Format,complex,qualitative,2.00,0.37
3247,18,S18,Stock-Flow Diagrams,20,R20,Sensitivity Analysis,8,P8,Technical Report,complex,quantitative,2.33,0.33
3248,18,S18,Stock-Flow Diagrams,20,R20,Sensitivity Analysis,11,P11,Academic Paper,complex,quantitative,2.67,0.37
3249,18,S18,Stock-Flow Diagrams,20,R20,Sensitivity Analysis,17,P17,Decision Matrix,complex,quantitative,2.00,0.37
3250,18,S18,Stock-Flow Diagrams,20,R20,Sensitivity Analysis,21,P21,Dashboard,complex,quantitative,2.33,0.37
3251,18,S18,Stock-Flow Diagrams,20,R20,Sensitivity Analysis,29,P29,Interactive Visualization,complex,quantitative,2.67,0.40
3252,18,S18,Stock-Flow Diagrams,20,R20,Sensitivity Analysis,31,P31,Simulation,complex,quantitative,2.67,0.43
3253,18,S18,Stock-Flow Diagrams,21,R21,Analogical Reasoning,1,P1,Cornell Notes,complex,conceptual,2.00,0.37
3254,18,S18,Stock-Flow Diagrams,21,R21,Analogical Reasoning,2,P2,SQ3R,complex,conceptual,2.00,0.40
3255,18,S18,Stock-Flow Diagrams,21,R21,Analogical Reasoning,3,P3,CODE (Second Brain),complex,conceptual,2.33,0.37
3256,18,S18,Stock-Flow Diagrams,21,R21,Analogical Reasoning,4,P4,Progressive Summarization,complex,conceptual,2.33,0.37
3257,18,S18,Stock-Flow Diagrams,21,R21,Analogical Reasoning,6,P6,Memo,complex,conceptual,2.00,0.30
3258,18,S18,Stock-Flow Diagrams,21,R21,Analogical Reasoning,7,P7,Executive Summary,complex,conceptual,2.00,0.30
3259,18,S18,Stock-Flow Diagrams,21,R21,Analogical Reasoning,10,P10,White Paper,complex,conceptual,2.33,0.33
3260,18,S18,Stock-Flow Diagrams,21,R21,Analogical Reasoning,14,P14,FAQ,complex,conceptual,2.00,0.30
3261,18,S18,Stock-Flow Diagrams,21,R21,Analogical Reasoning,25,P25,Mind Map,complex,conceptual,2.00,0.30
3262,18,S18,Stock-Flow Diagrams,21,R21,Analogical Reasoning,28,P28,Slide Deck,complex,conceptual,2.00,0.30
3263,18,S18,Stock-Flow Diagrams,21,R21,Analogical Reasoning,36,P36,Metaphorical Explanation,complex,conceptual,2.33,0.33
3264,18,S18,Stock-Flow Diagrams,24,R24,Scenario Planning,5,P5,Checklist,complex,sequential,2.00,0.37
3265,18,S18,Stock-Flow Diagrams,24,R24,Scenario Planning,6,P6,Memo,complex,narrative,2.00,0.33
3266,18,S18,Stock-Flow Diagrams,24,R24,Scenario Planning,8,P8,Technical Report,complex,sequential,2.33,0.33
3267,18,S18,Stock-Flow Diagrams,24,R24,Scenario Planning,9,P9,Policy Brief,complex,narrative,2.33,0.40
3268,18,S18,Stock-Flow Diagrams,24,R24,Scenario Planning,12,P12,Case Study,complex,narrative,2.33,0.37
3269,18,S18,Stock-Flow Diagrams,24,R24,Scenario Planning,13,P13,Tutorial,complex,sequential,2.00,0.37
3270,18,S18,Stock-Flow Diagrams,24,R24,Scenario Planning,15,P15,Dialogue,complex,narrative,2.33,0.37
3271,18,S18,Stock-Flow Diagrams,24,R24,Scenario Planning,19,P19,Flowchart,complex,sequential,2.00,0.33
3272,18,S18,Stock-Flow Diagrams,24,R24,Scenario Planning,20,P20,Gantt Chart,complex,sequential,2.00,0.40
3273,18,S18,Stock-Flow Diagrams,24,R24,Scenario Planning,22,P22,Infographic,complex,narrative,2.00,0.37
3274,18,S18,Stock-Flow Diagrams,24,R24,Scenario Planning,26,P26,Timeline,complex,sequential,2.00,0.33
3275,18,S18,Stock-Flow Diagrams,24,R24,Scenario Planning,28,P28,Slide Deck,complex,narrative,2.00,0.33
3276,18,S18,Stock-Flow Diagrams,24,R24,Scenario Planning,30,P30,Video,complex,narrative,2.33,0.37
3277,18,S18,Stock-Flow Diagrams,24,R24,Scenario Planning,32,P32,Annotated Code,complex,sequential,2.33,0.47
3278,18,S18,Stock-Flow Diagrams,24,R24,Scenario Planning,33,P33,Narrative Synthesis,complex,narrative,2.33,0.33
3279,18,S18,Stock-Flow Diagrams,24,R24,Scenario Planning,34,P34,Scenario Narrative,complex,narrative,2.33,0.37
3280,18,S18,Stock-Flow Diagrams,24,R24,Scenario Planning,35,P35,Dialogue Format,complex,narrative,2.33,0.37
3281,18,S18,Stock-Flow Diagrams,24,R24,Scenario Planning,36,P36,Metaphorical Explanation,complex,narrative,2.33,0.37
3282,18,S18,Stock-Flow Diagrams,25,R25,Counterfactual Analysis,6,P6,Memo,complex,narrative,2.00,0.33
3283,18,S18,Stock-Flow Diagrams,25,R25,Counterfactual Analysis,9,P9,Policy Brief,complex,narrative,2.33,0.40
3284,18,S18,Stock-Flow Diagrams,25,R25,Counterfactual Analysis,12,P12,Case Study,complex,narrative,2.33,0.37
3285,18,S18,Stock-Flow Diagrams,25,R25,Counterfactual Analysis,15,P15,Dialogue,complex,narrative,2.33,0.37
3286,18,S18,Stock-Flow Diagrams,25,R25,Counterfactual Analysis,22,P22,Infographic,complex,narrative,2.00,0.37
3287,18,S18,Stock-Flow Diagrams,25,R25,Counterfactual Analysis,28,P28,Slide Deck,complex,narrative,2.00,0.33
3288,18,S18,Stock-Flow Diagrams,25,R25,Counterfactual Analysis,30,P30,Video,complex,narrative,2.33,0.37
3289,18,S18,Stock-Flow Diagrams,25,R25,Counterfactual Analysis,33,P33,Narrative Synthesis,complex,narrative,2.33,0.33
3290,18,S18,Stock-Flow Diagrams,25,R25,Counterfactual Analysis,34,P34,Scenario Narrative,complex,narrative,2.33,0.37
3291,18,S18,Stock-Flow Diagrams,25,R25,Counterfactual Analysis,35,P35,Dialogue Format,complex,narrative,2.33,0.37
3292,18,S18,Stock-Flow Diagrams,25,R25,Counterfactual Analysis,36,P36,Metaphorical Explanation,complex,narrative,2.33,0.37
3293,18,S18,Stock-Flow Diagrams,26,R26,Pre-mortem Analysis,6,P6,Memo,complex,qualitative,2.00,0.30
3294,18,S18,Stock-Flow Diagrams,26,R26,Pre-mortem Analysis,8,P8,Technical Report,complex,qualitative,2.33,0.30
3295,18,S18,Stock-Flow Diagrams,26,R26,Pre-mortem Analysis,10,P10,White Paper,complex,qualitative,2.33,0.33
3296,18,S18,Stock-Flow Diagrams,26,R26,Pre-mortem Analysis,11,P11,Academic Paper,complex,qualitative,2.67,0.33
3297,18,S18,Stock-Flow Diagrams,26,R26,Pre-mortem Analysis,12,P12,Case Study,complex,qualitative,2.33,0.33
3298,18,S18,Stock-Flow Diagrams,26,R26,Pre-mortem Analysis,15,P15,Dialogue,complex,qualitative,2.33,0.33
3299,18,S18,Stock-Flow Diagrams,26,R26,Pre-mortem Analysis,33,P33,Narrative Synthesis,complex,qualitative,2.33,0.30
3300,18,S18,Stock-Flow Diagrams,26,R26,Pre-mortem Analysis,35,P35,Dialogue Format,complex,qualitative,2.33,0.33
3301,18,S18,Stock-Flow Diagrams,28,R28,Red Team/Blue Team,7,P7,Executive Summary,complex,comparative,2.00,0.37
3302,18,S18,Stock-Flow Diagrams,28,R28,Red Team/Blue Team,9,P9,Policy Brief,complex,comparative,2.33,0.43
3303,18,S18,Stock-Flow Diagrams,28,R28,Red Team/Blue Team,16,P16,Comparative Table,complex,comparative,2.00,0.37
3304,18,S18,Stock-Flow Diagrams,28,R28,Red Team/Blue Team,17,P17,Decision Matrix,complex,comparative,2.00,0.40
3305,18,S18,Stock-Flow Diagrams,31,R31,Critical Thinking,6,P6,Memo,complex,qualitative,2.00,0.30
3306,18,S18,Stock-Flow Diagrams,31,R31,Critical Thinking,8,P8,Technical Report,complex,qualitative,2.33,0.30
3307,18,S18,Stock-Flow Diagrams,31,R31,Critical Thinking,10,P10,White Paper,complex,qualitative,2.33,0.33
3308,18,S18,Stock-Flow Diagrams,31,R31,Critical Thinking,11,P11,Academic Paper,complex,qualitative,2.67,0.33
3309,18,S18,Stock-Flow Diagrams,31,R31,Critical Thinking,12,P12,Case Study,complex,qualitative,2.33,0.33
3310,18,S18,Stock-Flow Diagrams,31,R31,Critical Thinking,15,P15,Dialogue,complex,qualitative,2.33,0.33
3311,18,S18,Stock-Flow Diagrams,31,R31,Critical Thinking,33,P33,Narrative Synthesis,complex,qualitative,2.33,0.30
3312,18,S18,Stock-Flow Diagrams,31,R31,Critical Thinking,35,P35,Dialogue Format,complex,qualitative,2.33,0.33
3313,18,S18,Stock-Flow Diagrams,36,R36,Delphi Method,6,P6,Memo,complex,qualitative,2.00,0.37
3314,18,S18,Stock-Flow Diagrams,36,R36,Delphi Method,8,P8,Technical Report,complex,qualitative,2.33,0.37
3315,18,S18,Stock-Flow Diagrams,36,R36,Delphi Method,10,P10,White Paper,complex,qualitative,2.33,0.40
3316,18,S18,Stock-Flow Diagrams,36,R36,Delphi Method,11,P11,Academic Paper,complex,qualitative,2.67,0.40
3317,18,S18,Stock-Flow Diagrams,36,R36,Delphi Method,12,P12,Case Study,complex,qualitative,2.33,0.40
3318,18,S18,Stock-Flow Diagrams,36,R36,Delphi Method,15,P15,Dialogue,complex,qualitative,2.33,0.40
3319,18,S18,Stock-Flow Diagrams,36,R36,Delphi Method,33,P33,Narrative Synthesis,complex,qualitative,2.33,0.37
3320,18,S18,Stock-Flow Diagrams,36,R36,Delphi Method,35,P35,Dialogue Format,complex,qualitative,2.33,0.40
3321,18,S18,Stock-Flow Diagrams,38,R38,Six Thinking Hats,6,P6,Memo,complex,qualitative,1.67,0.33
3322,18,S18,Stock-Flow Diagrams,38,R38,Six Thinking Hats,8,P8,Technical Report,complex,qualitative,2.00,0.33
3323,18,S18,Stock-Flow Diagrams,38,R38,Six Thinking Hats,10,P10,White Paper,complex,qualitative,2.00,0.37
3324,18,S18,Stock-Flow Diagrams,38,R38,Six Thinking Hats,11,P11,Academic Paper,complex,qualitative,2.33,0.37
3325,18,S18,Stock-Flow Diagrams,38,R38,Six Thinking Hats,12,P12,Case Study,complex,qualitative,2.00,0.37
3326,18,S18,Stock-Flow Diagrams,38,R38,Six Thinking Hats,15,P15,Dialogue,complex,qualitative,2.00,0.37
3327,18,S18,Stock-Flow Diagrams,38,R38,Six Thinking Hats,33,P33,Narrative Synthesis,complex,qualitative,2.00,0.33
3328,18,S18,Stock-Flow Diagrams,38,R38,Six Thinking Hats,35,P35,Dialogue Format,complex,qualitative,2.00,0.37
3329,19,S19,Network Analysis,3,R3,Abductive Reasoning,1,P1,Cornell Notes,complex,conceptual,1.67,0.37
3330,19,S19,Network Analysis,3,R3,Abductive Reasoning,2,P2,SQ3R,complex,conceptual,1.67,0.40
3331,19,S19,Network Analysis,3,R3,Abductive Reasoning,3,P3,CODE (Second Brain),complex,conceptual,2.00,0.37
3332,19,S19,Network Analysis,3,R3,Abductive Reasoning,4,P4,Progressive Summarization,complex,conceptual,2.00,0.37
3333,19,S19,Network Analysis,3,R3,Abductive Reasoning,6,P6,Memo,complex,conceptual,1.67,0.30
3334,19,S19,Network Analysis,3,R3,Abductive Reasoning,7,P7,Executive Summary,complex,conceptual,1.67,0.30
3335,19,S19,Network Analysis,3,R3,Abductive Reasoning,10,P10,White Paper,complex,conceptual,2.00,0.33
3336,19,S19,Network Analysis,3,R3,Abductive Reasoning,14,P14,FAQ,complex,conceptual,1.67,0.30
3337,19,S19,Network Analysis,3,R3,Abductive Reasoning,25,P25,Mind Map,complex,conceptual,1.67,0.30
3338,19,S19,Network Analysis,3,R3,Abductive Reasoning,28,P28,Slide Deck,complex,conceptual,1.67,0.30
3339,19,S19,Network Analysis,3,R3,Abductive Reasoning,36,P36,Metaphorical Explanation,complex,conceptual,2.00,0.33
3340,19,S19,Network Analysis,8,R8,Design Thinking,5,P5,Checklist,complex,sequential,1.67,0.33
3341,19,S19,Network Analysis,8,R8,Design Thinking,6,P6,Memo,complex,qualitative,1.67,0.30
3342,19,S19,Network Analysis,8,R8,Design Thinking,8,P8,Technical Report,complex,qualitative; sequential,2.00,0.30
3343,19,S19,Network Analysis,8,R8,Design Thinking,10,P10,White Paper,complex,qualitative,2.00,0.33
3344,19,S19,Network Analysis,8,R8,Design Thinking,11,P11,Academic Paper,complex,qualitative,2.33,0.33
3345,19,S19,Network Analysis,8,R8,Design Thinking,12,P12,Case Study,complex,qualitative,2.00,0.33
3346,19,S19,Network Analysis,8,R8,Design Thinking,13,P13,Tutorial,complex,sequential,1.67,0.33
3347,19,S19,Network Analysis,8,R8,Design Thinking,15,P15,Dialogue,complex,qualitative,2.00,0.33
3348,19,S19,Network Analysis,8,R8,Design Thinking,19,P19,Flowchart,complex,sequential,1.67,0.30
3349,19,S19,Network Analysis,8,R8,Design Thinking,20,P20,Gantt Chart,complex,sequential,1.67,0.37
3350,19,S19,Network Analysis,8,R8,Design Thinking,26,P26,Timeline,complex,sequential,1.67,0.30
3351,19,S19,Network Analysis,8,R8,Design Thinking,32,P32,Annotated Code,complex,sequential,2.00,0.43
3352,19,S19,Network Analysis,8,R8,Design Thinking,33,P33,Narrative Synthesis,complex,qualitative,2.00,0.30
3353,19,S19,Network Analysis,8,R8,Design Thinking,35,P35,Dialogue Format,complex,qualitative,2.00,0.33
3354,19,S19,Network Analysis,9,R9,OODA Loop,5,P5,Checklist,complex,sequential,1.67,0.37
3355,19,S19,Network Analysis,9,R9,OODA Loop,8,P8,Technical Report,complex,sequential,2.00,0.33
3356,19,S19,Network Analysis,9,R9,OODA Loop,13,P13,Tutorial,complex,sequential,1.67,0.37
3357,19,S19,Network Analysis,9,R9,OODA Loop,19,P19,Flowchart,complex,sequential,1.67,0.33
3358,19,S19,Network Analysis,9,R9,OODA Loop,20,P20,Gantt Chart,complex,sequential,1.67,0.40
3359,19,S19,Network Analysis,9,R9,OODA Loop,26,P26,Timeline,complex,sequential,1.67,0.33
3360,19,S19,Network Analysis,9,R9,OODA Loop,32,P32,Annotated Code,complex,sequential,2.00,0.47
3361,19,S19,Network Analysis,12,R12,Scientific Method,5,P5,Checklist,complex,sequential,1.67,0.30
3362,19,S19,Network Analysis,12,R12,Scientific Method,8,P8,Technical Report,complex,sequential,2.00,0.27
3363,19,S19,Network Analysis,12,R12,Scientific Method,13,P13,Tutorial,complex,sequential,1.67,0.30
3364,19,S19,Network Analysis,12,R12,Scientific Method,19,P19,Flowchart,complex,sequential,1.67,0.27
3365,19,S19,Network Analysis,12,R12,Scientific Method,20,P20,Gantt Chart,complex,sequential,1.67,0.33
3366,19,S19,Network Analysis,12,R12,Scientific Method,26,P26,Timeline,complex,sequential,1.67,0.27
3367,19,S19,Network Analysis,12,R12,Scientific Method,32,P32,Annotated Code,complex,sequential,2.00,0.40
3368,19,S19,Network Analysis,15,R15,Naturalistic Decision-Making,6,P6,Memo,complex,qualitative,1.67,0.33
3369,19,S19,Network Analysis,15,R15,Naturalistic Decision-Making,8,P8,Technical Report,complex,qualitative,2.00,0.33
3370,19,S19,Network Analysis,15,R15,Naturalistic Decision-Making,10,P10,White Paper,complex,qualitative,2.00,0.37
3371,19,S19,Network Analysis,15,R15,Naturalistic Decision-Making,11,P11,Academic Paper,complex,qualitative,2.33,0.37
3372,19,S19,Network Analysis,15,R15,Naturalistic Decision-Making,12,P12,Case Study,complex,qualitative,2.00,0.37
3373,19,S19,Network Analysis,15,R15,Naturalistic Decision-Making,15,P15,Dialogue,complex,qualitative,2.00,0.37
3374,19,S19,Network Analysis,15,R15,Naturalistic Decision-Making,33,P33,Narrative Synthesis,complex,qualitative,2.00,0.33
3375,19,S19,Network Analysis,15,R15,Naturalistic Decision-Making,35,P35,Dialogue Format,complex,qualitative,2.00,0.37
3376,19,S19,Network Analysis,16,R16,Intuitive Decision-Making,6,P6,Memo,complex,qualitative,1.33,0.30
3377,19,S19,Network Analysis,16,R16,Intuitive Decision-Making,8,P8,Technical Report,complex,qualitative,1.67,0.30
3378,19,S19,Network Analysis,16,R16,Intuitive Decision-Making,10,P10,White Paper,complex,qualitative,1.67,0.33
3379,19,S19,Network Analysis,16,R16,Intuitive Decision-Making,11,P11,Academic Paper,complex,qualitative,2.00,0.33
3380,19,S19,Network Analysis,16,R16,Intuitive Decision-Making,12,P12,Case Study,complex,qualitative,1.67,0.33
3381,19,S19,Network Analysis,16,R16,Intuitive Decision-Making,15,P15,Dialogue,complex,qualitative,1.67,0.33
3382,19,S19,Network Analysis,16,R16,Intuitive Decision-Making,33,P33,Narrative Synthesis,complex,qualitative,1.67,0.30
3383,19,S19,Network Analysis,16,R16,Intuitive Decision-Making,35,P35,Dialogue Format,complex,qualitative,1.67,0.33
3384,19,S19,Network Analysis,20,R20,Sensitivity Analysis,8,P8,Technical Report,complex,quantitative,2.00,0.30
3385,19,S19,Network Analysis,20,R20,Sensitivity Analysis,11,P11,Academic Paper,complex,quantitative,2.33,0.33
3386,19,S19,Network Analysis,20,R20,Sensitivity Analysis,17,P17,Decision Matrix,complex,quantitative,1.67,0.33
3387,19,S19,Network Analysis,20,R20,Sensitivity Analysis,21,P21,Dashboard,complex,quantitative,2.00,0.33
3388,19,S19,Network Analysis,20,R20,Sensitivity Analysis,29,P29,Interactive Visualization,complex,quantitative,2.33,0.37
3389,19,S19,Network Analysis,20,R20,Sensitivity Analysis,31,P31,Simulation,complex,quantitative,2.33,0.40
3390,19,S19,Network Analysis,21,R21,Analogical Reasoning,1,P1,Cornell Notes,complex,conceptual,1.67,0.33
3391,19,S19,Network Analysis,21,R21,Analogical Reasoning,2,P2,SQ3R,complex,conceptual,1.67,0.37
3392,19,S19,Network Analysis,21,R21,Analogical Reasoning,3,P3,CODE (Second Brain),complex,conceptual,2.00,0.33
3393,19,S19,Network Analysis,21,R21,Analogical Reasoning,4,P4,Progressive Summarization,complex,conceptual,2.00,0.33
3394,19,S19,Network Analysis,21,R21,Analogical Reasoning,6,P6,Memo,complex,conceptual,1.67,0.27
3395,19,S19,Network Analysis,21,R21,Analogical Reasoning,7,P7,Executive Summary,complex,conceptual,1.67,0.27
3396,19,S19,Network Analysis,21,R21,Analogical Reasoning,10,P10,White Paper,complex,conceptual,2.00,0.30
3397,19,S19,Network Analysis,21,R21,Analogical Reasoning,14,P14,FAQ,complex,conceptual,1.67,0.27
3398,19,S19,Network Analysis,21,R21,Analogical Reasoning,25,P25,Mind Map,complex,conceptual,1.67,0.27
3399,19,S19,Network Analysis,21,R21,Analogical Reasoning,28,P28,Slide Deck,complex,conceptual,1.67,0.27
3400,19,S19,Network Analysis,21,R21,Analogical Reasoning,36,P36,Metaphorical Explanation,complex,conceptual,2.00,0.30
3401,19,S19,Network Analysis,24,R24,Scenario Planning,5,P5,Checklist,complex,sequential,1.67,0.33
3402,19,S19,Network Analysis,24,R24,Scenario Planning,6,P6,Memo,complex,narrative,1.67,0.30
3403,19,S19,Network Analysis,24,R24,Scenario Planning,8,P8,Technical Report,complex,sequential,2.00,0.30
3404,19,S19,Network Analysis,24,R24,Scenario Planning,9,P9,Policy Brief,complex,narrative,2.00,0.37
3405,19,S19,Network Analysis,24,R24,Scenario Planning,12,P12,Case Study,complex,narrative,2.00,0.33
3406,19,S19,Network Analysis,24,R24,Scenario Planning,13,P13,Tutorial,complex,sequential,1.67,0.33
3407,19,S19,Network Analysis,24,R24,Scenario Planning,15,P15,Dialogue,complex,narrative,2.00,0.33
3408,19,S19,Network Analysis,24,R24,Scenario Planning,19,P19,Flowchart,complex,sequential,1.67,0.30
3409,19,S19,Network Analysis,24,R24,Scenario Planning,20,P20,Gantt Chart,complex,sequential,1.67,0.37
3410,19,S19,Network Analysis,24,R24,Scenario Planning,22,P22,Infographic,complex,narrative,1.67,0.33
3411,19,S19,Network Analysis,24,R24,Scenario Planning,26,P26,Timeline,complex,sequential,1.67,0.30
3412,19,S19,Network Analysis,24,R24,Scenario Planning,28,P28,Slide Deck,complex,narrative,1.67,0.30
3413,19,S19,Network Analysis,24,R24,Scenario Planning,30,P30,Video,complex,narrative,2.00,0.33
3414,19,S19,Network Analysis,24,R24,Scenario Planning,32,P32,Annotated Code,complex,sequential,2.00,0.43
3415,19,S19,Network Analysis,24,R24,Scenario Planning,33,P33,Narrative Synthesis,complex,narrative,2.00,0.30
3416,19,S19,Network Analysis,24,R24,Scenario Planning,34,P34,Scenario Narrative,complex,narrative,2.00,0.33
3417,19,S19,Network Analysis,24,R24,Scenario Planning,35,P35,Dialogue Format,complex,narrative,2.00,0.33
3418,19,S19,Network Analysis,24,R24,Scenario Planning,36,P36,Metaphorical Explanation,complex,narrative,2.00,0.33
3419,19,S19,Network Analysis,25,R25,Counterfactual Analysis,6,P6,Memo,complex,narrative,1.67,0.30
3420,19,S19,Network Analysis,25,R25,Counterfactual Analysis,9,P9,Policy Brief,complex,narrative,2.00,0.37
3421,19,S19,Network Analysis,25,R25,Counterfactual Analysis,12,P12,Case Study,complex,narrative,2.00,0.33
3422,19,S19,Network Analysis,25,R25,Counterfactual Analysis,15,P15,Dialogue,complex,narrative,2.00,0.33
3423,19,S19,Network Analysis,25,R25,Counterfactual Analysis,22,P22,Infographic,complex,narrative,1.67,0.33
3424,19,S19,Network Analysis,25,R25,Counterfactual Analysis,28,P28,Slide Deck,complex,narrative,1.67,0.30
3425,19,S19,Network Analysis,25,R25,Counterfactual Analysis,30,P30,Video,complex,narrative,2.00,0.33
3426,19,S19,Network Analysis,25,R25,Counterfactual Analysis,33,P33,Narrative Synthesis,complex,narrative,2.00,0.30
3427,19,S19,Network Analysis,25,R25,Counterfactual Analysis,34,P34,Scenario Narrative,complex,narrative,2.00,0.33
3428,19,S19,Network Analysis,25,R25,Counterfactual Analysis,35,P35,Dialogue Format,complex,narrative,2.00,0.33
3429,19,S19,Network Analysis,25,R25,Counterfactual Analysis,36,P36,Metaphorical Explanation,complex,narrative,2.00,0.33
3430,19,S19,Network Analysis,26,R26,Pre-mortem Analysis,6,P6,Memo,complex,qualitative,1.67,0.27
3431,19,S19,Network Analysis,26,R26,Pre-mortem Analysis,8,P8,Technical Report,complex,qualitative,2.00,0.27
3432,19,S19,Network Analysis,26,R26,Pre-mortem Analysis,10,P10,White Paper,complex,qualitative,2.00,0.30
3433,19,S19,Network Analysis,26,R26,Pre-mortem Analysis,11,P11,Academic Paper,complex,qualitative,2.33,0.30
3434,19,S19,Network Analysis,26,R26,Pre-mortem Analysis,12,P12,Case Study,complex,qualitative,2.00,0.30
3435,19,S19,Network Analysis,26,R26,Pre-mortem Analysis,15,P15,Dialogue,complex,qualitative,2.00,0.30
3436,19,S19,Network Analysis,26,R26,Pre-mortem Analysis,33,P33,Narrative Synthesis,complex,qualitative,2.00,0.27
3437,19,S19,Network Analysis,26,R26,Pre-mortem Analysis,35,P35,Dialogue Format,complex,qualitative,2.00,0.30
3438,19,S19,Network Analysis,28,R28,Red Team/Blue Team,7,P7,Executive Summary,complex,comparative,1.67,0.33
3439,19,S19,Network Analysis,28,R28,Red Team/Blue Team,9,P9,Policy Brief,complex,comparative,2.00,0.40
3440,19,S19,Network Analysis,28,R28,Red Team/Blue Team,16,P16,Comparative Table,complex,comparative,1.67,0.33
3441,19,S19,Network Analysis,28,R28,Red Team/Blue Team,17,P17,Decision Matrix,complex,comparative,1.67,0.37
3442,19,S19,Network Analysis,31,R31,Critical Thinking,6,P6,Memo,complex,qualitative,1.67,0.27
3443,19,S19,Network Analysis,31,R31,Critical Thinking,8,P8,Technical Report,complex,qualitative,2.00,0.27
3444,19,S19,Network Analysis,31,R31,Critical Thinking,10,P10,White Paper,complex,qualitative,2.00,0.30
3445,19,S19,Network Analysis,31,R31,Critical Thinking,11,P11,Academic Paper,complex,qualitative,2.33,0.30
3446,19,S19,Network Analysis,31,R31,Critical Thinking,12,P12,Case Study,complex,qualitative,2.00,0.30
3447,19,S19,Network Analysis,31,R31,Critical Thinking,15,P15,Dialogue,complex,qualitative,2.00,0.30
3448,19,S19,Network Analysis,31,R31,Critical Thinking,33,P33,Narrative Synthesis,complex,qualitative,2.00,0.27
3449,19,S19,Network Analysis,31,R31,Critical Thinking,35,P35,Dialogue Format,complex,qualitative,2.00,0.30
3450,19,S19,Network Analysis,36,R36,Delphi Method,6,P6,Memo,complex,qualitative,1.67,0.33
3451,19,S19,Network Analysis,36,R36,Delphi Method,8,P8,Technical Report,complex,qualitative,2.00,0.33
3452,19,S19,Network Analysis,36,R36,Delphi Method,10,P10,White Paper,complex,qualitative,2.00,0.37
3453,19,S19,Network Analysis,36,R36,Delphi Method,11,P11,Academic Paper,complex,qualitative,2.33,0.37
3454,19,S19,Network Analysis,36,R36,Delphi Method,12,P12,Case Study,complex,qualitative,2.00,0.37
3455,19,S19,Network Analysis,36,R36,Delphi Method,15,P15,Dialogue,complex,qualitative,2.00,0.37
3456,19,S19,Network Analysis,36,R36,Delphi Method,33,P33,Narrative Synthesis,complex,qualitative,2.00,0.33
3457,19,S19,Network Analysis,36,R36,Delphi Method,35,P35,Dialogue Format,complex,qualitative,2.00,0.37
3458,19,S19,Network Analysis,38,R38,Six Thinking Hats,6,P6,Memo,complex,qualitative,1.33,0.30
3459,19,S19,Network Analysis,38,R38,Six Thinking Hats,8,P8,Technical Report,complex,qualitative,1.67,0.30
3460,19,S19,Network Analysis,38,R38,Six Thinking Hats,10,P10,White Paper,complex,qualitative,1.67,0.33
3461,19,S19,Network Analysis,38,R38,Six Thinking Hats,11,P11,Academic Paper,complex,qualitative,2.00,0.33
3462,19,S19,Network Analysis,38,R38,Six Thinking Hats,12,P12,Case Study,complex,qualitative,1.67,0.33
3463,19,S19,Network Analysis,38,R38,Six Thinking Hats,15,P15,Dialogue,complex,qualitative,1.67,0.33
3464,19,S19,Network Analysis,38,R38,Six Thinking Hats,33,P33,Narrative Synthesis,complex,qualitative,1.67,0.30
3465,19,S19,Network Analysis,38,R38,Six Thinking Hats,35,P35,Dialogue Format,complex,qualitative,1.67,0.33
3466,20,S20,Systems Archetypes,3,R3,Abductive Reasoning,1,P1,Cornell Notes,complex,conceptual,1.67,0.37
3467,20,S20,Systems Archetypes,3,R3,Abductive Reasoning,2,P2,SQ3R,complex,conceptual,1.67,0.40
3468,20,S20,Systems Archetypes,3,R3,Abductive Reasoning,3,P3,CODE (Second Brain),complex,conceptual,2.00,0.37
3469,20,S20,Systems Archetypes,3,R3,Abductive Reasoning,4,P4,Progressive Summarization,complex,conceptual,2.00,0.37
3470,20,S20,Systems Archetypes,3,R3,Abductive Reasoning,6,P6,Memo,complex,conceptual,1.67,0.30
3471,20,S20,Systems Archetypes,3,R3,Abductive Reasoning,7,P7,Executive Summary,complex,conceptual,1.67,0.30
3472,20,S20,Systems Archetypes,3,R3,Abductive Reasoning,10,P10,White Paper,complex,conceptual,2.00,0.33
3473,20,S20,Systems Archetypes,3,R3,Abductive Reasoning,14,P14,FAQ,complex,conceptual,1.67,0.30
3474,20,S20,Systems Archetypes,3,R3,Abductive Reasoning,25,P25,Mind Map,complex,conceptual,1.67,0.30
3475,20,S20,Systems Archetypes,3,R3,Abductive Reasoning,28,P28,Slide Deck,complex,conceptual,1.67,0.30
3476,20,S20,Systems Archetypes,3,R3,Abductive Reasoning,36,P36,Metaphorical Explanation,complex,conceptual,2.00,0.33
3477,20,S20,Systems Archetypes,8,R8,Design Thinking,5,P5,Checklist,complex,sequential,1.67,0.33
3478,20,S20,Systems Archetypes,8,R8,Design Thinking,6,P6,Memo,complex,qualitative,1.67,0.30
3479,20,S20,Systems Archetypes,8,R8,Design Thinking,8,P8,Technical Report,complex,qualitative; sequential,2.00,0.30
3480,20,S20,Systems Archetypes,8,R8,Design Thinking,10,P10,White Paper,complex,qualitative,2.00,0.33
3481,20,S20,Systems Archetypes,8,R8,Design Thinking,11,P11,Academic Paper,complex,qualitative,2.33,0.33
3482,20,S20,Systems Archetypes,8,R8,Design Thinking,12,P12,Case Study,complex,qualitative,2.00,0.33
3483,20,S20,Systems Archetypes,8,R8,Design Thinking,13,P13,Tutorial,complex,sequential,1.67,0.33
3484,20,S20,Systems Archetypes,8,R8,Design Thinking,15,P15,Dialogue,complex,qualitative,2.00,0.33
3485,20,S20,Systems Archetypes,8,R8,Design Thinking,19,P19,Flowchart,complex,sequential,1.67,0.30
3486,20,S20,Systems Archetypes,8,R8,Design Thinking,20,P20,Gantt Chart,complex,sequential,1.67,0.37
3487,20,S20,Systems Archetypes,8,R8,Design Thinking,26,P26,Timeline,complex,sequential,1.67,0.30
3488,20,S20,Systems Archetypes,8,R8,Design Thinking,32,P32,Annotated Code,complex,sequential,2.00,0.43
3489,20,S20,Systems Archetypes,8,R8,Design Thinking,33,P33,Narrative Synthesis,complex,qualitative,2.00,0.30
3490,20,S20,Systems Archetypes,8,R8,Design Thinking,35,P35,Dialogue Format,complex,qualitative,2.00,0.33
3491,20,S20,Systems Archetypes,9,R9,OODA Loop,5,P5,Checklist,complex,sequential,1.67,0.37
3492,20,S20,Systems Archetypes,9,R9,OODA Loop,8,P8,Technical Report,complex,sequential,2.00,0.33
3493,20,S20,Systems Archetypes,9,R9,OODA Loop,13,P13,Tutorial,complex,sequential,1.67,0.37
3494,20,S20,Systems Archetypes,9,R9,OODA Loop,19,P19,Flowchart,complex,sequential,1.67,0.33
3495,20,S20,Systems Archetypes,9,R9,OODA Loop,20,P20,Gantt Chart,complex,sequential,1.67,0.40
3496,20,S20,Systems Archetypes,9,R9,OODA Loop,26,P26,Timeline,complex,sequential,1.67,0.33
3497,20,S20,Systems Archetypes,9,R9,OODA Loop,32,P32,Annotated Code,complex,sequential,2.00,0.47
3498,20,S20,Systems Archetypes,12,R12,Scientific Method,5,P5,Checklist,complex,sequential,1.67,0.30
3499,20,S20,Systems Archetypes,12,R12,Scientific Method,8,P8,Technical Report,complex,sequential,2.00,0.27
3500,20,S20,Systems Archetypes,12,R12,Scientific Method,13,P13,Tutorial,complex,sequential,1.67,0.30
3501,20,S20,Systems Archetypes,12,R12,Scientific Method,19,P19,Flowchart,complex,sequential,1.67,0.27
3502,20,S20,Systems Archetypes,12,R12,Scientific Method,20,P20,Gantt Chart,complex,sequential,1.67,0.33
3503,20,S20,Systems Archetypes,12,R12,Scientific Method,26,P26,Timeline,complex,sequential,1.67,0.27
3504,20,S20,Systems Archetypes,12,R12,Scientific Method,32,P32,Annotated Code,complex,sequential,2.00,0.40
3505,20,S20,Systems Archetypes,15,R15,Naturalistic Decision-Making,6,P6,Memo,complex,qualitative,1.67,0.33
3506,20,S20,Systems Archetypes,15,R15,Naturalistic Decision-Making,8,P8,Technical Report,complex,qualitative,2.00,0.33
3507,20,S20,Systems Archetypes,15,R15,Naturalistic Decision-Making,10,P10,White Paper,complex,qualitative,2.00,0.37
3508,20,S20,Systems Archetypes,15,R15,Naturalistic Decision-Making,11,P11,Academic Paper,complex,qualitative,2.33,0.37
3509,20,S20,Systems Archetypes,15,R15,Naturalistic Decision-Making,12,P12,Case Study,complex,qualitative,2.00,0.37
3510,20,S20,Systems Archetypes,15,R15,Naturalistic Decision-Making,15,P15,Dialogue,complex,qualitative,2.00,0.37
3511,20,S20,Systems Archetypes,15,R15,Naturalistic Decision-Making,33,P33,Narrative Synthesis,complex,qualitative,2.00,0.33
3512,20,S20,Systems Archetypes,15,R15,Naturalistic Decision-Making,35,P35,Dialogue Format,complex,qualitative,2.00,0.37
3513,20,S20,Systems Archetypes,16,R16,Intuitive Decision-Making,6,P6,Memo,complex,qualitative,1.33,0.30
3514,20,S20,Systems Archetypes,16,R16,Intuitive Decision-Making,8,P8,Technical Report,complex,qualitative,1.67,0.30
3515,20,S20,Systems Archetypes,16,R16,Intuitive Decision-Making,10,P10,White Paper,complex,qualitative,1.67,0.33
3516,20,S20,Systems Archetypes,16,R16,Intuitive Decision-Making,11,P11,Academic Paper,complex,qualitative,2.00,0.33
3517,20,S20,Systems Archetypes,16,R16,Intuitive Decision-Making,12,P12,Case Study,complex,qualitative,1.67,0.33
3518,20,S20,Systems Archetypes,16,R16,Intuitive Decision-Making,15,P15,Dialogue,complex,qualitative,1.67,0.33
3519,20,S20,Systems Archetypes,16,R16,Intuitive Decision-Making,33,P33,Narrative Synthesis,complex,qualitative,1.67,0.30
3520,20,S20,Systems Archetypes,16,R16,Intuitive Decision-Making,35,P35,Dialogue Format,complex,qualitative,1.67,0.33
3521,20,S20,Systems Archetypes,20,R20,Sensitivity Analysis,8,P8,Technical Report,complex,quantitative,2.00,0.30
3522,20,S20,Systems Archetypes,20,R20,Sensitivity Analysis,11,P11,Academic Paper,complex,quantitative,2.33,0.33
3523,20,S20,Systems Archetypes,20,R20,Sensitivity Analysis,17,P17,Decision Matrix,complex,quantitative,1.67,0.33
3524,20,S20,Systems Archetypes,20,R20,Sensitivity Analysis,21,P21,Dashboard,complex,quantitative,2.00,0.33
3525,20,S20,Systems Archetypes,20,R20,Sensitivity Analysis,29,P29,Interactive Visualization,complex,quantitative,2.33,0.37
3526,20,S20,Systems Archetypes,20,R20,Sensitivity Analysis,31,P31,Simulation,complex,quantitative,2.33,0.40
3527,20,S20,Systems Archetypes,21,R21,Analogical Reasoning,1,P1,Cornell Notes,complex,conceptual,1.67,0.33
3528,20,S20,Systems Archetypes,21,R21,Analogical Reasoning,2,P2,SQ3R,complex,conceptual,1.67,0.37
3529,20,S20,Systems Archetypes,21,R21,Analogical Reasoning,3,P3,CODE (Second Brain),complex,conceptual,2.00,0.33
3530,20,S20,Systems Archetypes,21,R21,Analogical Reasoning,4,P4,Progressive Summarization,complex,conceptual,2.00,0.33
3531,20,S20,Systems Archetypes,21,R21,Analogical Reasoning,6,P6,Memo,complex,conceptual,1.67,0.27
3532,20,S20,Systems Archetypes,21,R21,Analogical Reasoning,7,P7,Executive Summary,complex,conceptual,1.67,0.27
3533,20,S20,Systems Archetypes,21,R21,Analogical Reasoning,10,P10,White Paper,complex,conceptual,2.00,0.30
3534,20,S20,Systems Archetypes,21,R21,Analogical Reasoning,14,P14,FAQ,complex,conceptual,1.67,0.27
3535,20,S20,Systems Archetypes,21,R21,Analogical Reasoning,25,P25,Mind Map,complex,conceptual,1.67,0.27
3536,20,S20,Systems Archetypes,21,R21,Analogical Reasoning,28,P28,Slide Deck,complex,conceptual,1.67,0.27
3537,20,S20,Systems Archetypes,21,R21,Analogical Reasoning,36,P36,Metaphorical Explanation,complex,conceptual,2.00,0.30
3538,20,S20,Systems Archetypes,24,R24,Scenario Planning,5,P5,Checklist,complex,sequential,1.67,0.33
3539,20,S20,Systems Archetypes,24,R24,Scenario Planning,6,P6,Memo,complex,narrative,1.67,0.30
3540,20,S20,Systems Archetypes,24,R24,Scenario Planning,8,P8,Technical Report,complex,sequential,2.00,0.30
3541,20,S20,Systems Archetypes,24,R24,Scenario Planning,9,P9,Policy Brief,complex,narrative,2.00,0.37
3542,20,S20,Systems Archetypes,24,R24,Scenario Planning,12,P12,Case Study,complex,narrative,2.00,0.33
3543,20,S20,Systems Archetypes,24,R24,Scenario Planning,13,P13,Tutorial,complex,sequential,1.67,0.33
3544,20,S20,Systems Archetypes,24,R24,Scenario Planning,15,P15,Dialogue,complex,narrative,2.00,0.33
3545,20,S20,Systems Archetypes,24,R24,Scenario Planning,19,P19,Flowchart,complex,sequential,1.67,0.30
3546,20,S20,Systems Archetypes,24,R24,Scenario Planning,20,P20,Gantt Chart,complex,sequential,1.67,0.37
3547,20,S20,Systems Archetypes,24,R24,Scenario Planning,22,P22,Infographic,complex,narrative,1.67,0.33
3548,20,S20,Systems Archetypes,24,R24,Scenario Planning,26,P26,Timeline,complex,sequential,1.67,0.30
3549,20,S20,Systems Archetypes,24,R24,Scenario Planning,28,P28,Slide Deck,complex,narrative,1.67,0.30
3550,20,S20,Systems Archetypes,24,R24,Scenario Planning,30,P30,Video,complex,narrative,2.00,0.33
3551,20,S20,Systems Archetypes,24,R24,Scenario Planning,32,P32,Annotated Code,complex,sequential,2.00,0.43
3552,20,S20,Systems Archetypes,24,R24,Scenario Planning,33,P33,Narrative Synthesis,complex,narrative,2.00,0.30
3553,20,S20,Systems Archetypes,24,R24,Scenario Planning,34,P34,Scenario Narrative,complex,narrative,2.00,0.33
3554,20,S20,Systems Archetypes,24,R24,Scenario Planning,35,P35,Dialogue Format,complex,narrative,2.00,0.33
3555,20,S20,Systems Archetypes,24,R24,Scenario Planning,36,P36,Metaphorical Explanation,complex,narrative,2.00,0.33
3556,20,S20,Systems Archetypes,25,R25,Counterfactual Analysis,6,P6,Memo,complex,narrative,1.67,0.30
3557,20,S20,Systems Archetypes,25,R25,Counterfactual Analysis,9,P9,Policy Brief,complex,narrative,2.00,0.37
3558,20,S20,Systems Archetypes,25,R25,Counterfactual Analysis,12,P12,Case Study,complex,narrative,2.00,0.33
3559,20,S20,Systems Archetypes,25,R25,Counterfactual Analysis,15,P15,Dialogue,complex,narrative,2.00,0.33
3560,20,S20,Systems Archetypes,25,R25,Counterfactual Analysis,22,P22,Infographic,complex,narrative,1.67,0.33
3561,20,S20,Systems Archetypes,25,R25,Counterfactual Analysis,28,P28,Slide Deck,complex,narrative,1.67,0.30
3562,20,S20,Systems Archetypes,25,R25,Counterfactual Analysis,30,P30,Video,complex,narrative,2.00,0.33
3563,20,S20,Systems Archetypes,25,R25,Counterfactual Analysis,33,P33,Narrative Synthesis,complex,narrative,2.00,0.30
3564,20,S20,Systems Archetypes,25,R25,Counterfactual Analysis,34,P34,Scenario Narrative,complex,narrative,2.00,0.33
3565,20,S20,Systems Archetypes,25,R25,Counterfactual Analysis,35,P35,Dialogue Format,complex,narrative,2.00,0.33
3566,20,S20,Systems Archetypes,25,R25,Counterfactual Analysis,36,P36,Metaphorical Explanation,complex,narrative,2.00,0.33
3567,20,S20,Systems Archetypes,26,R26,Pre-mortem Analysis,6,P6,Memo,complex,qualitative,1.67,0.27
3568,20,S20,Systems Archetypes,26,R26,Pre-mortem Analysis,8,P8,Technical Report,complex,qualitative,2.00,0.27
3569,20,S20,Systems Archetypes,26,R26,Pre-mortem Analysis,10,P10,White Paper,complex,qualitative,2.00,0.30
3570,20,S20,Systems Archetypes,26,R26,Pre-mortem Analysis,11,P11,Academic Paper,complex,qualitative,2.33,0.30
3571,20,S20,Systems Archetypes,26,R26,Pre-mortem Analysis,12,P12,Case Study,complex,qualitative,2.00,0.30
3572,20,S20,Systems Archetypes,26,R26,Pre-mortem Analysis,15,P15,Dialogue,complex,qualitative,2.00,0.30
3573,20,S20,Systems Archetypes,26,R26,Pre-mortem Analysis,33,P33,Narrative Synthesis,complex,qualitative,2.00,0.27
3574,20,S20,Systems Archetypes,26,R26,Pre-mortem Analysis,35,P35,Dialogue Format,complex,qualitative,2.00,0.30
3575,20,S20,Systems Archetypes,28,R28,Red Team/Blue Team,7,P7,Executive Summary,complex,comparative,1.67,0.33
3576,20,S20,Systems Archetypes,28,R28,Red Team/Blue Team,9,P9,Policy Brief,complex,comparative,2.00,0.40
3577,20,S20,Systems Archetypes,28,R28,Red Team/Blue Team,16,P16,Comparative Table,complex,comparative,1.67,0.33
3578,20,S20,Systems Archetypes,28,R28,Red Team/Blue Team,17,P17,Decision Matrix,complex,comparative,1.67,0.37
3579,20,S20,Systems Archetypes,31,R31,Critical Thinking,6,P6,Memo,complex,qualitative,1.67,0.27
3580,20,S20,Systems Archetypes,31,R31,Critical Thinking,8,P8,Technical Report,complex,qualitative,2.00,0.27
3581,20,S20,Systems Archetypes,31,R31,Critical Thinking,10,P10,White Paper,complex,qualitative,2.00,0.30
3582,20,S20,Systems Archetypes,31,R31,Critical Thinking,11,P11,Academic Paper,complex,qualitative,2.33,0.30
3583,20,S20,Systems Archetypes,31,R31,Critical Thinking,12,P12,Case Study,complex,qualitative,2.00,0.30
3584,20,S20,Systems Archetypes,31,R31,Critical Thinking,15,P15,Dialogue,complex,qualitative,2.00,0.30
3585,20,S20,Systems Archetypes,31,R31,Critical Thinking,33,P33,Narrative Synthesis,complex,qualitative,2.00,0.27
3586,20,S20,Systems Archetypes,31,R31,Critical Thinking,35,P35,Dialogue Format,complex,qualitative,2.00,0.30
3587,20,S20,Systems Archetypes,36,R36,Delphi Method,6,P6,Memo,complex,qualitative,1.67,0.33
3588,20,S20,Systems Archetypes,36,R36,Delphi Method,8,P8,Technical Report,complex,qualitative,2.00,0.33
3589,20,S20,Systems Archetypes,36,R36,Delphi Method,10,P10,White Paper,complex,qualitative,2.00,0.37
3590,20,S20,Systems Archetypes,36,R36,Delphi Method,11,P11,Academic Paper,complex,qualitative,2.33,0.37
3591,20,S20,Systems Archetypes,36,R36,Delphi Method,12,P12,Case Study,complex,qualitative,2.00,0.37
3592,20,S20,Systems Archetypes,36,R36,Delphi Method,15,P15,Dialogue,complex,qualitative,2.00,0.37
3593,20,S20,Systems Archetypes,36,R36,Delphi Method,33,P33,Narrative Synthesis,complex,qualitative,2.00,0.33
3594,20,S20,Systems Archetypes,36,R36,Delphi Method,35,P35,Dialogue Format,complex,qualitative,2.00,0.37
3595,20,S20,Systems Archetypes,38,R38,Six Thinking Hats,6,P6,Memo,complex,qualitative,1.33,0.30
3596,20,S20,Systems Archetypes,38,R38,Six Thinking Hats,8,P8,Technical Report,complex,qualitative,1.67,0.30
3597,20,S20,Systems Archetypes,38,R38,Six Thinking Hats,10,P10,White Paper,complex,qualitative,1.67,0.33
3598,20,S20,Systems Archetypes,38,R38,Six Thinking Hats,11,P11,Academic Paper,complex,qualitative,2.00,0.33
3599,20,S20,Systems Archetypes,38,R38,Six Thinking Hats,12,P12,Case Study,complex,qualitative,1.67,0.33
3600,20,S20,Systems Archetypes,38,R38,Six Thinking Hats,15,P15,Dialogue,complex,qualitative,1.67,0.33
3601,20,S20,Systems Archetypes,38,R38,Six Thinking Hats,33,P33,Narrative Synthesis,complex,qualitative,1.67,0.30
3602,20,S20,Systems Archetypes,38,R38,Six Thinking Hats,35,P35,Dialogue Format,complex,qualitative,1.67,0.33
3603,21,S21,IBIS,8,R8,Design Thinking,5,P5,Checklist,wicked,sequential,1.67,0.33
3604,21,S21,IBIS,8,R8,Design Thinking,6,P6,Memo,wicked,qualitative,1.67,0.30
3605,21,S21,IBIS,8,R8,Design Thinking,8,P8,Technical Report,wicked,qualitative; sequential,2.00,0.30
3606,21,S21,IBIS,8,R8,Design Thinking,10,P10,White Paper,wicked,qualitative,2.00,0.33
3607,21,S21,IBIS,8,R8,Design Thinking,11,P11,Academic Paper,wicked,qualitative,2.33,0.33
3608,21,S21,IBIS,8,R8,Design Thinking,12,P12,Case Study,wicked,qualitative,2.00,0.33
3609,21,S21,IBIS,8,R8,Design Thinking,13,P13,Tutorial,wicked,sequential,1.67,0.33
3610,21,S21,IBIS,8,R8,Design Thinking,15,P15,Dialogue,wicked,qualitative,2.00,0.33
3611,21,S21,IBIS,8,R8,Design Thinking,19,P19,Flowchart,wicked,sequential,1.67,0.30
3612,21,S21,IBIS,8,R8,Design Thinking,20,P20,Gantt Chart,wicked,sequential,1.67,0.37
3613,21,S21,IBIS,8,R8,Design Thinking,26,P26,Timeline,wicked,sequential,1.67,0.30
3614,21,S21,IBIS,8,R8,Design Thinking,32,P32,Annotated Code,wicked,sequential,2.00,0.43
3615,21,S21,IBIS,8,R8,Design Thinking,33,P33,Narrative Synthesis,wicked,qualitative,2.00,0.30
3616,21,S21,IBIS,8,R8,Design Thinking,35,P35,Dialogue Format,wicked,qualitative,2.00,0.33
3617,21,S21,IBIS,30,R30,Dialectical Reasoning,6,P6,Memo,wicked,qualitative,1.67,0.30
3618,21,S21,IBIS,30,R30,Dialectical Reasoning,8,P8,Technical Report,wicked,qualitative,2.00,0.30
3619,21,S21,IBIS,30,R30,Dialectical Reasoning,10,P10,White Paper,wicked,qualitative,2.00,0.33
3620,21,S21,IBIS,30,R30,Dialectical Reasoning,11,P11,Academic Paper,wicked,qualitative,2.33,0.33
3621,21,S21,IBIS,30,R30,Dialectical Reasoning,12,P12,Case Study,wicked,qualitative,2.00,0.33
3622,21,S21,IBIS,30,R30,Dialectical Reasoning,15,P15,Dialogue,wicked,qualitative,2.00,0.33
3623,21,S21,IBIS,30,R30,Dialectical Reasoning,33,P33,Narrative Synthesis,wicked,qualitative,2.00,0.30
3624,21,S21,IBIS,30,R30,Dialectical Reasoning,35,P35,Dialogue Format,wicked,qualitative,2.00,0.33
3625,22,S22,Rich Pictures,8,R8,Design Thinking,5,P5,Checklist,wicked,sequential,1.33,0.30
3626,22,S22,Rich Pictures,8,R8,Design Thinking,6,P6,Memo,wicked,qualitative,1.33,0.27
3627,22,S22,Rich Pictures,8,R8,Design Thinking,8,P8,Technical Report,wicked,qualitative; sequential,1.67,0.27
3628,22,S22,Rich Pictures,8,R8,Design Thinking,10,P10,White Paper,wicked,qualitative,1.67,0.30
3629,22,S22,Rich Pictures,8,R8,Design Thinking,11,P11,Academic Paper,wicked,qualitative,2.00,0.30
3630,22,S22,Rich Pictures,8,R8,Design Thinking,12,P12,Case Study,wicked,qualitative,1.67,0.30
3631,22,S22,Rich Pictures,8,R8,Design Thinking,13,P13,Tutorial,wicked,sequential,1.33,0.30
3632,22,S22,Rich Pictures,8,R8,Design Thinking,15,P15,Dialogue,wicked,qualitative,1.67,0.30
3633,22,S22,Rich Pictures,8,R8,Design Thinking,19,P19,Flowchart,wicked,sequential,1.33,0.27
3634,22,S22,Rich Pictures,8,R8,Design Thinking,20,P20,Gantt Chart,wicked,sequential,1.33,0.33
3635,22,S22,Rich Pictures,8,R8,Design Thinking,26,P26,Timeline,wicked,sequential,1.33,0.27
3636,22,S22,Rich Pictures,8,R8,Design Thinking,32,P32,Annotated Code,wicked,sequential,1.67,0.40
3637,22,S22,Rich Pictures,8,R8,Design Thinking,33,P33,Narrative Synthesis,wicked,qualitative,1.67,0.27
3638,22,S22,Rich Pictures,8,R8,Design Thinking,35,P35,Dialogue Format,wicked,qualitative,1.67,0.30
3639,22,S22,Rich Pictures,30,R30,Dialectical Reasoning,6,P6,Memo,wicked,qualitative,1.33,0.27
3640,22,S22,Rich Pictures,30,R30,Dialectical Reasoning,8,P8,Technical Report,wicked,qualitative,1.67,0.27
3641,22,S22,Rich Pictures,30,R30,Dialectical Reasoning,10,P10,White Paper,wicked,qualitative,1.67,0.30
3642,22,S22,Rich Pictures,30,R30,Dialectical Reasoning,11,P11,Academic Paper,wicked,qualitative,2.00,0.30
3643,22,S22,Rich Pictures,30,R30,Dialectical Reasoning,12,P12,Case Study,wicked,qualitative,1.67,0.30
3644,22,S22,Rich Pictures,30,R30,Dialectical Reasoning,15,P15,Dialogue,wicked,qualitative,1.67,0.30
3645,22,S22,Rich Pictures,30,R30,Dialectical Reasoning,33,P33,Narrative Synthesis,wicked,qualitative,1.67,0.27
3646,22,S22,Rich Pictures,30,R30,Dialectical Reasoning,35,P35,Dialogue Format,wicked,qualitative,1.67,0.30
3647,23,S23,Boundary Critique,8,R8,Design Thinking,5,P5,Checklist,wicked,sequential,1.67,0.37
3648,23,S23,Boundary Critique,8,R8,Design Thinking,6,P6,Memo,wicked,qualitative,1.67,0.33
3649,23,S23,Boundary Critique,8,R8,Design Thinking,8,P8,Technical Report,wicked,qualitative; sequential,2.00,0.33
3650,23,S23,Boundary Critique,8,R8,Design Thinking,10,P10,White Paper,wicked,qualitative,2.00,0.37
3651,23,S23,Boundary Critique,8,R8,Design Thinking,11,P11,Academic Paper,wicked,qualitative,2.33,0.37
3652,23,S23,Boundary Critique,8,R8,Design Thinking,12,P12,Case Study,wicked,qualitative,2.00,0.37
3653,23,S23,Boundary Critique,8,R8,Design Thinking,13,P13,Tutorial,wicked,sequential,1.67,0.37
3654,23,S23,Boundary Critique,8,R8,Design Thinking,15,P15,Dialogue,wicked,qualitative,2.00,0.37
3655,23,S23,Boundary Critique,8,R8,Design Thinking,19,P19,Flowchart,wicked,sequential,1.67,0.33
3656,23,S23,Boundary Critique,8,R8,Design Thinking,20,P20,Gantt Chart,wicked,sequential,1.67,0.40
3657,23,S23,Boundary Critique,8,R8,Design Thinking,26,P26,Timeline,wicked,sequential,1.67,0.33
3658,23,S23,Boundary Critique,8,R8,Design Thinking,32,P32,Annotated Code,wicked,sequential,2.00,0.47
3659,23,S23,Boundary Critique,8,R8,Design Thinking,33,P33,Narrative Synthesis,wicked,qualitative,2.00,0.33
3660,23,S23,Boundary Critique,8,R8,Design Thinking,35,P35,Dialogue Format,wicked,qualitative,2.00,0.37
3661,23,S23,Boundary Critique,30,R30,Dialectical Reasoning,6,P6,Memo,wicked,qualitative,1.67,0.33
3662,23,S23,Boundary Critique,30,R30,Dialectical Reasoning,8,P8,Technical Report,wicked,qualitative,2.00,0.33
3663,23,S23,Boundary Critique,30,R30,Dialectical Reasoning,10,P10,White Paper,wicked,qualitative,2.00,0.37
3664,23,S23,Boundary Critique,30,R30,Dialectical Reasoning,11,P11,Academic Paper,wicked,qualitative,2.33,0.37
3665,23,S23,Boundary Critique,30,R30,Dialectical Reasoning,12,P12,Case Study,wicked,qualitative,2.00,0.37
3666,23,S23,Boundary Critique,30,R30,Dialectical Reasoning,15,P15,Dialogue,wicked,qualitative,2.00,0.37
3667,23,S23,Boundary Critique,30,R30,Dialectical Reasoning,33,P33,Narrative Synthesis,wicked,qualitative,2.00,0.33
3668,23,S23,Boundary Critique,30,R30,Dialectical Reasoning,35,P35,Dialogue Format,wicked,qualitative,2.00,0.37
3669,24,S24,Leverage Points,3,R3,Abductive Reasoning,1,P1,Cornell Notes,complex,conceptual,1.67,0.37
3670,24,S24,Leverage Points,3,R3,Abductive Reasoning,2,P2,SQ3R,complex,conceptual,1.67,0.40
3671,24,S24,Leverage Points,3,R3,Abductive Reasoning,3,P3,CODE (Second Brain),complex,conceptual,2.00,0.37
3672,24,S24,Leverage Points,3,R3,Abductive Reasoning,4,P4,Progressive Summarization,complex,conceptual,2.00,0.37
3673,24,S24,Leverage Points,3,R3,Abductive Reasoning,6,P6,Memo,complex,conceptual,1.67,0.30
3674,24,S24,Leverage Points,3,R3,Abductive Reasoning,7,P7,Executive Summary,complex,conceptual,1.67,0.30
3675,24,S24,Leverage Points,3,R3,Abductive Reasoning,10,P10,White Paper,complex,conceptual,2.00,0.33
3676,24,S24,Leverage Points,3,R3,Abductive Reasoning,14,P14,FAQ,complex,conceptual,1.67,0.30
3677,24,S24,Leverage Points,3,R3,Abductive Reasoning,25,P25,Mind Map,complex,conceptual,1.67,0.30
3678,24,S24,Leverage Points,3,R3,Abductive Reasoning,28,P28,Slide Deck,complex,conceptual,1.67,0.30
3679,24,S24,Leverage Points,3,R3,Abductive Reasoning,36,P36,Metaphorical Explanation,complex,conceptual,2.00,0.33
3680,24,S24,Leverage Points,8,R8,Design Thinking,5,P5,Checklist,complex,sequential,1.67,0.33
3681,24,S24,Leverage Points,8,R8,Design Thinking,6,P6,Memo,complex,qualitative,1.67,0.30
3682,24,S24,Leverage Points,8,R8,Design Thinking,8,P8,Technical Report,complex,qualitative; sequential,2.00,0.30
3683,24,S24,Leverage Points,8,R8,Design Thinking,10,P10,White Paper,complex,qualitative,2.00,0.33
3684,24,S24,Leverage Points,8,R8,Design Thinking,11,P11,Academic Paper,complex,qualitative,2.33,0.33
3685,24,S24,Leverage Points,8,R8,Design Thinking,12,P12,Case Study,complex,qualitative,2.00,0.33
3686,24,S24,Leverage Points,8,R8,Design Thinking,13,P13,Tutorial,complex,sequential,1.67,0.33
3687,24,S24,Leverage Points,8,R8,Design Thinking,15,P15,Dialogue,complex,qualitative,2.00,0.33
3688,24,S24,Leverage Points,8,R8,Design Thinking,19,P19,Flowchart,complex,sequential,1.67,0.30
3689,24,S24,Leverage Points,8,R8,Design Thinking,20,P20,Gantt Chart,complex,sequential,1.67,0.37
3690,24,S24,Leverage Points,8,R8,Design Thinking,26,P26,Timeline,complex,sequential,1.67,0.30
3691,24,S24,Leverage Points,8,R8,Design Thinking,32,P32,Annotated Code,complex,sequential,2.00,0.43
3692,24,S24,Leverage Points,8,R8,Design Thinking,33,P33,Narrative Synthesis,complex,qualitative,2.00,0.30
3693,24,S24,Leverage Points,8,R8,Design Thinking,35,P35,Dialogue Format,complex,qualitative,2.00,0.33
3694,24,S24,Leverage Points,9,R9,OODA Loop,5,P5,Checklist,complex,sequential,1.67,0.37
3695,24,S24,Leverage Points,9,R9,OODA Loop,8,P8,Technical Report,complex,sequential,2.00,0.33
3696,24,S24,Leverage Points,9,R9,OODA Loop,13,P13,Tutorial,complex,sequential,1.67,0.37
3697,24,S24,Leverage Points,9,R9,OODA Loop,19,P19,Flowchart,complex,sequential,1.67,0.33
3698,24,S24,Leverage Points,9,R9,OODA Loop,20,P20,Gantt Chart,complex,sequential,1.67,0.40
3699,24,S24,Leverage Points,9,R9,OODA Loop,26,P26,Timeline,complex,sequential,1.67,0.33
3700,24,S24,Leverage Points,9,R9,OODA Loop,32,P32,Annotated Code,complex,sequential,2.00,0.47
3701,24,S24,Leverage Points,12,R12,Scientific Method,5,P5,Checklist,complex,sequential,1.67,0.30
3702,24,S24,Leverage Points,12,R12,Scientific Method,8,P8,Technical Report,complex,sequential,2.00,0.27
3703,24,S24,Leverage Points,12,R12,Scientific Method,13,P13,Tutorial,complex,sequential,1.67,0.30
3704,24,S24,Leverage Points,12,R12,Scientific Method,19,P19,Flowchart,complex,sequential,1.67,0.27
3705,24,S24,Leverage Points,12,R12,Scientific Method,20,P20,Gantt Chart,complex,sequential,1.67,0.33
3706,24,S24,Leverage Points,12,R12,Scientific Method,26,P26,Timeline,complex,sequential,1.67,0.27
3707,24,S24,Leverage Points,12,R12,Scientific Method,32,P32,Annotated Code,complex,sequential,2.00,0.40
3708,24,S24,Leverage Points,15,R15,Naturalistic Decision-Making,6,P6,Memo,complex,qualitative,1.67,0.33
3709,24,S24,Leverage Points,15,R15,Naturalistic Decision-Making,8,P8,Technical Report,complex,qualitative,2.00,0.33
3710,24,S24,Leverage Points,15,R15,Naturalistic Decision-Making,10,P10,White Paper,complex,qualitative,2.00,0.37
3711,24,S24,Leverage Points,15,R15,Naturalistic Decision-Making,11,P11,Academic Paper,complex,qualitative,2.33,0.37
3712,24,S24,Leverage Points,15,R15,Naturalistic Decision-Making,12,P12,Case Study,complex,qualitative,2.00,0.37
3713,24,S24,Leverage Points,15,R15,Naturalistic Decision-Making,15,P15,Dialogue,complex,qualitative,2.00,0.37
3714,24,S24,Leverage Points,15,R15,Naturalistic Decision-Making,33,P33,Narrative Synthesis,complex,qualitative,2.00,0.33
3715,24,S24,Leverage Points,15,R15,Naturalistic Decision-Making,35,P35,Dialogue Format,complex,qualitative,2.00,0.37
3716,24,S24,Leverage Points,16,R16,Intuitive Decision-Making,6,P6,Memo,complex,qualitative,1.33,0.30
3717,24,S24,Leverage Points,16,R16,Intuitive Decision-Making,8,P8,Technical Report,complex,qualitative,1.67,0.30
3718,24,S24,Leverage Points,16,R16,Intuitive Decision-Making,10,P10,White Paper,complex,qualitative,1.67,0.33
3719,24,S24,Leverage Points,16,R16,Intuitive Decision-Making,11,P11,Academic Paper,complex,qualitative,2.00,0.33
3720,24,S24,Leverage Points,16,R16,Intuitive Decision-Making,12,P12,Case Study,complex,qualitative,1.67,0.33
3721,24,S24,Leverage Points,16,R16,Intuitive Decision-Making,15,P15,Dialogue,complex,qualitative,1.67,0.33
3722,24,S24,Leverage Points,16,R16,Intuitive Decision-Making,33,P33,Narrative Synthesis,complex,qualitative,1.67,0.30
3723,24,S24,Leverage Points,16,R16,Intuitive Decision-Making,35,P35,Dialogue Format,complex,qualitative,1.67,0.33
3724,24,S24,Leverage Points,20,R20,Sensitivity Analysis,8,P8,Technical Report,complex,quantitative,2.00,0.30
3725,24,S24,Leverage Points,20,R20,Sensitivity Analysis,11,P11,Academic Paper,complex,quantitative,2.33,0.33
3726,24,S24,Leverage Points,20,R20,Sensitivity Analysis,17,P17,Decision Matrix,complex,quantitative,1.67,0.33
3727,24,S24,Leverage Points,20,R20,Sensitivity Analysis,21,P21,Dashboard,complex,quantitative,2.00,0.33
3728,24,S24,Leverage Points,20,R20,Sensitivity Analysis,29,P29,Interactive Visualization,complex,quantitative,2.33,0.37
3729,24,S24,Leverage Points,20,R20,Sensitivity Analysis,31,P31,Simulation,complex,quantitative,2.33,0.40
3730,24,S24,Leverage Points,21,R21,Analogical Reasoning,1,P1,Cornell Notes,complex,conceptual,1.67,0.33
3731,24,S24,Leverage Points,21,R21,Analogical Reasoning,2,P2,SQ3R,complex,conceptual,1.67,0.37
3732,24,S24,Leverage Points,21,R21,Analogical Reasoning,3,P3,CODE (Second Brain),complex,conceptual,2.00,0.33
3733,24,S24,Leverage Points,21,R21,Analogical Reasoning,4,P4,Progressive Summarization,complex,conceptual,2.00,0.33
3734,24,S24,Leverage Points,21,R21,Analogical Reasoning,6,P6,Memo,complex,conceptual,1.67,0.27
3735,24,S24,Leverage Points,21,R21,Analogical Reasoning,7,P7,Executive Summary,complex,conceptual,1.67,0.27
3736,24,S24,Leverage Points,21,R21,Analogical Reasoning,10,P10,White Paper,complex,conceptual,2.00,0.30
3737,24,S24,Leverage Points,21,R21,Analogical Reasoning,14,P14,FAQ,complex,conceptual,1.67,0.27
3738,24,S24,Leverage Points,21,R21,Analogical Reasoning,25,P25,Mind Map,complex,conceptual,1.67,0.27
3739,24,S24,Leverage Points,21,R21,Analogical Reasoning,28,P28,Slide Deck,complex,conceptual,1.67,0.27
3740,24,S24,Leverage Points,21,R21,Analogical Reasoning,36,P36,Metaphorical Explanation,complex,conceptual,2.00,0.30
3741,24,S24,Leverage Points,24,R24,Scenario Planning,5,P5,Checklist,complex,sequential,1.67,0.33
3742,24,S24,Leverage Points,24,R24,Scenario Planning,6,P6,Memo,complex,narrative,1.67,0.30
3743,24,S24,Leverage Points,24,R24,Scenario Planning,8,P8,Technical Report,complex,sequential,2.00,0.30
3744,24,S24,Leverage Points,24,R24,Scenario Planning,9,P9,Policy Brief,complex,narrative,2.00,0.37
3745,24,S24,Leverage Points,24,R24,Scenario Planning,12,P12,Case Study,complex,narrative,2.00,0.33
3746,24,S24,Leverage Points,24,R24,Scenario Planning,13,P13,Tutorial,complex,sequential,1.67,0.33
3747,24,S24,Leverage Points,24,R24,Scenario Planning,15,P15,Dialogue,complex,narrative,2.00,0.33
3748,24,S24,Leverage Points,24,R24,Scenario Planning,19,P19,Flowchart,complex,sequential,1.67,0.30
3749,24,S24,Leverage Points,24,R24,Scenario Planning,20,P20,Gantt Chart,complex,sequential,1.67,0.37
3750,24,S24,Leverage Points,24,R24,Scenario Planning,22,P22,Infographic,complex,narrative,1.67,0.33
3751,24,S24,Leverage Points,24,R24,Scenario Planning,26,P26,Timeline,complex,sequential,1.67,0.30
3752,24,S24,Leverage Points,24,R24,Scenario Planning,28,P28,Slide Deck,complex,narrative,1.67,0.30
3753,24,S24,Leverage Points,24,R24,Scenario Planning,30,P30,Video,complex,narrative,2.00,0.33
3754,24,S24,Leverage Points,24,R24,Scenario Planning,32,P32,Annotated Code,complex,sequential,2.00,0.43
3755,24,S24,Leverage Points,24,R24,Scenario Planning,33,P33,Narrative Synthesis,complex,narrative,2.00,0.30
3756,24,S24,Leverage Points,24,R24,Scenario Planning,34,P34,Scenario Narrative,complex,narrative,2.00,0.33
3757,24,S24,Leverage Points,24,R24,Scenario Planning,35,P35,Dialogue Format,complex,narrative,2.00,0.33
3758,24,S24,Leverage Points,24,R24,Scenario Planning,36,P36,Metaphorical Explanation,complex,narrative,2.00,0.33
3759,24,S24,Leverage Points,25,R25,Counterfactual Analysis,6,P6,Memo,complex,narrative,1.67,0.30
3760,24,S24,Leverage Points,25,R25,Counterfactual Analysis,9,P9,Policy Brief,complex,narrative,2.00,0.37
3761,24,S24,Leverage Points,25,R25,Counterfactual Analysis,12,P12,Case Study,complex,narrative,2.00,0.33
3762,24,S24,Leverage Points,25,R25,Counterfactual Analysis,15,P15,Dialogue,complex,narrative,2.00,0.33
3763,24,S24,Leverage Points,25,R25,Counterfactual Analysis,22,P22,Infographic,complex,narrative,1.67,0.33
3764,24,S24,Leverage Points,25,R25,Counterfactual Analysis,28,P28,Slide Deck,complex,narrative,1.67,0.30
3765,24,S24,Leverage Points,25,R25,Counterfactual Analysis,30,P30,Video,complex,narrative,2.00,0.33
3766,24,S24,Leverage Points,25,R25,Counterfactual Analysis,33,P33,Narrative Synthesis,complex,narrative,2.00,0.30
3767,24,S24,Leverage Points,25,R25,Counterfactual Analysis,34,P34,Scenario Narrative,complex,narrative,2.00,0.33
3768,24,S24,Leverage Points,25,R25,Counterfactual Analysis,35,P35,Dialogue Format,complex,narrative,2.00,0.33
3769,24,S24,Leverage Points,25,R25,Counterfactual Analysis,36,P36,Metaphorical Explanation,complex,narrative,2.00,0.33
3770,24,S24,Leverage Points,26,R26,Pre-mortem Analysis,6,P6,Memo,complex,qualitative,1.67,0.27
3771,24,S24,Leverage Points,26,R26,Pre-mortem Analysis,8,P8,Technical Report,complex,qualitative,2.00,0.27
3772,24,S24,Leverage Points,26,R26,Pre-mortem Analysis,10,P10,White Paper,complex,qualitative,2.00,0.30
3773,24,S24,Leverage Points,26,R26,Pre-mortem Analysis,11,P11,Academic Paper,complex,qualitative,2.33,0.30
3774,24,S24,Leverage Points,26,R26,Pre-mortem Analysis,12,P12,Case Study,complex,qualitative,2.00,0.30
3775,24,S24,Leverage Points,26,R26,Pre-mortem Analysis,15,P15,Dialogue,complex,qualitative,2.00,0.30
3776,24,S24,Leverage Points,26,R26,Pre-mortem Analysis,33,P33,Narrative Synthesis,complex,qualitative,2.00,0.27
3777,24,S24,Leverage Points,26,R26,Pre-mortem Analysis,35,P35,Dialogue Format,complex,qualitative,2.00,0.30
3778,24,S24,Leverage Points,28,R28,Red Team/Blue Team,7,P7,Executive Summary,complex,comparative,1.67,0.33
3779,24,S24,Leverage Points,28,R28,Red Team/Blue Team,9,P9,Policy Brief,complex,comparative,2.00,0.40
3780,24,S24,Leverage Points,28,R28,Red Team/Blue Team,16,P16,Comparative Table,complex,comparative,1.67,0.33
3781,24,S24,Leverage Points,28,R28,Red Team/Blue Team,17,P17,Decision Matrix,complex,comparative,1.67,0.37
3782,24,S24,Leverage Points,31,R31,Critical Thinking,6,P6,Memo,complex,qualitative,1.67,0.27
3783,24,S24,Leverage Points,31,R31,Critical Thinking,8,P8,Technical Report,complex,qualitative,2.00,0.27
3784,24,S24,Leverage Points,31,R31,Critical Thinking,10,P10,White Paper,complex,qualitative,2.00,0.30
3785,24,S24,Leverage Points,31,R31,Critical Thinking,11,P11,Academic Paper,complex,qualitative,2.33,0.30
3786,24,S24,Leverage Points,31,R31,Critical Thinking,12,P12,Case Study,complex,qualitative,2.00,0.30
3787,24,S24,Leverage Points,31,R31,Critical Thinking,15,P15,Dialogue,complex,qualitative,2.00,0.30
3788,24,S24,Leverage Points,31,R31,Critical Thinking,33,P33,Narrative Synthesis,complex,qualitative,2.00,0.27
3789,24,S24,Leverage Points,31,R31,Critical Thinking,35,P35,Dialogue Format,complex,qualitative,2.00,0.30
3790,24,S24,Leverage Points,36,R36,Delphi Method,6,P6,Memo,complex,qualitative,1.67,0.33
3791,24,S24,Leverage Points,36,R36,Delphi Method,8,P8,Technical Report,complex,qualitative,2.00,0.33
3792,24,S24,Leverage Points,36,R36,Delphi Method,10,P10,White Paper,complex,qualitative,2.00,0.37
3793,24,S24,Leverage Points,36,R36,Delphi Method,11,P11,Academic Paper,complex,qualitative,2.33,0.37
3794,24,S24,Leverage Points,36,R36,Delphi Method,12,P12,Case Study,complex,qualitative,2.00,0.37
3795,24,S24,Leverage Points,36,R36,Delphi Method,15,P15,Dialogue,complex,qualitative,2.00,0.37
3796,24,S24,Leverage Points,36,R36,Delphi Method,33,P33,Narrative Synthesis,complex,qualitative,2.00,0.33
3797,24,S24,Leverage Points,36,R36,Delphi Method,35,P35,Dialogue Format,complex,qualitative,2.00,0.37
3798,24,S24,Leverage Points,38,R38,Six Thinking Hats,6,P6,Memo,complex,qualitative,1.33,0.30
3799,24,S24,Leverage Points,38,R38,Six Thinking Hats,8,P8,Technical Report,complex,qualitative,1.67,0.30
3800,24,S24,Leverage Points,38,R38,Six Thinking Hats,10,P10,White Paper,complex,qualitative,1.67,0.33
3801,24,S24,Leverage Points,38,R38,Six Thinking Hats,11,P11,Academic Paper,complex,qualitative,2.00,0.33
3802,24,S24,Leverage Points,38,R38,Six Thinking Hats,12,P12,Case Study,complex,qualitative,1.67,0.33
3803,24,S24,Leverage Points,38,R38,Six Thinking Hats,15,P15,Dialogue,complex,qualitative,1.67,0.33
3804,24,S24,Leverage Points,38,R38,Six Thinking Hats,33,P33,Narrative Synthesis,complex,qualitative,1.67,0.30
3805,24,S24,Leverage Points,38,R38,Six Thinking Hats,35,P35,Dialogue Format,complex,qualitative,1.67,0.33
3806,25,S25,Problem Framing Canvas,1,R1,Deductive Reasoning,1,P1,Cornell Notes,complicated,conceptual,1.00,0.27
3807,25,S25,Problem Framing Canvas,1,R1,Deductive Reasoning,2,P2,SQ3R,complicated,conceptual,1.00,0.30
3808,25,S25,Problem Framing Canvas,1,R1,Deductive Reasoning,3,P3,CODE (Second Brain),complicated,conceptual,1.33,0.27
3809,25,S25,Problem Framing Canvas,1,R1,Deductive Reasoning,4,P4,Progressive Summarization,complicated,conceptual,1.33,0.27
3810,25,S25,Problem Framing Canvas,1,R1,Deductive Reasoning,6,P6,Memo,complicated,conceptual,1.00,0.20
3811,25,S25,Problem Framing Canvas,1,R1,Deductive Reasoning,7,P7,Executive Summary,complicated,conceptual,1.00,0.20
3812,25,S25,Problem Framing Canvas,1,R1,Deductive Reasoning,10,P10,White Paper,complicated,conceptual,1.33,0.23
3813,25,S25,Problem Framing Canvas,1,R1,Deductive Reasoning,14,P14,FAQ,complicated,conceptual,1.00,0.20
3814,25,S25,Problem Framing Canvas,1,R1,Deductive Reasoning,25,P25,Mind Map,complicated,conceptual,1.00,0.20
3815,25,S25,Problem Framing Canvas,1,R1,Deductive Reasoning,28,P28,Slide Deck,complicated,conceptual,1.00,0.20
3816,25,S25,Problem Framing Canvas,1,R1,Deductive Reasoning,36,P36,Metaphorical Explanation,complicated,conceptual,1.33,0.23
3817,25,S25,Problem Framing Canvas,2,R2,Inductive Reasoning,6,P6,Memo,complicated,qualitative,1.33,0.20
3818,25,S25,Problem Framing Canvas,2,R2,Inductive Reasoning,8,P8,Technical Report,complicated,qualitative,1.67,0.20
3819,25,S25,Problem Framing Canvas,2,R2,Inductive Reasoning,10,P10,White Paper,complicated,qualitative,1.67,0.23
3820,25,S25,Problem Framing Canvas,2,R2,Inductive Reasoning,11,P11,Academic Paper,complicated,qualitative,2.00,0.23
3821,25,S25,Problem Framing Canvas,2,R2,Inductive Reasoning,12,P12,Case Study,complicated,qualitative,1.67,0.23
3822,25,S25,Problem Framing Canvas,2,R2,Inductive Reasoning,15,P15,Dialogue,complicated,qualitative,1.67,0.23
3823,25,S25,Problem Framing Canvas,2,R2,Inductive Reasoning,33,P33,Narrative Synthesis,complicated,qualitative,1.67,0.20
3824,25,S25,Problem Framing Canvas,2,R2,Inductive Reasoning,35,P35,Dialogue Format,complicated,qualitative,1.67,0.23
3825,25,S25,Problem Framing Canvas,3,R3,Abductive Reasoning,1,P1,Cornell Notes,complex; complicated,conceptual,1.33,0.30
3826,25,S25,Problem Framing Canvas,3,R3,Abductive Reasoning,2,P2,SQ3R,complex; complicated,conceptual,1.33,0.33
3827,25,S25,Problem Framing Canvas,3,R3,Abductive Reasoning,3,P3,CODE (Second Brain),complex; complicated,conceptual,1.67,0.30
3828,25,S25,Problem Framing Canvas,3,R3,Abductive Reasoning,4,P4,Progressive Summarization,complex; complicated,conceptual,1.67,0.30
3829,25,S25,Problem Framing Canvas,3,R3,Abductive Reasoning,6,P6,Memo,complex; complicated,conceptual,1.33,0.23
3830,25,S25,Problem Framing Canvas,3,R3,Abductive Reasoning,7,P7,Executive Summary,complex; complicated,conceptual,1.33,0.23
3831,25,S25,Problem Framing Canvas,3,R3,Abductive Reasoning,10,P10,White Paper,complex; complicated,conceptual,1.67,0.27
3832,25,S25,Problem Framing Canvas,3,R3,Abductive Reasoning,14,P14,FAQ,complex; complicated,conceptual,1.33,0.23
3833,25,S25,Problem Framing Canvas,3,R3,Abductive Reasoning,25,P25,Mind Map,complex; complicated,conceptual,1.33,0.23
3834,25,S25,Problem Framing Canvas,3,R3,Abductive Reasoning,28,P28,Slide Deck,complex; complicated,conceptual,1.33,0.23
3835,25,S25,Problem Framing Canvas,3,R3,Abductive Reasoning,36,P36,Metaphorical Explanation,complex; complicated,conceptual,1.67,0.27
3836,25,S25,Problem Framing Canvas,4,R4,Root Cause Analysis,1,P1,Cornell Notes,complicated,conceptual,1.33,0.30
3837,25,S25,Problem Framing Canvas,4,R4,Root Cause Analysis,2,P2,SQ3R,complicated,conceptual,1.33,0.33
3838,25,S25,Problem Framing Canvas,4,R4,Root Cause Analysis,3,P3,CODE (Second Brain),complicated,conceptual,1.67,0.30
3839,25,S25,Problem Framing Canvas,4,R4,Root Cause Analysis,4,P4,Progressive Summarization,complicated,conceptual,1.67,0.30
3840,25,S25,Problem Framing Canvas,4,R4,Root Cause Analysis,6,P6,Memo,complicated,conceptual,1.33,0.23
3841,25,S25,Problem Framing Canvas,4,R4,Root Cause Analysis,7,P7,Executive Summary,complicated,conceptual,1.33,0.23
3842,25,S25,Problem Framing Canvas,4,R4,Root Cause Analysis,10,P10,White Paper,complicated,conceptual,1.67,0.27
3843,25,S25,Problem Framing Canvas,4,R4,Root Cause Analysis,14,P14,FAQ,complicated,conceptual,1.33,0.23
3844,25,S25,Problem Framing Canvas,4,R4,Root Cause Analysis,25,P25,Mind Map,complicated,conceptual,1.33,0.23
3845,25,S25,Problem Framing Canvas,4,R4,Root Cause Analysis,28,P28,Slide Deck,complicated,conceptual,1.33,0.23
3846,25,S25,Problem Framing Canvas,4,R4,Root Cause Analysis,36,P36,Metaphorical Explanation,complicated,conceptual,1.67,0.27
3847,25,S25,Problem Framing Canvas,5,R5,A3 Problem Solving,18,P18,Causal Diagram,complicated,visual,1.67,0.33
3848,25,S25,Problem Framing Canvas,5,R5,A3 Problem Solving,19,P19,Flowchart,complicated,visual,1.33,0.30
3849,25,S25,Problem Framing Canvas,5,R5,A3 Problem Solving,20,P20,Gantt Chart,complicated,visual,1.33,0.37
3850,25,S25,Problem Framing Canvas,5,R5,A3 Problem Solving,21,P21,Dashboard,complicated,visual,1.67,0.33
3851,25,S25,Problem Framing Canvas,5,R5,A3 Problem Solving,22,P22,Infographic,complicated,visual,1.33,0.33
3852,25,S25,Problem Framing Canvas,5,R5,A3 Problem Solving,23,P23,Systems Diagram,complicated,visual,1.67,0.37
3853,25,S25,Problem Framing Canvas,5,R5,A3 Problem Solving,24,P24,Network Graph,complicated,visual,1.67,0.37
3854,25,S25,Problem Framing Canvas,5,R5,A3 Problem Solving,25,P25,Mind Map,complicated,visual,1.33,0.30
3855,25,S25,Problem Framing Canvas,5,R5,A3 Problem Solving,26,P26,Timeline,complicated,visual,1.33,0.30
3856,25,S25,Problem Framing Canvas,5,R5,A3 Problem Solving,27,P27,Fishbone Diagram,complicated,visual,1.33,0.37
3857,25,S25,Problem Framing Canvas,5,R5,A3 Problem Solving,28,P28,Slide Deck,complicated,visual,1.33,0.30
3858,25,S25,Problem Framing Canvas,5,R5,A3 Problem Solving,29,P29,Interactive Visualization,complicated,visual,2.00,0.37
3859,25,S25,Problem Framing Canvas,5,R5,A3 Problem Solving,30,P30,Video,complicated,visual,1.67,0.33
3860,25,S25,Problem Framing Canvas,5,R5,A3 Problem Solving,31,P31,Simulation,complicated,visual,2.00,0.40
3861,25,S25,Problem Framing Canvas,6,R6,8D Problem Solving,5,P5,Checklist,complicated,sequential,1.33,0.37
3862,25,S25,Problem Framing Canvas,6,R6,8D Problem Solving,8,P8,Technical Report,complicated,sequential,1.67,0.33
3863,25,S25,Problem Framing Canvas,6,R6,8D Problem Solving,13,P13,Tutorial,complicated,sequential,1.33,0.37
3864,25,S25,Problem Framing Canvas,6,R6,8D Problem Solving,19,P19,Flowchart,complicated,sequential,1.33,0.33
3865,25,S25,Problem Framing Canvas,6,R6,8D Problem Solving,20,P20,Gantt Chart,complicated,sequential,1.33,0.40
3866,25,S25,Problem Framing Canvas,6,R6,8D Problem Solving,26,P26,Timeline,complicated,sequential,1.33,0.33
3867,25,S25,Problem Framing Canvas,6,R6,8D Problem Solving,32,P32,Annotated Code,complicated,sequential,1.67,0.47
3868,25,S25,Problem Framing Canvas,7,R7,TRIZ,1,P1,Cornell Notes,complicated,conceptual,1.67,0.37
3869,25,S25,Problem Framing Canvas,7,R7,TRIZ,2,P2,SQ3R,complicated,conceptual,1.67,0.40
3870,25,S25,Problem Framing Canvas,7,R7,TRIZ,3,P3,CODE (Second Brain),complicated,conceptual,2.00,0.37
3871,25,S25,Problem Framing Canvas,7,R7,TRIZ,4,P4,Progressive Summarization,complicated,conceptual,2.00,0.37
3872,25,S25,Problem Framing Canvas,7,R7,TRIZ,6,P6,Memo,complicated,conceptual,1.67,0.30
3873,25,S25,Problem Framing Canvas,7,R7,TRIZ,7,P7,Executive Summary,complicated,conceptual,1.67,0.30
3874,25,S25,Problem Framing Canvas,7,R7,TRIZ,10,P10,White Paper,complicated,conceptual,2.00,0.33
3875,25,S25,Problem Framing Canvas,7,R7,TRIZ,14,P14,FAQ,complicated,conceptual,1.67,0.30
3876,25,S25,Problem Framing Canvas,7,R7,TRIZ,25,P25,Mind Map,complicated,conceptual,1.67,0.30
3877,25,S25,Problem Framing Canvas,7,R7,TRIZ,28,P28,Slide Deck,complicated,conceptual,1.67,0.30
3878,25,S25,Problem Framing Canvas,7,R7,TRIZ,36,P36,Metaphorical Explanation,complicated,conceptual,2.00,0.33
3879,25,S25,Problem Framing Canvas,8,R8,Design Thinking,5,P5,Checklist,complex,sequential,1.33,0.27
3880,25,S25,Problem Framing Canvas,8,R8,Design Thinking,6,P6,Memo,complex,qualitative,1.33,0.23
3881,25,S25,Problem Framing Canvas,8,R8,Design Thinking,8,P8,Technical Report,complex,qualitative; sequential,1.67,0.23
3882,25,S25,Problem Framing Canvas,8,R8,Design Thinking,10,P10,White Paper,complex,qualitative,1.67,0.27
3883,25,S25,Problem Framing Canvas,8,R8,Design Thinking,11,P11,Academic Paper,complex,qualitative,2.00,0.27
3884,25,S25,Problem Framing Canvas,8,R8,Design Thinking,12,P12,Case Study,complex,qualitative,1.67,0.27
3885,25,S25,Problem Framing Canvas,8,R8,Design Thinking,13,P13,Tutorial,complex,sequential,1.33,0.27
3886,25,S25,Problem Framing Canvas,8,R8,Design Thinking,15,P15,Dialogue,complex,qualitative,1.67,0.27
3887,25,S25,Problem Framing Canvas,8,R8,Design Thinking,19,P19,Flowchart,complex,sequential,1.33,0.23
3888,25,S25,Problem Framing Canvas,8,R8,Design Thinking,20,P20,Gantt Chart,complex,sequential,1.33,0.30
3889,25,S25,Problem Framing Canvas,8,R8,Design Thinking,26,P26,Timeline,complex,sequential,1.33,0.23
3890,25,S25,Problem Framing Canvas,8,R8,Design Thinking,32,P32,Annotated Code,complex,sequential,1.67,0.37
3891,25,S25,Problem Framing Canvas,8,R8,Design Thinking,33,P33,Narrative Synthesis,complex,qualitative,1.67,0.23
3892,25,S25,Problem Framing Canvas,8,R8,Design Thinking,35,P35,Dialogue Format,complex,qualitative,1.67,0.27
3893,25,S25,Problem Framing Canvas,9,R9,OODA Loop,5,P5,Checklist,complex; complicated,sequential,1.33,0.30
3894,25,S25,Problem Framing Canvas,9,R9,OODA Loop,8,P8,Technical Report,complex; complicated,sequential,1.67,0.27
3895,25,S25,Problem Framing Canvas,9,R9,OODA Loop,13,P13,Tutorial,complex; complicated,sequential,1.33,0.30
3896,25,S25,Problem Framing Canvas,9,R9,OODA Loop,19,P19,Flowchart,complex; complicated,sequential,1.33,0.27
3897,25,S25,Problem Framing Canvas,9,R9,OODA Loop,20,P20,Gantt Chart,complex; complicated,sequential,1.33,0.33
3898,25,S25,Problem Framing Canvas,9,R9,OODA Loop,26,P26,Timeline,complex; complicated,sequential,1.33,0.27
3899,25,S25,Problem Framing Canvas,9,R9,OODA Loop,32,P32,Annotated Code,complex; complicated,sequential,1.67,0.40
3900,25,S25,Problem Framing Canvas,10,R10,PDCA,5,P5,Checklist,complicated,sequential,1.00,0.27
3901,25,S25,Problem Framing Canvas,10,R10,PDCA,8,P8,Technical Report,complicated,sequential,1.33,0.23
3902,25,S25,Problem Framing Canvas,10,R10,PDCA,13,P13,Tutorial,complicated,sequential,1.00,0.27
3903,25,S25,Problem Framing Canvas,10,R10,PDCA,19,P19,Flowchart,complicated,sequential,1.00,0.23
3904,25,S25,Problem Framing Canvas,10,R10,PDCA,20,P20,Gantt Chart,complicated,sequential,1.00,0.30
3905,25,S25,Problem Framing Canvas,10,R10,PDCA,26,P26,Timeline,complicated,sequential,1.00,0.23
3906,25,S25,Problem Framing Canvas,10,R10,PDCA,32,P32,Annotated Code,complicated,sequential,1.33,0.37
3907,25,S25,Problem Framing Canvas,11,R11,GROW Model,5,P5,Checklist,complicated,sequential,1.00,0.33
3908,25,S25,Problem Framing Canvas,11,R11,GROW Model,8,P8,Technical Report,complicated,sequential,1.33,0.30
3909,25,S25,Problem Framing Canvas,11,R11,GROW Model,13,P13,Tutorial,complicated,sequential,1.00,0.33
3910,25,S25,Problem Framing Canvas,11,R11,GROW Model,19,P19,Flowchart,complicated,sequential,1.00,0.30
3911,25,S25,Problem Framing Canvas,11,R11,GROW Model,20,P20,Gantt Chart,complicated,sequential,1.00,0.37
3912,25,S25,Problem Framing Canvas,11,R11,GROW Model,26,P26,Timeline,complicated,sequential,1.00,0.30
3913,25,S25,Problem Framing Canvas,11,R11,GROW Model,32,P32,Annotated Code,complicated,sequential,1.33,0.43
3914,25,S25,Problem Framing Canvas,12,R12,Scientific Method,5,P5,Checklist,complex; complicated,sequential,1.33,0.23
3915,25,S25,Problem Framing Canvas,12,R12,Scientific Method,8,P8,Technical Report,complex; complicated,sequential,1.67,0.20
3916,25,S25,Problem Framing Canvas,12,R12,Scientific Method,13,P13,Tutorial,complex; complicated,sequential,1.33,0.23
3917,25,S25,Problem Framing Canvas,12,R12,Scientific Method,19,P19,Flowchart,complex; complicated,sequential,1.33,0.20
3918,25,S25,Problem Framing Canvas,12,R12,Scientific Method,20,P20,Gantt Chart,complex; complicated,sequential,1.33,0.27
3919,25,S25,Problem Framing Canvas,12,R12,Scientific Method,26,P26,Timeline,complex; complicated,sequential,1.33,0.20
3920,25,S25,Problem Framing Canvas,12,R12,Scientific Method,32,P32,Annotated Code,complex; complicated,sequential,1.67,0.33
3921,25,S25,Problem Framing Canvas,13,R13,MCDA,7,P7,Executive Summary,complicated,comparative,1.33,0.23
3922,25,S25,Problem Framing Canvas,13,R13,MCDA,8,P8,Technical Report,complicated,quantitative,1.67,0.23
3923,25,S25,Problem Framing Canvas,13,R13,MCDA,9,P9,Policy Brief,complicated,comparative,1.67,0.30
3924,25,S25,Problem Framing Canvas,13,R13,MCDA,11,P11,Academic Paper,complicated,quantitative,2.00,0.27
3925,25,S25,Problem Framing Canvas,13,R13,MCDA,16,P16,Comparative Table,complicated,comparative,1.33,0.23
3926,25,S25,Problem Framing Canvas,13,R13,MCDA,17,P17,Decision Matrix,complicated,comparative; quantitative,1.33,0.27
3927,25,S25,Problem Framing Canvas,13,R13,MCDA,21,P21,Dashboard,complicated,quantitative,1.67,0.27
3928,25,S25,Problem Framing Canvas,13,R13,MCDA,29,P29,Interactive Visualization,complicated,quantitative,2.00,0.30
3929,25,S25,Problem Framing Canvas,13,R13,MCDA,31,P31,Simulation,complicated,quantitative,2.00,0.33
3930,25,S25,Problem Framing Canvas,15,R15,Naturalistic Decision-Making,6,P6,Memo,complex,qualitative,1.33,0.27
3931,25,S25,Problem Framing Canvas,15,R15,Naturalistic Decision-Making,8,P8,Technical Report,complex,qualitative,1.67,0.27
3932,25,S25,Problem Framing Canvas,15,R15,Naturalistic Decision-Making,10,P10,White Paper,complex,qualitative,1.67,0.30
3933,25,S25,Problem Framing Canvas,15,R15,Naturalistic Decision-Making,11,P11,Academic Paper,complex,qualitative,2.00,0.30
3934,25,S25,Problem Framing Canvas,15,R15,Naturalistic Decision-Making,12,P12,Case Study,complex,qualitative,1.67,0.30
3935,25,S25,Problem Framing Canvas,15,R15,Naturalistic Decision-Making,15,P15,Dialogue,complex,qualitative,1.67,0.30
3936,25,S25,Problem Framing Canvas,15,R15,Naturalistic Decision-Making,33,P33,Narrative Synthesis,complex,qualitative,1.67,0.27
3937,25,S25,Problem Framing Canvas,15,R15,Naturalistic Decision-Making,35,P35,Dialogue Format,complex,qualitative,1.67,0.30
3938,25,S25,Problem Framing Canvas,16,R16,Intuitive Decision-Making,6,P6,Memo,complex,qualitative,1.00,0.23
3939,25,S25,Problem Framing Canvas,16,R16,Intuitive Decision-Making,8,P8,Technical Report,complex,qualitative,1.33,0.23
3940,25,S25,Problem Framing Canvas,16,R16,Intuitive Decision-Making,10,P10,White Paper,complex,qualitative,1.33,0.27
3941,25,S25,Problem Framing Canvas,16,R16,Intuitive Decision-Making,11,P11,Academic Paper,complex,qualitative,1.67,0.27
3942,25,S25,Problem Framing Canvas,16,R16,Intuitive Decision-Making,12,P12,Case Study,complex,qualitative,1.33,0.27
3943,25,S25,Problem Framing Canvas,16,R16,Intuitive Decision-Making,15,P15,Dialogue,complex,qualitative,1.33,0.27
3944,25,S25,Problem Framing Canvas,16,R16,Intuitive Decision-Making,33,P33,Narrative Synthesis,complex,qualitative,1.33,0.23
3945,25,S25,Problem Framing Canvas,16,R16,Intuitive Decision-Making,35,P35,Dialogue Format,complex,qualitative,1.33,0.27
3946,25,S25,Problem Framing Canvas,18,R18,Hypothesis Testing,8,P8,Technical Report,complicated,quantitative,1.67,0.23
3947,25,S25,Problem Framing Canvas,18,R18,Hypothesis Testing,11,P11,Academic Paper,complicated,quantitative,2.00,0.27
3948,25,S25,Problem Framing Canvas,18,R18,Hypothesis Testing,17,P17,Decision Matrix,complicated,quantitative,1.33,0.27
3949,25,S25,Problem Framing Canvas,18,R18,Hypothesis Testing,21,P21,Dashboard,complicated,quantitative,1.67,0.27
3950,25,S25,Problem Framing Canvas,18,R18,Hypothesis Testing,29,P29,Interactive Visualization,complicated,quantitative,2.00,0.30
3951,25,S25,Problem Framing Canvas,18,R18,Hypothesis Testing,31,P31,Simulation,complicated,quantitative,2.00,0.33
3952,25,S25,Problem Framing Canvas,20,R20,Sensitivity Analysis,8,P8,Technical Report,complex; complicated,quantitative,1.67,0.23
3953,25,S25,Problem Framing Canvas,20,R20,Sensitivity Analysis,11,P11,Academic Paper,complex; complicated,quantitative,2.00,0.27
3954,25,S25,Problem Framing Canvas,20,R20,Sensitivity Analysis,17,P17,Decision Matrix,complex; complicated,quantitative,1.33,0.27
3955,25,S25,Problem Framing Canvas,20,R20,Sensitivity Analysis,21,P21,Dashboard,complex; complicated,quantitative,1.67,0.27
3956,25,S25,Problem Framing Canvas,20,R20,Sensitivity Analysis,29,P29,Interactive Visualization,complex; complicated,quantitative,2.00,0.30
3957,25,S25,Problem Framing Canvas,20,R20,Sensitivity Analysis,31,P31,Simulation,complex; complicated,quantitative,2.00,0.33
3958,25,S25,Problem Framing Canvas,21,R21,Analogical Reasoning,1,P1,Cornell Notes,complex; complicated,conceptual,1.33,0.27
3959,25,S25,Problem Framing Canvas,21,R21,Analogical Reasoning,2,P2,SQ3R,complex; complicated,conceptual,1.33,0.30
3960,25,S25,Problem Framing Canvas,21,R21,Analogical Reasoning,3,P3,CODE (Second Brain),complex; complicated,conceptual,1.67,0.27
3961,25,S25,Problem Framing Canvas,21,R21,Analogical Reasoning,4,P4,Progressive Summarization,complex; complicated,conceptual,1.67,0.27
3962,25,S25,Problem Framing Canvas,21,R21,Analogical Reasoning,6,P6,Memo,complex; complicated,conceptual,1.33,0.20
3963,25,S25,Problem Framing Canvas,21,R21,Analogical Reasoning,7,P7,Executive Summary,complex; complicated,conceptual,1.33,0.20
3964,25,S25,Problem Framing Canvas,21,R21,Analogical Reasoning,10,P10,White Paper,complex; complicated,conceptual,1.67,0.23
3965,25,S25,Problem Framing Canvas,21,R21,Analogical Reasoning,14,P14,FAQ,complex; complicated,conceptual,1.33,0.20
3966,25,S25,Problem Framing Canvas,21,R21,Analogical Reasoning,25,P25,Mind Map,complex; complicated,conceptual,1.33,0.20
3967,25,S25,Problem Framing Canvas,21,R21,Analogical Reasoning,28,P28,Slide Deck,complex; complicated,conceptual,1.33,0.20
3968,25,S25,Problem Framing Canvas,21,R21,Analogical Reasoning,36,P36,Metaphorical Explanation,complex; complicated,conceptual,1.67,0.23
3969,25,S25,Problem Framing Canvas,22,R22,Case-Based Reasoning,7,P7,Executive Summary,complicated,comparative,1.33,0.23
3970,25,S25,Problem Framing Canvas,22,R22,Case-Based Reasoning,9,P9,Policy Brief,complicated,comparative,1.67,0.30
3971,25,S25,Problem Framing Canvas,22,R22,Case-Based Reasoning,16,P16,Comparative Table,complicated,comparative,1.33,0.23
3972,25,S25,Problem Framing Canvas,22,R22,Case-Based Reasoning,17,P17,Decision Matrix,complicated,comparative,1.33,0.27
3973,25,S25,Problem Framing Canvas,23,R23,Benchmarking,7,P7,Executive Summary,complicated,comparative,1.00,0.23
3974,25,S25,Problem Framing Canvas,23,R23,Benchmarking,9,P9,Policy Brief,complicated,comparative,1.33,0.30
3975,25,S25,Problem Framing Canvas,23,R23,Benchmarking,16,P16,Comparative Table,complicated,comparative,1.00,0.23
3976,25,S25,Problem Framing Canvas,23,R23,Benchmarking,17,P17,Decision Matrix,complicated,comparative,1.00,0.27
3977,25,S25,Problem Framing Canvas,24,R24,Scenario Planning,5,P5,Checklist,complex,sequential,1.33,0.27
3978,25,S25,Problem Framing Canvas,24,R24,Scenario Planning,6,P6,Memo,complex,narrative,1.33,0.23
3979,25,S25,Problem Framing Canvas,24,R24,Scenario Planning,8,P8,Technical Report,complex,sequential,1.67,0.23
3980,25,S25,Problem Framing Canvas,24,R24,Scenario Planning,9,P9,Policy Brief,complex,narrative,1.67,0.30
3981,25,S25,Problem Framing Canvas,24,R24,Scenario Planning,12,P12,Case Study,complex,narrative,1.67,0.27
3982,25,S25,Problem Framing Canvas,24,R24,Scenario Planning,13,P13,Tutorial,complex,sequential,1.33,0.27
3983,25,S25,Problem Framing Canvas,24,R24,Scenario Planning,15,P15,Dialogue,complex,narrative,1.67,0.27
3984,25,S25,Problem Framing Canvas,24,R24,Scenario Planning,19,P19,Flowchart,complex,sequential,1.33,0.23
3985,25,S25,Problem Framing Canvas,24,R24,Scenario Planning,20,P20,Gantt Chart,complex,sequential,1.33,0.30
3986,25,S25,Problem Framing Canvas,24,R24,Scenario Planning,22,P22,Infographic,complex,narrative,1.33,0.27
3987,25,S25,Problem Framing Canvas,24,R24,Scenario Planning,26,P26,Timeline,complex,sequential,1.33,0.23
3988,25,S25,Problem Framing Canvas,24,R24,Scenario Planning,28,P28,Slide Deck,complex,narrative,1.33,0.23
3989,25,S25,Problem Framing Canvas,24,R24,Scenario Planning,30,P30,Video,complex,narrative,1.67,0.27
3990,25,S25,Problem Framing Canvas,24,R24,Scenario Planning,32,P32,Annotated Code,complex,sequential,1.67,0.37
3991,25,S25,Problem Framing Canvas,24,R24,Scenario Planning,33,P33,Narrative Synthesis,complex,narrative,1.67,0.23
3992,25,S25,Problem Framing Canvas,24,R24,Scenario Planning,34,P34,Scenario Narrative,complex,narrative,1.67,0.27
3993,25,S25,Problem Framing Canvas,24,R24,Scenario Planning,35,P35,Dialogue Format,complex,narrative,1.67,0.27
3994,25,S25,Problem Framing Canvas,24,R24,Scenario Planning,36,P36,Metaphorical Explanation,complex,narrative,1.67,0.27
3995,25,S25,Problem Framing Canvas,25,R25,Counterfactual Analysis,6,P6,Memo,complex; complicated,narrative,1.33,0.23
3996,25,S25,Problem Framing Canvas,25,R25,Counterfactual Analysis,9,P9,Policy Brief,complex; complicated,narrative,1.67,0.30
3997,25,S25,Problem Framing Canvas,25,R25,Counterfactual Analysis,12,P12,Case Study,complex; complicated,narrative,1.67,0.27
3998,25,S25,Problem Framing Canvas,25,R25,Counterfactual Analysis,15,P15,Dialogue,complex; complicated,narrative,1.67,0.27
3999,25,S25,Problem Framing Canvas,25,R25,Counterfactual Analysis,22,P22,Infographic,complex; complicated,narrative,1.33,0.27
4000,25,S25,Problem Framing Canvas,25,R25,Counterfactual Analysis,28,P28,Slide Deck,complex; complicated,narrative,1.33,0.23
4001,25,S25,Problem Framing Canvas,25,R25,Counterfactual Analysis,30,P30,Video,complex; complicated,narrative,1.67,0.27
4002,25,S25,Problem Framing Canvas,25,R25,Counterfactual Analysis,33,P33,Narrative Synthesis,complex; complicated,narrative,1.67,0.23
4003,25,S25,Problem Framing Canvas,25,R25,Counterfactual Analysis,34,P34,Scenario Narrative,complex; complicated,narrative,1.67,0.27
4004,25,S25,Problem Framing Canvas,25,R25,Counterfactual Analysis,35,P35,Dialogue Format,complex; complicated,narrative,1.67,0.27
4005,25,S25,Problem Framing Canvas,25,R25,Counterfactual Analysis,36,P36,Metaphorical Explanation,complex; complicated,narrative,1.67,0.27
4006,25,S25,Problem Framing Canvas,26,R26,Pre-mortem Analysis,6,P6,Memo,complex; complicated,qualitative,1.33,0.20
4007,25,S25,Problem Framing Canvas,26,R26,Pre-mortem Analysis,8,P8,Technical Report,complex; complicated,qualitative,1.67,0.20
4008,25,S25,Problem Framing Canvas,26,R26,Pre-mortem Analysis,10,P10,White Paper,complex; complicated,qualitative,1.67,0.23
4009,25,S25,Problem Framing Canvas,26,R26,Pre-mortem Analysis,11,P11,Academic Paper,complex; complicated,qualitative,2.00,0.23
4010,25,S25,Problem Framing Canvas,26,R26,Pre-mortem Analysis,12,P12,Case Study,complex; complicated,qualitative,1.67,0.23
4011,25,S25,Problem Framing Canvas,26,R26,Pre-mortem Analysis,15,P15,Dialogue,complex; complicated,qualitative,1.67,0.23
4012,25,S25,Problem Framing Canvas,26,R26,Pre-mortem Analysis,33,P33,Narrative Synthesis,complex; complicated,qualitative,1.67,0.20
4013,25,S25,Problem Framing Canvas,26,R26,Pre-mortem Analysis,35,P35,Dialogue Format,complex; complicated,qualitative,1.67,0.23
4014,25,S25,Problem Framing Canvas,27,R27,Post-mortem Analysis,6,P6,Memo,complicated,qualitative,1.00,0.23
4015,25,S25,Problem Framing Canvas,27,R27,Post-mortem Analysis,8,P8,Technical Report,complicated,qualitative,1.33,0.23
4016,25,S25,Problem Framing Canvas,27,R27,Post-mortem Analysis,10,P10,White Paper,complicated,qualitative,1.33,0.27
4017,25,S25,Problem Framing Canvas,27,R27,Post-mortem Analysis,11,P11,Academic Paper,complicated,qualitative,1.67,0.27
4018,25,S25,Problem Framing Canvas,27,R27,Post-mortem Analysis,12,P12,Case Study,complicated,qualitative,1.33,0.27
4019,25,S25,Problem Framing Canvas,27,R27,Post-mortem Analysis,15,P15,Dialogue,complicated,qualitative,1.33,0.27
4020,25,S25,Problem Framing Canvas,27,R27,Post-mortem Analysis,33,P33,Narrative Synthesis,complicated,qualitative,1.33,0.23
4021,25,S25,Problem Framing Canvas,27,R27,Post-mortem Analysis,35,P35,Dialogue Format,complicated,qualitative,1.33,0.27
4022,25,S25,Problem Framing Canvas,28,R28,Red Team/Blue Team,7,P7,Executive Summary,complex; complicated,comparative,1.33,0.27
4023,25,S25,Problem Framing Canvas,28,R28,Red Team/Blue Team,9,P9,Policy Brief,complex; complicated,comparative,1.67,0.33
4024,25,S25,Problem Framing Canvas,28,R28,Red Team/Blue Team,16,P16,Comparative Table,complex; complicated,comparative,1.33,0.27
4025,25,S25,Problem Framing Canvas,28,R28,Red Team/Blue Team,17,P17,Decision Matrix,complex; complicated,comparative,1.33,0.30
4026,25,S25,Problem Framing Canvas,29,R29,Devil's Advocate,6,P6,Memo,complicated,qualitative,1.00,0.20
4027,25,S25,Problem Framing Canvas,29,R29,Devil's Advocate,8,P8,Technical Report,complicated,qualitative,1.33,0.20
4028,25,S25,Problem Framing Canvas,29,R29,Devil's Advocate,10,P10,White Paper,complicated,qualitative,1.33,0.23
4029,25,S25,Problem Framing Canvas,29,R29,Devil's Advocate,11,P11,Academic Paper,complicated,qualitative,1.67,0.23
4030,25,S25,Problem Framing Canvas,29,R29,Devil's Advocate,12,P12,Case Study,complicated,qualitative,1.33,0.23
4031,25,S25,Problem Framing Canvas,29,R29,Devil's Advocate,15,P15,Dialogue,complicated,qualitative,1.33,0.23
4032,25,S25,Problem Framing Canvas,29,R29,Devil's Advocate,33,P33,Narrative Synthesis,complicated,qualitative,1.33,0.20
4033,25,S25,Problem Framing Canvas,29,R29,Devil's Advocate,35,P35,Dialogue Format,complicated,qualitative,1.33,0.23
4034,25,S25,Problem Framing Canvas,31,R31,Critical Thinking,6,P6,Memo,complex; complicated,qualitative,1.33,0.20
4035,25,S25,Problem Framing Canvas,31,R31,Critical Thinking,8,P8,Technical Report,complex; complicated,qualitative,1.67,0.20
4036,25,S25,Problem Framing Canvas,31,R31,Critical Thinking,10,P10,White Paper,complex; complicated,qualitative,1.67,0.23
4037,25,S25,Problem Framing Canvas,31,R31,Critical Thinking,11,P11,Academic Paper,complex; complicated,qualitative,2.00,0.23
4038,25,S25,Problem Framing Canvas,31,R31,Critical Thinking,12,P12,Case Study,complex; complicated,qualitative,1.67,0.23
4039,25,S25,Problem Framing Canvas,31,R31,Critical Thinking,15,P15,Dialogue,complex; complicated,qualitative,1.67,0.23
4040,25,S25,Problem Framing Canvas,31,R31,Critical Thinking,33,P33,Narrative Synthesis,complex; complicated,qualitative,1.67,0.20
4041,25,S25,Problem Framing Canvas,31,R31,Critical Thinking,35,P35,Dialogue Format,complex; complicated,qualitative,1.67,0.23
4042,25,S25,Problem Framing Canvas,32,R32,FMEA,7,P7,Executive Summary,complicated,comparative,1.33,0.30
4043,25,S25,Problem Framing Canvas,32,R32,FMEA,8,P8,Technical Report,complicated,quantitative,1.67,0.30
4044,25,S25,Problem Framing Canvas,32,R32,FMEA,9,P9,Policy Brief,complicated,comparative,1.67,0.37
4045,25,S25,Problem Framing Canvas,32,R32,FMEA,11,P11,Academic Paper,complicated,quantitative,2.00,0.33
4046,25,S25,Problem Framing Canvas,32,R32,FMEA,16,P16,Comparative Table,complicated,comparative,1.33,0.30
4047,25,S25,Problem Framing Canvas,32,R32,FMEA,17,P17,Decision Matrix,complicated,comparative; quantitative,1.33,0.33
4048,25,S25,Problem Framing Canvas,32,R32,FMEA,21,P21,Dashboard,complicated,quantitative,1.67,0.33
4049,25,S25,Problem Framing Canvas,32,R32,FMEA,29,P29,Interactive Visualization,complicated,quantitative,2.00,0.37
4050,25,S25,Problem Framing Canvas,32,R32,FMEA,31,P31,Simulation,complicated,quantitative,2.00,0.40
4051,25,S25,Problem Framing Canvas,33,R33,Fault Tree Analysis,18,P18,Causal Diagram,complicated,visual,1.67,0.33
4052,25,S25,Problem Framing Canvas,33,R33,Fault Tree Analysis,19,P19,Flowchart,complicated,visual,1.33,0.30
4053,25,S25,Problem Framing Canvas,33,R33,Fault Tree Analysis,20,P20,Gantt Chart,complicated,visual,1.33,0.37
4054,25,S25,Problem Framing Canvas,33,R33,Fault Tree Analysis,21,P21,Dashboard,complicated,visual,1.67,0.33
4055,25,S25,Problem Framing Canvas,33,R33,Fault Tree Analysis,22,P22,Infographic,complicated,visual,1.33,0.33
4056,25,S25,Problem Framing Canvas,33,R33,Fault Tree Analysis,23,P23,Systems Diagram,complicated,visual,1.67,0.37
4057,25,S25,Problem Framing Canvas,33,R33,Fault Tree Analysis,24,P24,Network Graph,complicated,visual,1.67,0.37
4058,25,S25,Problem Framing Canvas,33,R33,Fault Tree Analysis,25,P25,Mind Map,complicated,visual,1.33,0.30
4059,25,S25,Problem Framing Canvas,33,R33,Fault Tree Analysis,26,P26,Timeline,complicated,visual,1.33,0.30
4060,25,S25,Problem Framing Canvas,33,R33,Fault Tree Analysis,27,P27,Fishbone Diagram,complicated,visual,1.33,0.37
4061,25,S25,Problem Framing Canvas,33,R33,Fault Tree Analysis,28,P28,Slide Deck,complicated,visual,1.33,0.30
4062,25,S25,Problem Framing Canvas,33,R33,Fault Tree Analysis,29,P29,Interactive Visualization,complicated,visual,2.00,0.37
4063,25,S25,Problem Framing Canvas,33,R33,Fault Tree Analysis,30,P30,Video,complicated,visual,1.67,0.33
4064,25,S25,Problem Framing Canvas,33,R33,Fault Tree Analysis,31,P31,Simulation,complicated,visual,2.00,0.40
4065,25,S25,Problem Framing Canvas,34,R34,Event Tree Analysis,5,P5,Checklist,complicated,sequential,1.33,0.33
4066,25,S25,Problem Framing Canvas,34,R34,Event Tree Analysis,8,P8,Technical Report,complicated,sequential,1.67,0.30
4067,25,S25,Problem Framing Canvas,34,R34,Event Tree Analysis,13,P13,Tutorial,complicated,sequential,1.33,0.33
4068,25,S25,Problem Framing Canvas,34,R34,Event Tree Analysis,19,P19,Flowchart,complicated,sequential,1.33,0.30
4069,25,S25,Problem Framing Canvas,34,R34,Event Tree Analysis,20,P20,Gantt Chart,complicated,sequential,1.33,0.37
4070,25,S25,Problem Framing Canvas,34,R34,Event Tree Analysis,26,P26,Timeline,complicated,sequential,1.33,0.30
4071,25,S25,Problem Framing Canvas,34,R34,Event Tree Analysis,32,P32,Annotated Code,complicated,sequential,1.67,0.43
4072,25,S25,Problem Framing Canvas,35,R35,Bow-Tie Analysis,18,P18,Causal Diagram,complicated,visual,1.67,0.33
4073,25,S25,Problem Framing Canvas,35,R35,Bow-Tie Analysis,19,P19,Flowchart,complicated,visual,1.33,0.30
4074,25,S25,Problem Framing Canvas,35,R35,Bow-Tie Analysis,20,P20,Gantt Chart,complicated,visual,1.33,0.37
4075,25,S25,Problem Framing Canvas,35,R35,Bow-Tie Analysis,21,P21,Dashboard,complicated,visual,1.67,0.33
4076,25,S25,Problem Framing Canvas,35,R35,Bow-Tie Analysis,22,P22,Infographic,complicated,visual,1.33,0.33
4077,25,S25,Problem Framing Canvas,35,R35,Bow-Tie Analysis,23,P23,Systems Diagram,complicated,visual,1.67,0.37
4078,25,S25,Problem Framing Canvas,35,R35,Bow-Tie Analysis,24,P24,Network Graph,complicated,visual,1.67,0.37
4079,25,S25,Problem Framing Canvas,35,R35,Bow-Tie Analysis,25,P25,Mind Map,complicated,visual,1.33,0.30
4080,25,S25,Problem Framing Canvas,35,R35,Bow-Tie Analysis,26,P26,Timeline,complicated,visual,1.33,0.30
4081,25,S25,Problem Framing Canvas,35,R35,Bow-Tie Analysis,27,P27,Fishbone Diagram,complicated,visual,1.33,0.37
4082,25,S25,Problem Framing Canvas,35,R35,Bow-Tie Analysis,28,P28,Slide Deck,complicated,visual,1.33,0.30
4083,25,S25,Problem Framing Canvas,35,R35,Bow-Tie Analysis,29,P29,Interactive Visualization,complicated,visual,2.00,0.37
4084,25,S25,Problem Framing Canvas,35,R35,Bow-Tie Analysis,30,P30,Video,complicated,visual,1.67,0.33
4085,25,S25,Problem Framing Canvas,35,R35,Bow-Tie Analysis,31,P31,Simulation,complicated,visual,2.00,0.40
4086,25,S25,Problem Framing Canvas,36,R36,Delphi Method,6,P6,Memo,complex,qualitative,1.33,0.27
4087,25,S25,Problem Framing Canvas,36,R36,Delphi Method,8,P8,Technical Report,complex,qualitative,1.67,0.27
4088,25,S25,Problem Framing Canvas,36,R36,Delphi Method,10,P10,White Paper,complex,qualitative,1.67,0.30
4089,25,S25,Problem Framing Canvas,36,R36,Delphi Method,11,P11,Academic Paper,complex,qualitative,2.00,0.30
4090,25,S25,Problem Framing Canvas,36,R36,Delphi Method,12,P12,Case Study,complex,qualitative,1.67,0.30
4091,25,S25,Problem Framing Canvas,36,R36,Delphi Method,15,P15,Dialogue,complex,qualitative,1.67,0.30
4092,25,S25,Problem Framing Canvas,36,R36,Delphi Method,33,P33,Narrative Synthesis,complex,qualitative,1.67,0.27
4093,25,S25,Problem Framing Canvas,36,R36,Delphi Method,35,P35,Dialogue Format,complex,qualitative,1.67,0.30
4094,25,S25,Problem Framing Canvas,37,R37,Nominal Group Technique,6,P6,Memo,complicated,qualitative,1.00,0.23
4095,25,S25,Problem Framing Canvas,37,R37,Nominal Group Technique,8,P8,Technical Report,complicated,qualitative,1.33,0.23
4096,25,S25,Problem Framing Canvas,37,R37,Nominal Group Technique,10,P10,White Paper,complicated,qualitative,1.33,0.27
4097,25,S25,Problem Framing Canvas,37,R37,Nominal Group Technique,11,P11,Academic Paper,complicated,qualitative,1.67,0.27
4098,25,S25,Problem Framing Canvas,37,R37,Nominal Group Technique,12,P12,Case Study,complicated,qualitative,1.33,0.27
4099,25,S25,Problem Framing Canvas,37,R37,Nominal Group Technique,15,P15,Dialogue,complicated,qualitative,1.33,0.27
4100,25,S25,Problem Framing Canvas,37,R37,Nominal Group Technique,33,P33,Narrative Synthesis,complicated,qualitative,1.33,0.23
4101,25,S25,Problem Framing Canvas,37,R37,Nominal Group Technique,35,P35,Dialogue Format,complicated,qualitative,1.33,0.27
4102,25,S25,Problem Framing Canvas,38,R38,Six Thinking Hats,6,P6,Memo,complex; complicated,qualitative,1.00,0.23
4103,25,S25,Problem Framing Canvas,38,R38,Six Thinking Hats,8,P8,Technical Report,complex; complicated,qualitative,1.33,0.23
4104,25,S25,Problem Framing Canvas,38,R38,Six Thinking Hats,10,P10,White Paper,complex; complicated,qualitative,1.33,0.27
4105,25,S25,Problem Framing Canvas,38,R38,Six Thinking Hats,11,P11,Academic Paper,complex; complicated,qualitative,1.67,0.27
4106,25,S25,Problem Framing Canvas,38,R38,Six Thinking Hats,12,P12,Case Study,complex; complicated,qualitative,1.33,0.27
4107,25,S25,Problem Framing Canvas,38,R38,Six Thinking Hats,15,P15,Dialogue,complex; complicated,qualitative,1.33,0.27
4108,25,S25,Problem Framing Canvas,38,R38,Six Thinking Hats,33,P33,Narrative Synthesis,complex; complicated,qualitative,1.33,0.23
4109,25,S25,Problem Framing Canvas,38,R38,Six Thinking Hats,35,P35,Dialogue Format,complex; complicated,qualitative,1.33,0.27
4110,25,S25,Problem Framing Canvas,39,R39,Linear Programming,8,P8,Technical Report,complicated,quantitative,2.00,0.30
4111,25,S25,Problem Framing Canvas,39,R39,Linear Programming,11,P11,Academic Paper,complicated,quantitative,2.33,0.33
4112,25,S25,Problem Framing Canvas,39,R39,Linear Programming,17,P17,Decision Matrix,complicated,quantitative,1.67,0.33
4113,25,S25,Problem Framing Canvas,39,R39,Linear Programming,21,P21,Dashboard,complicated,quantitative,2.00,0.33
4114,25,S25,Problem Framing Canvas,39,R39,Linear Programming,29,P29,Interactive Visualization,complicated,quantitative,2.33,0.37
4115,25,S25,Problem Framing Canvas,39,R39,Linear Programming,31,P31,Simulation,complicated,quantitative,2.33,0.40
4116,25,S25,Problem Framing Canvas,40,R40,Decision Trees,5,P5,Checklist,complicated,sequential,1.33,0.27
4117,25,S25,Problem Framing Canvas,40,R40,Decision Trees,8,P8,Technical Report,complicated,sequential,1.67,0.23
4118,25,S25,Problem Framing Canvas,40,R40,Decision Trees,13,P13,Tutorial,complicated,sequential,1.33,0.27
4119,25,S25,Problem Framing Canvas,40,R40,Decision Trees,18,P18,Causal Diagram,complicated,visual,1.67,0.27
4120,25,S25,Problem Framing Canvas,40,R40,Decision Trees,19,P19,Flowchart,complicated,sequential; visual,1.33,0.23
4121,25,S25,Problem Framing Canvas,40,R40,Decision Trees,20,P20,Gantt Chart,complicated,sequential; visual,1.33,0.30
4122,25,S25,Problem Framing Canvas,40,R40,Decision Trees,21,P21,Dashboard,complicated,visual,1.67,0.27
4123,25,S25,Problem Framing Canvas,40,R40,Decision Trees,22,P22,Infographic,complicated,visual,1.33,0.27
4124,25,S25,Problem Framing Canvas,40,R40,Decision Trees,23,P23,Systems Diagram,complicated,visual,1.67,0.30
4125,25,S25,Problem Framing Canvas,40,R40,Decision Trees,24,P24,Network Graph,complicated,visual,1.67,0.30
4126,25,S25,Problem Framing Canvas,40,R40,Decision Trees,25,P25,Mind Map,complicated,visual,1.33,0.23
4127,25,S25,Problem Framing Canvas,40,R40,Decision Trees,26,P26,Timeline,complicated,sequential; visual,1.33,0.23
4128,25,S25,Problem Framing Canvas,40,R40,Decision Trees,27,P27,Fishbone Diagram,complicated,visual,1.33,0.30
4129,25,S25,Problem Framing Canvas,40,R40,Decision Trees,28,P28,Slide Deck,complicated,visual,1.33,0.23
4130,25,S25,Problem Framing Canvas,40,R40,Decision Trees,29,P29,Interactive Visualization,complicated,visual,2.00,0.30
4131,25,S25,Problem Framing Canvas,40,R40,Decision Trees,30,P30,Video,complicated,visual,1.67,0.27
4132,25,S25,Problem Framing Canvas,40,R40,Decision Trees,31,P31,Simulation,complicated,visual,2.00,0.33
4133,25,S25,Problem Framing Canvas,40,R40,Decision Trees,32,P32,Annotated Code,complicated,sequential,1.67,0.37
4134,25,S25,Problem Framing Canvas,41,R41,Cost-Benefit Analysis,7,P7,Executive Summary,complicated,comparative,1.33,0.23
4135,25,S25,Problem Framing Canvas,41,R41,Cost-Benefit Analysis,8,P8,Technical Report,complicated,quantitative,1.67,0.23
4136,25,S25,Problem Framing Canvas,41,R41,Cost-Benefit Analysis,9,P9,Policy Brief,complicated,comparative,1.67,0.30
4137,25,S25,Problem Framing Canvas,41,R41,Cost-Benefit Analysis,11,P11,Academic Paper,complicated,quantitative,2.00,0.27
4138,25,S25,Problem Framing Canvas,41,R41,Cost-Benefit Analysis,16,P16,Comparative Table,complicated,comparative,1.33,0.23
4139,25,S25,Problem Framing Canvas,41,R41,Cost-Benefit Analysis,17,P17,Decision Matrix,complicated,comparative; quantitative,1.33,0.27
4140,25,S25,Problem Framing Canvas,41,R41,Cost-Benefit Analysis,21,P21,Dashboard,complicated,quantitative,1.67,0.27
4141,25,S25,Problem Framing Canvas,41,R41,Cost-Benefit Analysis,29,P29,Interactive Visualization,complicated,quantitative,2.00,0.30
4142,25,S25,Problem Framing Canvas,41,R41,Cost-Benefit Analysis,31,P31,Simulation,complicated,quantitative,2.00,0.33
4143,25,S25,Problem Framing Canvas,42,R42,Trade-off Analysis,7,P7,Executive Summary,complicated,comparative,1.33,0.20
4144,25,S25,Problem Framing Canvas,42,R42,Trade-off Analysis,9,P9,Policy Brief,complicated,comparative,1.67,0.27
4145,25,S25,Problem Framing Canvas,42,R42,Trade-off Analysis,16,P16,Comparative Table,complicated,comparative,1.33,0.20
4146,25,S25,Problem Framing Canvas,42,R42,Trade-off Analysis,17,P17,Decision Matrix,complicated,comparative,1.33,0.23
4147,26,S26,Taxonomy,1,R1,Deductive Reasoning,1,P1,Cornell Notes,complicated; simple,conceptual,1.00,0.30
4148,26,S26,Taxonomy,1,R1,Deductive Reasoning,2,P2,SQ3R,complicated; simple,conceptual,1.00,0.33
4149,26,S26,Taxonomy,1,R1,Deductive Reasoning,3,P3,CODE (Second Brain),complicated; simple,conceptual,1.33,0.30
4150,26,S26,Taxonomy,1,R1,Deductive Reasoning,4,P4,Progressive Summarization,complicated; simple,conceptual,1.33,0.30
4151,26,S26,Taxonomy,1,R1,Deductive Reasoning,6,P6,Memo,complicated; simple,conceptual,1.00,0.23
4152,26,S26,Taxonomy,1,R1,Deductive Reasoning,7,P7,Executive Summary,complicated; simple,conceptual,1.00,0.23
4153,26,S26,Taxonomy,1,R1,Deductive Reasoning,10,P10,White Paper,complicated; simple,conceptual,1.33,0.27
4154,26,S26,Taxonomy,1,R1,Deductive Reasoning,14,P14,FAQ,complicated; simple,conceptual,1.00,0.23
4155,26,S26,Taxonomy,1,R1,Deductive Reasoning,25,P25,Mind Map,complicated; simple,conceptual,1.00,0.23
4156,26,S26,Taxonomy,1,R1,Deductive Reasoning,28,P28,Slide Deck,complicated; simple,conceptual,1.00,0.23
4157,26,S26,Taxonomy,1,R1,Deductive Reasoning,36,P36,Metaphorical Explanation,complicated; simple,conceptual,1.33,0.27
4158,26,S26,Taxonomy,2,R2,Inductive Reasoning,6,P6,Memo,complicated,qualitative,1.33,0.23
4159,26,S26,Taxonomy,2,R2,Inductive Reasoning,8,P8,Technical Report,complicated,qualitative,1.67,0.23
4160,26,S26,Taxonomy,2,R2,Inductive Reasoning,10,P10,White Paper,complicated,qualitative,1.67,0.27
4161,26,S26,Taxonomy,2,R2,Inductive Reasoning,11,P11,Academic Paper,complicated,qualitative,2.00,0.27
4162,26,S26,Taxonomy,2,R2,Inductive Reasoning,12,P12,Case Study,complicated,qualitative,1.67,0.27
4163,26,S26,Taxonomy,2,R2,Inductive Reasoning,15,P15,Dialogue,complicated,qualitative,1.67,0.27
4164,26,S26,Taxonomy,2,R2,Inductive Reasoning,33,P33,Narrative Synthesis,complicated,qualitative,1.67,0.23
4165,26,S26,Taxonomy,2,R2,Inductive Reasoning,35,P35,Dialogue Format,complicated,qualitative,1.67,0.27
4166,26,S26,Taxonomy,3,R3,Abductive Reasoning,1,P1,Cornell Notes,complicated,conceptual,1.33,0.33
4167,26,S26,Taxonomy,3,R3,Abductive Reasoning,2,P2,SQ3R,complicated,conceptual,1.33,0.37
4168,26,S26,Taxonomy,3,R3,Abductive Reasoning,3,P3,CODE (Second Brain),complicated,conceptual,1.67,0.33
4169,26,S26,Taxonomy,3,R3,Abductive Reasoning,4,P4,Progressive Summarization,complicated,conceptual,1.67,0.33
4170,26,S26,Taxonomy,3,R3,Abductive Reasoning,6,P6,Memo,complicated,conceptual,1.33,0.27
4171,26,S26,Taxonomy,3,R3,Abductive Reasoning,7,P7,Executive Summary,complicated,conceptual,1.33,0.27
4172,26,S26,Taxonomy,3,R3,Abductive Reasoning,10,P10,White Paper,complicated,conceptual,1.67,0.30
4173,26,S26,Taxonomy,3,R3,Abductive Reasoning,14,P14,FAQ,complicated,conceptual,1.33,0.27
4174,26,S26,Taxonomy,3,R3,Abductive Reasoning,25,P25,Mind Map,complicated,conceptual,1.33,0.27
4175,26,S26,Taxonomy,3,R3,Abductive Reasoning,28,P28,Slide Deck,complicated,conceptual,1.33,0.27
4176,26,S26,Taxonomy,3,R3,Abductive Reasoning,36,P36,Metaphorical Explanation,complicated,conceptual,1.67,0.30
4177,26,S26,Taxonomy,4,R4,Root Cause Analysis,1,P1,Cornell Notes,complicated,conceptual,1.33,0.33
4178,26,S26,Taxonomy,4,R4,Root Cause Analysis,2,P2,SQ3R,complicated,conceptual,1.33,0.37
4179,26,S26,Taxonomy,4,R4,Root Cause Analysis,3,P3,CODE (Second Brain),complicated,conceptual,1.67,0.33
4180,26,S26,Taxonomy,4,R4,Root Cause Analysis,4,P4,Progressive Summarization,complicated,conceptual,1.67,0.33
4181,26,S26,Taxonomy,4,R4,Root Cause Analysis,6,P6,Memo,complicated,conceptual,1.33,0.27
4182,26,S26,Taxonomy,4,R4,Root Cause Analysis,7,P7,Executive Summary,complicated,conceptual,1.33,0.27
4183,26,S26,Taxonomy,4,R4,Root Cause Analysis,10,P10,White Paper,complicated,conceptual,1.67,0.30
4184,26,S26,Taxonomy,4,R4,Root Cause Analysis,14,P14,FAQ,complicated,conceptual,1.33,0.27
4185,26,S26,Taxonomy,4,R4,Root Cause Analysis,25,P25,Mind Map,complicated,conceptual,1.33,0.27
4186,26,S26,Taxonomy,4,R4,Root Cause Analysis,28,P28,Slide Deck,complicated,conceptual,1.33,0.27
4187,26,S26,Taxonomy,4,R4,Root Cause Analysis,36,P36,Metaphorical Explanation,complicated,conceptual,1.67,0.30
4188,26,S26,Taxonomy,5,R5,A3 Problem Solving,18,P18,Causal Diagram,complicated,visual,1.67,0.37
4189,26,S26,Taxonomy,5,R5,A3 Problem Solving,19,P19,Flowchart,complicated,visual,1.33,0.33
4190,26,S26,Taxonomy,5,R5,A3 Problem Solving,20,P20,Gantt Chart,complicated,visual,1.33,0.40
4191,26,S26,Taxonomy,5,R5,A3 Problem Solving,21,P21,Dashboard,complicated,visual,1.67,0.37
4192,26,S26,Taxonomy,5,R5,A3 Problem Solving,22,P22,Infographic,complicated,visual,1.33,0.37
4193,26,S26,Taxonomy,5,R5,A3 Problem Solving,23,P23,Systems Diagram,complicated,visual,1.67,0.40
4194,26,S26,Taxonomy,5,R5,A3 Problem Solving,24,P24,Network Graph,complicated,visual,1.67,0.40
4195,26,S26,Taxonomy,5,R5,A3 Problem Solving,25,P25,Mind Map,complicated,visual,1.33,0.33
4196,26,S26,Taxonomy,5,R5,A3 Problem Solving,26,P26,Timeline,complicated,visual,1.33,0.33
4197,26,S26,Taxonomy,5,R5,A3 Problem Solving,27,P27,Fishbone Diagram,complicated,visual,1.33,0.40
4198,26,S26,Taxonomy,5,R5,A3 Problem Solving,28,P28,Slide Deck,complicated,visual,1.33,0.33
4199,26,S26,Taxonomy,5,R5,A3 Problem Solving,29,P29,Interactive Visualization,complicated,visual,2.00,0.40
4200,26,S26,Taxonomy,5,R5,A3 Problem Solving,30,P30,Video,complicated,visual,1.67,0.37
4201,26,S26,Taxonomy,5,R5,A3 Problem Solving,31,P31,Simulation,complicated,visual,2.00,0.43
4202,26,S26,Taxonomy,6,R6,8D Problem Solving,5,P5,Checklist,complicated,sequential,1.33,0.40
4203,26,S26,Taxonomy,6,R6,8D Problem Solving,8,P8,Technical Report,complicated,sequential,1.67,0.37
4204,26,S26,Taxonomy,6,R6,8D Problem Solving,13,P13,Tutorial,complicated,sequential,1.33,0.40
4205,26,S26,Taxonomy,6,R6,8D Problem Solving,19,P19,Flowchart,complicated,sequential,1.33,0.37
4206,26,S26,Taxonomy,6,R6,8D Problem Solving,20,P20,Gantt Chart,complicated,sequential,1.33,0.43
4207,26,S26,Taxonomy,6,R6,8D Problem Solving,26,P26,Timeline,complicated,sequential,1.33,0.37
4208,26,S26,Taxonomy,6,R6,8D Problem Solving,32,P32,Annotated Code,complicated,sequential,1.67,0.50
4209,26,S26,Taxonomy,7,R7,TRIZ,1,P1,Cornell Notes,complicated,conceptual,1.67,0.40
4210,26,S26,Taxonomy,7,R7,TRIZ,2,P2,SQ3R,complicated,conceptual,1.67,0.43
4211,26,S26,Taxonomy,7,R7,TRIZ,3,P3,CODE (Second Brain),complicated,conceptual,2.00,0.40
4212,26,S26,Taxonomy,7,R7,TRIZ,4,P4,Progressive Summarization,complicated,conceptual,2.00,0.40
4213,26,S26,Taxonomy,7,R7,TRIZ,6,P6,Memo,complicated,conceptual,1.67,0.33
4214,26,S26,Taxonomy,7,R7,TRIZ,7,P7,Executive Summary,complicated,conceptual,1.67,0.33
4215,26,S26,Taxonomy,7,R7,TRIZ,10,P10,White Paper,complicated,conceptual,2.00,0.37
4216,26,S26,Taxonomy,7,R7,TRIZ,14,P14,FAQ,complicated,conceptual,1.67,0.33
4217,26,S26,Taxonomy,7,R7,TRIZ,25,P25,Mind Map,complicated,conceptual,1.67,0.33
4218,26,S26,Taxonomy,7,R7,TRIZ,28,P28,Slide Deck,complicated,conceptual,1.67,0.33
4219,26,S26,Taxonomy,7,R7,TRIZ,36,P36,Metaphorical Explanation,complicated,conceptual,2.00,0.37
4220,26,S26,Taxonomy,9,R9,OODA Loop,5,P5,Checklist,complicated,sequential,1.33,0.33
4221,26,S26,Taxonomy,9,R9,OODA Loop,8,P8,Technical Report,complicated,sequential,1.67,0.30
4222,26,S26,Taxonomy,9,R9,OODA Loop,13,P13,Tutorial,complicated,sequential,1.33,0.33
4223,26,S26,Taxonomy,9,R9,OODA Loop,19,P19,Flowchart,complicated,sequential,1.33,0.30
4224,26,S26,Taxonomy,9,R9,OODA Loop,20,P20,Gantt Chart,complicated,sequential,1.33,0.37
4225,26,S26,Taxonomy,9,R9,OODA Loop,26,P26,Timeline,complicated,sequential,1.33,0.30
4226,26,S26,Taxonomy,9,R9,OODA Loop,32,P32,Annotated Code,complicated,sequential,1.67,0.43
4227,26,S26,Taxonomy,10,R10,PDCA,5,P5,Checklist,complicated,sequential,1.00,0.30
4228,26,S26,Taxonomy,10,R10,PDCA,8,P8,Technical Report,complicated,sequential,1.33,0.27
4229,26,S26,Taxonomy,10,R10,PDCA,13,P13,Tutorial,complicated,sequential,1.00,0.30
4230,26,S26,Taxonomy,10,R10,PDCA,19,P19,Flowchart,complicated,sequential,1.00,0.27
4231,26,S26,Taxonomy,10,R10,PDCA,20,P20,Gantt Chart,complicated,sequential,1.00,0.33
4232,26,S26,Taxonomy,10,R10,PDCA,26,P26,Timeline,complicated,sequential,1.00,0.27
4233,26,S26,Taxonomy,10,R10,PDCA,32,P32,Annotated Code,complicated,sequential,1.33,0.40
4234,26,S26,Taxonomy,11,R11,GROW Model,5,P5,Checklist,complicated,sequential,1.00,0.37
4235,26,S26,Taxonomy,11,R11,GROW Model,8,P8,Technical Report,complicated,sequential,1.33,0.33
4236,26,S26,Taxonomy,11,R11,GROW Model,13,P13,Tutorial,complicated,sequential,1.00,0.37
4237,26,S26,Taxonomy,11,R11,GROW Model,19,P19,Flowchart,complicated,sequential,1.00,0.33
4238,26,S26,Taxonomy,11,R11,GROW Model,20,P20,Gantt Chart,complicated,sequential,1.00,0.40
4239,26,S26,Taxonomy,11,R11,GROW Model,26,P26,Timeline,complicated,sequential,1.00,0.33
4240,26,S26,Taxonomy,11,R11,GROW Model,32,P32,Annotated Code,complicated,sequential,1.33,0.47
4241,26,S26,Taxonomy,12,R12,Scientific Method,5,P5,Checklist,complicated,sequential,1.33,0.27
4242,26,S26,Taxonomy,12,R12,Scientific Method,8,P8,Technical Report,complicated,sequential,1.67,0.23
4243,26,S26,Taxonomy,12,R12,Scientific Method,13,P13,Tutorial,complicated,sequential,1.33,0.27
4244,26,S26,Taxonomy,12,R12,Scientific Method,19,P19,Flowchart,complicated,sequential,1.33,0.23
4245,26,S26,Taxonomy,12,R12,Scientific Method,20,P20,Gantt Chart,complicated,sequential,1.33,0.30
4246,26,S26,Taxonomy,12,R12,Scientific Method,26,P26,Timeline,complicated,sequential,1.33,0.23
4247,26,S26,Taxonomy,12,R12,Scientific Method,32,P32,Annotated Code,complicated,sequential,1.67,0.37
4248,26,S26,Taxonomy,13,R13,MCDA,7,P7,Executive Summary,complicated,comparative,1.33,0.27
4249,26,S26,Taxonomy,13,R13,MCDA,8,P8,Technical Report,complicated,quantitative,1.67,0.27
4250,26,S26,Taxonomy,13,R13,MCDA,9,P9,Policy Brief,complicated,comparative,1.67,0.33
4251,26,S26,Taxonomy,13,R13,MCDA,11,P11,Academic Paper,complicated,quantitative,2.00,0.30
4252,26,S26,Taxonomy,13,R13,MCDA,16,P16,Comparative Table,complicated,comparative,1.33,0.27
4253,26,S26,Taxonomy,13,R13,MCDA,17,P17,Decision Matrix,complicated,comparative; quantitative,1.33,0.30
4254,26,S26,Taxonomy,13,R13,MCDA,21,P21,Dashboard,complicated,quantitative,1.67,0.30
4255,26,S26,Taxonomy,13,R13,MCDA,29,P29,Interactive Visualization,complicated,quantitative,2.00,0.33
4256,26,S26,Taxonomy,13,R13,MCDA,31,P31,Simulation,complicated,quantitative,2.00,0.37
4257,26,S26,Taxonomy,14,R14,Trial and Error,5,P5,Checklist,simple,sequential,1.00,0.27
4258,26,S26,Taxonomy,14,R14,Trial and Error,8,P8,Technical Report,simple,sequential,1.33,0.23
4259,26,S26,Taxonomy,14,R14,Trial and Error,13,P13,Tutorial,simple,sequential,1.00,0.27
4260,26,S26,Taxonomy,14,R14,Trial and Error,19,P19,Flowchart,simple,sequential,1.00,0.23
4261,26,S26,Taxonomy,14,R14,Trial and Error,20,P20,Gantt Chart,simple,sequential,1.00,0.30
4262,26,S26,Taxonomy,14,R14,Trial and Error,26,P26,Timeline,simple,sequential,1.00,0.23
4263,26,S26,Taxonomy,14,R14,Trial and Error,32,P32,Annotated Code,simple,sequential,1.33,0.37
4264,26,S26,Taxonomy,18,R18,Hypothesis Testing,8,P8,Technical Report,complicated,quantitative,1.67,0.27
4265,26,S26,Taxonomy,18,R18,Hypothesis Testing,11,P11,Academic Paper,complicated,quantitative,2.00,0.30
4266,26,S26,Taxonomy,18,R18,Hypothesis Testing,17,P17,Decision Matrix,complicated,quantitative,1.33,0.30
4267,26,S26,Taxonomy,18,R18,Hypothesis Testing,21,P21,Dashboard,complicated,quantitative,1.67,0.30
4268,26,S26,Taxonomy,18,R18,Hypothesis Testing,29,P29,Interactive Visualization,complicated,quantitative,2.00,0.33
4269,26,S26,Taxonomy,18,R18,Hypothesis Testing,31,P31,Simulation,complicated,quantitative,2.00,0.37
4270,26,S26,Taxonomy,20,R20,Sensitivity Analysis,8,P8,Technical Report,complicated,quantitative,1.67,0.27
4271,26,S26,Taxonomy,20,R20,Sensitivity Analysis,11,P11,Academic Paper,complicated,quantitative,2.00,0.30
4272,26,S26,Taxonomy,20,R20,Sensitivity Analysis,17,P17,Decision Matrix,complicated,quantitative,1.33,0.30
4273,26,S26,Taxonomy,20,R20,Sensitivity Analysis,21,P21,Dashboard,complicated,quantitative,1.67,0.30
4274,26,S26,Taxonomy,20,R20,Sensitivity Analysis,29,P29,Interactive Visualization,complicated,quantitative,2.00,0.33
4275,26,S26,Taxonomy,20,R20,Sensitivity Analysis,31,P31,Simulation,complicated,quantitative,2.00,0.37
4276,26,S26,Taxonomy,21,R21,Analogical Reasoning,1,P1,Cornell Notes,complicated,conceptual,1.33,0.30
4277,26,S26,Taxonomy,21,R21,Analogical Reasoning,2,P2,SQ3R,complicated,conceptual,1.33,0.33
4278,26,S26,Taxonomy,21,R21,Analogical Reasoning,3,P3,CODE (Second Brain),complicated,conceptual,1.67,0.30
4279,26,S26,Taxonomy,21,R21,Analogical Reasoning,4,P4,Progressive Summarization,complicated,conceptual,1.67,0.30
4280,26,S26,Taxonomy,21,R21,Analogical Reasoning,6,P6,Memo,complicated,conceptual,1.33,0.23
4281,26,S26,Taxonomy,21,R21,Analogical Reasoning,7,P7,Executive Summary,complicated,conceptual,1.33,0.23
4282,26,S26,Taxonomy,21,R21,Analogical Reasoning,10,P10,White Paper,complicated,conceptual,1.67,0.27
4283,26,S26,Taxonomy,21,R21,Analogical Reasoning,14,P14,FAQ,complicated,conceptual,1.33,0.23
4284,26,S26,Taxonomy,21,R21,Analogical Reasoning,25,P25,Mind Map,complicated,conceptual,1.33,0.23
4285,26,S26,Taxonomy,21,R21,Analogical Reasoning,28,P28,Slide Deck,complicated,conceptual,1.33,0.23
4286,26,S26,Taxonomy,21,R21,Analogical Reasoning,36,P36,Metaphorical Explanation,complicated,conceptual,1.67,0.27
4287,26,S26,Taxonomy,22,R22,Case-Based Reasoning,7,P7,Executive Summary,complicated,comparative,1.33,0.27
4288,26,S26,Taxonomy,22,R22,Case-Based Reasoning,9,P9,Policy Brief,complicated,comparative,1.67,0.33
4289,26,S26,Taxonomy,22,R22,Case-Based Reasoning,16,P16,Comparative Table,complicated,comparative,1.33,0.27
4290,26,S26,Taxonomy,22,R22,Case-Based Reasoning,17,P17,Decision Matrix,complicated,comparative,1.33,0.30
4291,26,S26,Taxonomy,23,R23,Benchmarking,7,P7,Executive Summary,complicated,comparative,1.00,0.27
4292,26,S26,Taxonomy,23,R23,Benchmarking,9,P9,Policy Brief,complicated,comparative,1.33,0.33
4293,26,S26,Taxonomy,23,R23,Benchmarking,16,P16,Comparative Table,complicated,comparative,1.00,0.27
4294,26,S26,Taxonomy,23,R23,Benchmarking,17,P17,Decision Matrix,complicated,comparative,1.00,0.30
4295,26,S26,Taxonomy,25,R25,Counterfactual Analysis,6,P6,Memo,complicated,narrative,1.33,0.27
4296,26,S26,Taxonomy,25,R25,Counterfactual Analysis,9,P9,Policy Brief,complicated,narrative,1.67,0.33
4297,26,S26,Taxonomy,25,R25,Counterfactual Analysis,12,P12,Case Study,complicated,narrative,1.67,0.30
4298,26,S26,Taxonomy,25,R25,Counterfactual Analysis,15,P15,Dialogue,complicated,narrative,1.67,0.30
4299,26,S26,Taxonomy,25,R25,Counterfactual Analysis,22,P22,Infographic,complicated,narrative,1.33,0.30
4300,26,S26,Taxonomy,25,R25,Counterfactual Analysis,28,P28,Slide Deck,complicated,narrative,1.33,0.27
4301,26,S26,Taxonomy,25,R25,Counterfactual Analysis,30,P30,Video,complicated,narrative,1.67,0.30
4302,26,S26,Taxonomy,25,R25,Counterfactual Analysis,33,P33,Narrative Synthesis,complicated,narrative,1.67,0.27
4303,26,S26,Taxonomy,25,R25,Counterfactual Analysis,34,P34,Scenario Narrative,complicated,narrative,1.67,0.30
4304,26,S26,Taxonomy,25,R25,Counterfactual Analysis,35,P35,Dialogue Format,complicated,narrative,1.67,0.30
4305,26,S26,Taxonomy,25,R25,Counterfactual Analysis,36,P36,Metaphorical Explanation,complicated,narrative,1.67,0.30
4306,26,S26,Taxonomy,26,R26,Pre-mortem Analysis,6,P6,Memo,complicated,qualitative,1.33,0.23
4307,26,S26,Taxonomy,26,R26,Pre-mortem Analysis,8,P8,Technical Report,complicated,qualitative,1.67,0.23
4308,26,S26,Taxonomy,26,R26,Pre-mortem Analysis,10,P10,White Paper,complicated,qualitative,1.67,0.27
4309,26,S26,Taxonomy,26,R26,Pre-mortem Analysis,11,P11,Academic Paper,complicated,qualitative,2.00,0.27
4310,26,S26,Taxonomy,26,R26,Pre-mortem Analysis,12,P12,Case Study,complicated,qualitative,1.67,0.27
4311,26,S26,Taxonomy,26,R26,Pre-mortem Analysis,15,P15,Dialogue,complicated,qualitative,1.67,0.27
4312,26,S26,Taxonomy,26,R26,Pre-mortem Analysis,33,P33,Narrative Synthesis,complicated,qualitative,1.67,0.23
4313,26,S26,Taxonomy,26,R26,Pre-mortem Analysis,35,P35,Dialogue Format,complicated,qualitative,1.67,0.27
4314,26,S26,Taxonomy,27,R27,Post-mortem Analysis,6,P6,Memo,complicated,qualitative,1.00,0.27
4315,26,S26,Taxonomy,27,R27,Post-mortem Analysis,8,P8,Technical Report,complicated,qualitative,1.33,0.27
4316,26,S26,Taxonomy,27,R27,Post-mortem Analysis,10,P10,White Paper,complicated,qualitative,1.33,0.30
4317,26,S26,Taxonomy,27,R27,Post-mortem Analysis,11,P11,Academic Paper,complicated,qualitative,1.67,0.30
4318,26,S26,Taxonomy,27,R27,Post-mortem Analysis,12,P12,Case Study,complicated,qualitative,1.33,0.30
4319,26,S26,Taxonomy,27,R27,Post-mortem Analysis,15,P15,Dialogue,complicated,qualitative,1.33,0.30
4320,26,S26,Taxonomy,27,R27,Post-mortem Analysis,33,P33,Narrative Synthesis,complicated,qualitative,1.33,0.27
4321,26,S26,Taxonomy,27,R27,Post-mortem Analysis,35,P35,Dialogue Format,complicated,qualitative,1.33,0.30
4322,26,S26,Taxonomy,28,R28,Red Team/Blue Team,7,P7,Executive Summary,complicated,comparative,1.33,0.30
4323,26,S26,Taxonomy,28,R28,Red Team/Blue Team,9,P9,Policy Brief,complicated,comparative,1.67,0.37
4324,26,S26,Taxonomy,28,R28,Red Team/Blue Team,16,P16,Comparative Table,complicated,comparative,1.33,0.30
4325,26,S26,Taxonomy,28,R28,Red Team/Blue Team,17,P17,Decision Matrix,complicated,comparative,1.33,0.33
4326,26,S26,Taxonomy,29,R29,Devil's Advocate,6,P6,Memo,complicated,qualitative,1.00,0.23
4327,26,S26,Taxonomy,29,R29,Devil's Advocate,8,P8,Technical Report,complicated,qualitative,1.33,0.23
4328,26,S26,Taxonomy,29,R29,Devil's Advocate,10,P10,White Paper,complicated,qualitative,1.33,0.27
4329,26,S26,Taxonomy,29,R29,Devil's Advocate,11,P11,Academic Paper,complicated,qualitative,1.67,0.27
4330,26,S26,Taxonomy,29,R29,Devil's Advocate,12,P12,Case Study,complicated,qualitative,1.33,0.27
4331,26,S26,Taxonomy,29,R29,Devil's Advocate,15,P15,Dialogue,complicated,qualitative,1.33,0.27
4332,26,S26,Taxonomy,29,R29,Devil's Advocate,33,P33,Narrative Synthesis,complicated,qualitative,1.33,0.23
4333,26,S26,Taxonomy,29,R29,Devil's Advocate,35,P35,Dialogue Format,complicated,qualitative,1.33,0.27
4334,26,S26,Taxonomy,31,R31,Critical Thinking,6,P6,Memo,complicated,qualitative,1.33,0.23
4335,26,S26,Taxonomy,31,R31,Critical Thinking,8,P8,Technical Report,complicated,qualitative,1.67,0.23
4336,26,S26,Taxonomy,31,R31,Critical Thinking,10,P10,White Paper,complicated,qualitative,1.67,0.27
4337,26,S26,Taxonomy,31,R31,Critical Thinking,11,P11,Academic Paper,complicated,qualitative,2.00,0.27
4338,26,S26,Taxonomy,31,R31,Critical Thinking,12,P12,Case Study,complicated,qualitative,1.67,0.27
4339,26,S26,Taxonomy,31,R31,Critical Thinking,15,P15,Dialogue,complicated,qualitative,1.67,0.27
4340,26,S26,Taxonomy,31,R31,Critical Thinking,33,P33,Narrative Synthesis,complicated,qualitative,1.67,0.23
4341,26,S26,Taxonomy,31,R31,Critical Thinking,35,P35,Dialogue Format,complicated,qualitative,1.67,0.27
4342,26,S26,Taxonomy,32,R32,FMEA,7,P7,Executive Summary,complicated,comparative,1.33,0.33
4343,26,S26,Taxonomy,32,R32,FMEA,8,P8,Technical Report,complicated,quantitative,1.67,0.33
4344,26,S26,Taxonomy,32,R32,FMEA,9,P9,Policy Brief,complicated,comparative,1.67,0.40
4345,26,S26,Taxonomy,32,R32,FMEA,11,P11,Academic Paper,complicated,quantitative,2.00,0.37
4346,26,S26,Taxonomy,32,R32,FMEA,16,P16,Comparative Table,complicated,comparative,1.33,0.33
4347,26,S26,Taxonomy,32,R32,FMEA,17,P17,Decision Matrix,complicated,comparative; quantitative,1.33,0.37
4348,26,S26,Taxonomy,32,R32,FMEA,21,P21,Dashboard,complicated,quantitative,1.67,0.37
4349,26,S26,Taxonomy,32,R32,FMEA,29,P29,Interactive Visualization,complicated,quantitative,2.00,0.40
4350,26,S26,Taxonomy,32,R32,FMEA,31,P31,Simulation,complicated,quantitative,2.00,0.43
4351,26,S26,Taxonomy,33,R33,Fault Tree Analysis,18,P18,Causal Diagram,complicated,visual,1.67,0.37
4352,26,S26,Taxonomy,33,R33,Fault Tree Analysis,19,P19,Flowchart,complicated,visual,1.33,0.33
4353,26,S26,Taxonomy,33,R33,Fault Tree Analysis,20,P20,Gantt Chart,complicated,visual,1.33,0.40
4354,26,S26,Taxonomy,33,R33,Fault Tree Analysis,21,P21,Dashboard,complicated,visual,1.67,0.37
4355,26,S26,Taxonomy,33,R33,Fault Tree Analysis,22,P22,Infographic,complicated,visual,1.33,0.37
4356,26,S26,Taxonomy,33,R33,Fault Tree Analysis,23,P23,Systems Diagram,complicated,visual,1.67,0.40
4357,26,S26,Taxonomy,33,R33,Fault Tree Analysis,24,P24,Network Graph,complicated,visual,1.67,0.40
4358,26,S26,Taxonomy,33,R33,Fault Tree Analysis,25,P25,Mind Map,complicated,visual,1.33,0.33
4359,26,S26,Taxonomy,33,R33,Fault Tree Analysis,26,P26,Timeline,complicated,visual,1.33,0.33
4360,26,S26,Taxonomy,33,R33,Fault Tree Analysis,27,P27,Fishbone Diagram,complicated,visual,1.33,0.40
4361,26,S26,Taxonomy,33,R33,Fault Tree Analysis,28,P28,Slide Deck,complicated,visual,1.33,0.33
4362,26,S26,Taxonomy,33,R33,Fault Tree Analysis,29,P29,Interactive Visualization,complicated,visual,2.00,0.40
4363,26,S26,Taxonomy,33,R33,Fault Tree Analysis,30,P30,Video,complicated,visual,1.67,0.37
4364,26,S26,Taxonomy,33,R33,Fault Tree Analysis,31,P31,Simulation,complicated,visual,2.00,0.43
4365,26,S26,Taxonomy,34,R34,Event Tree Analysis,5,P5,Checklist,complicated,sequential,1.33,0.37
4366,26,S26,Taxonomy,34,R34,Event Tree Analysis,8,P8,Technical Report,complicated,sequential,1.67,0.33
4367,26,S26,Taxonomy,34,R34,Event Tree Analysis,13,P13,Tutorial,complicated,sequential,1.33,0.37
4368,26,S26,Taxonomy,34,R34,Event Tree Analysis,19,P19,Flowchart,complicated,sequential,1.33,0.33
4369,26,S26,Taxonomy,34,R34,Event Tree Analysis,20,P20,Gantt Chart,complicated,sequential,1.33,0.40
4370,26,S26,Taxonomy,34,R34,Event Tree Analysis,26,P26,Timeline,complicated,sequential,1.33,0.33
4371,26,S26,Taxonomy,34,R34,Event Tree Analysis,32,P32,Annotated Code,complicated,sequential,1.67,0.47
4372,26,S26,Taxonomy,35,R35,Bow-Tie Analysis,18,P18,Causal Diagram,complicated,visual,1.67,0.37
4373,26,S26,Taxonomy,35,R35,Bow-Tie Analysis,19,P19,Flowchart,complicated,visual,1.33,0.33
4374,26,S26,Taxonomy,35,R35,Bow-Tie Analysis,20,P20,Gantt Chart,complicated,visual,1.33,0.40
4375,26,S26,Taxonomy,35,R35,Bow-Tie Analysis,21,P21,Dashboard,complicated,visual,1.67,0.37
4376,26,S26,Taxonomy,35,R35,Bow-Tie Analysis,22,P22,Infographic,complicated,visual,1.33,0.37
4377,26,S26,Taxonomy,35,R35,Bow-Tie Analysis,23,P23,Systems Diagram,complicated,visual,1.67,0.40
4378,26,S26,Taxonomy,35,R35,Bow-Tie Analysis,24,P24,Network Graph,complicated,visual,1.67,0.40
4379,26,S26,Taxonomy,35,R35,Bow-Tie Analysis,25,P25,Mind Map,complicated,visual,1.33,0.33
4380,26,S26,Taxonomy,35,R35,Bow-Tie Analysis,26,P26,Timeline,complicated,visual,1.33,0.33
4381,26,S26,Taxonomy,35,R35,Bow-Tie Analysis,27,P27,Fishbone Diagram,complicated,visual,1.33,0.40
4382,26,S26,Taxonomy,35,R35,Bow-Tie Analysis,28,P28,Slide Deck,complicated,visual,1.33,0.33
4383,26,S26,Taxonomy,35,R35,Bow-Tie Analysis,29,P29,Interactive Visualization,complicated,visual,2.00,0.40
4384,26,S26,Taxonomy,35,R35,Bow-Tie Analysis,30,P30,Video,complicated,visual,1.67,0.37
4385,26,S26,Taxonomy,35,R35,Bow-Tie Analysis,31,P31,Simulation,complicated,visual,2.00,0.43
4386,26,S26,Taxonomy,37,R37,Nominal Group Technique,6,P6,Memo,complicated,qualitative,1.00,0.27
4387,26,S26,Taxonomy,37,R37,Nominal Group Technique,8,P8,Technical Report,complicated,qualitative,1.33,0.27
4388,26,S26,Taxonomy,37,R37,Nominal Group Technique,10,P10,White Paper,complicated,qualitative,1.33,0.30
4389,26,S26,Taxonomy,37,R37,Nominal Group Technique,11,P11,Academic Paper,complicated,qualitative,1.67,0.30
4390,26,S26,Taxonomy,37,R37,Nominal Group Technique,12,P12,Case Study,complicated,qualitative,1.33,0.30
4391,26,S26,Taxonomy,37,R37,Nominal Group Technique,15,P15,Dialogue,complicated,qualitative,1.33,0.30
4392,26,S26,Taxonomy,37,R37,Nominal Group Technique,33,P33,Narrative Synthesis,complicated,qualitative,1.33,0.27
4393,26,S26,Taxonomy,37,R37,Nominal Group Technique,35,P35,Dialogue Format,complicated,qualitative,1.33,0.30
4394,26,S26,Taxonomy,38,R38,Six Thinking Hats,6,P6,Memo,complicated,qualitative,1.00,0.27
4395,26,S26,Taxonomy,38,R38,Six Thinking Hats,8,P8,Technical Report,complicated,qualitative,1.33,0.27
4396,26,S26,Taxonomy,38,R38,Six Thinking Hats,10,P10,White Paper,complicated,qualitative,1.33,0.30
4397,26,S26,Taxonomy,38,R38,Six Thinking Hats,11,P11,Academic Paper,complicated,qualitative,1.67,0.30
4398,26,S26,Taxonomy,38,R38,Six Thinking Hats,12,P12,Case Study,complicated,qualitative,1.33,0.30
4399,26,S26,Taxonomy,38,R38,Six Thinking Hats,15,P15,Dialogue,complicated,qualitative,1.33,0.30
4400,26,S26,Taxonomy,38,R38,Six Thinking Hats,33,P33,Narrative Synthesis,complicated,qualitative,1.33,0.27
4401,26,S26,Taxonomy,38,R38,Six Thinking Hats,35,P35,Dialogue Format,complicated,qualitative,1.33,0.30
4402,26,S26,Taxonomy,39,R39,Linear Programming,8,P8,Technical Report,complicated,quantitative,2.00,0.33
4403,26,S26,Taxonomy,39,R39,Linear Programming,11,P11,Academic Paper,complicated,quantitative,2.33,0.37
4404,26,S26,Taxonomy,39,R39,Linear Programming,17,P17,Decision Matrix,complicated,quantitative,1.67,0.37
4405,26,S26,Taxonomy,39,R39,Linear Programming,21,P21,Dashboard,complicated,quantitative,2.00,0.37
4406,26,S26,Taxonomy,39,R39,Linear Programming,29,P29,Interactive Visualization,complicated,quantitative,2.33,0.40
4407,26,S26,Taxonomy,39,R39,Linear Programming,31,P31,Simulation,complicated,quantitative,2.33,0.43
4408,26,S26,Taxonomy,40,R40,Decision Trees,5,P5,Checklist,complicated,sequential,1.33,0.30
4409,26,S26,Taxonomy,40,R40,Decision Trees,8,P8,Technical Report,complicated,sequential,1.67,0.27
4410,26,S26,Taxonomy,40,R40,Decision Trees,13,P13,Tutorial,complicated,sequential,1.33,0.30
4411,26,S26,Taxonomy,40,R40,Decision Trees,18,P18,Causal Diagram,complicated,visual,1.67,0.30
4412,26,S26,Taxonomy,40,R40,Decision Trees,19,P19,Flowchart,complicated,sequential; visual,1.33,0.27
4413,26,S26,Taxonomy,40,R40,Decision Trees,20,P20,Gantt Chart,complicated,sequential; visual,1.33,0.33
4414,26,S26,Taxonomy,40,R40,Decision Trees,21,P21,Dashboard,complicated,visual,1.67,0.30
4415,26,S26,Taxonomy,40,R40,Decision Trees,22,P22,Infographic,complicated,visual,1.33,0.30
4416,26,S26,Taxonomy,40,R40,Decision Trees,23,P23,Systems Diagram,complicated,visual,1.67,0.33
4417,26,S26,Taxonomy,40,R40,Decision Trees,24,P24,Network Graph,complicated,visual,1.67,0.33
4418,26,S26,Taxonomy,40,R40,Decision Trees,25,P25,Mind Map,complicated,visual,1.33,0.27
4419,26,S26,Taxonomy,40,R40,Decision Trees,26,P26,Timeline,complicated,sequential; visual,1.33,0.27
4420,26,S26,Taxonomy,40,R40,Decision Trees,27,P27,Fishbone Diagram,complicated,visual,1.33,0.33
4421,26,S26,Taxonomy,40,R40,Decision Trees,28,P28,Slide Deck,complicated,visual,1.33,0.27
4422,26,S26,Taxonomy,40,R40,Decision Trees,29,P29,Interactive Visualization,complicated,visual,2.00,0.33
4423,26,S26,Taxonomy,40,R40,Decision Trees,30,P30,Video,complicated,visual,1.67,0.30
4424,26,S26,Taxonomy,40,R40,Decision Trees,31,P31,Simulation,complicated,visual,2.00,0.37
4425,26,S26,Taxonomy,40,R40,Decision Trees,32,P32,Annotated Code,complicated,sequential,1.67,0.40
4426,26,S26,Taxonomy,41,R41,Cost-Benefit Analysis,7,P7,Executive Summary,complicated,comparative,1.33,0.27
4427,26,S26,Taxonomy,41,R41,Cost-Benefit Analysis,8,P8,Technical Report,complicated,quantitative,1.67,0.27
4428,26,S26,Taxonomy,41,R41,Cost-Benefit Analysis,9,P9,Policy Brief,complicated,comparative,1.67,0.33
4429,26,S26,Taxonomy,41,R41,Cost-Benefit Analysis,11,P11,Academic Paper,complicated,quantitative,2.00,0.30
4430,26,S26,Taxonomy,41,R41,Cost-Benefit Analysis,16,P16,Comparative Table,complicated,comparative,1.33,0.27
4431,26,S26,Taxonomy,41,R41,Cost-Benefit Analysis,17,P17,Decision Matrix,complicated,comparative; quantitative,1.33,0.30
4432,26,S26,Taxonomy,41,R41,Cost-Benefit Analysis,21,P21,Dashboard,complicated,quantitative,1.67,0.30
4433,26,S26,Taxonomy,41,R41,Cost-Benefit Analysis,29,P29,Interactive Visualization,complicated,quantitative,2.00,0.33
4434,26,S26,Taxonomy,41,R41,Cost-Benefit Analysis,31,P31,Simulation,complicated,quantitative,2.00,0.37
4435,26,S26,Taxonomy,42,R42,Trade-off Analysis,7,P7,Executive Summary,complicated,comparative,1.33,0.23
4436,26,S26,Taxonomy,42,R42,Trade-off Analysis,9,P9,Policy Brief,complicated,comparative,1.67,0.30
4437,26,S26,Taxonomy,42,R42,Trade-off Analysis,16,P16,Comparative Table,complicated,comparative,1.33,0.23
4438,26,S26,Taxonomy,42,R42,Trade-off Analysis,17,P17,Decision Matrix,complicated,comparative,1.33,0.27
4439,27,S27,Conceptual Modeling,1,R1,Deductive Reasoning,1,P1,Cornell Notes,complicated,conceptual,1.33,0.30
4440,27,S27,Conceptual Modeling,1,R1,Deductive Reasoning,2,P2,SQ3R,complicated,conceptual,1.33,0.33
4441,27,S27,Conceptual Modeling,1,R1,Deductive Reasoning,3,P3,CODE (Second Brain),complicated,conceptual,1.67,0.30
4442,27,S27,Conceptual Modeling,1,R1,Deductive Reasoning,4,P4,Progressive Summarization,complicated,conceptual,1.67,0.30
4443,27,S27,Conceptual Modeling,1,R1,Deductive Reasoning,6,P6,Memo,complicated,conceptual,1.33,0.23
4444,27,S27,Conceptual Modeling,1,R1,Deductive Reasoning,7,P7,Executive Summary,complicated,conceptual,1.33,0.23
4445,27,S27,Conceptual Modeling,1,R1,Deductive Reasoning,10,P10,White Paper,complicated,conceptual,1.67,0.27
4446,27,S27,Conceptual Modeling,1,R1,Deductive Reasoning,14,P14,FAQ,complicated,conceptual,1.33,0.23
4447,27,S27,Conceptual Modeling,1,R1,Deductive Reasoning,25,P25,Mind Map,complicated,conceptual,1.33,0.23
4448,27,S27,Conceptual Modeling,1,R1,Deductive Reasoning,28,P28,Slide Deck,complicated,conceptual,1.33,0.23
4449,27,S27,Conceptual Modeling,1,R1,Deductive Reasoning,36,P36,Metaphorical Explanation,complicated,conceptual,1.67,0.27
4450,27,S27,Conceptual Modeling,2,R2,Inductive Reasoning,6,P6,Memo,complicated,qualitative,1.67,0.23
4451,27,S27,Conceptual Modeling,2,R2,Inductive Reasoning,8,P8,Technical Report,complicated,qualitative,2.00,0.23
4452,27,S27,Conceptual Modeling,2,R2,Inductive Reasoning,10,P10,White Paper,complicated,qualitative,2.00,0.27
4453,27,S27,Conceptual Modeling,2,R2,Inductive Reasoning,11,P11,Academic Paper,complicated,qualitative,2.33,0.27
4454,27,S27,Conceptual Modeling,2,R2,Inductive Reasoning,12,P12,Case Study,complicated,qualitative,2.00,0.27
4455,27,S27,Conceptual Modeling,2,R2,Inductive Reasoning,15,P15,Dialogue,complicated,qualitative,2.00,0.27
4456,27,S27,Conceptual Modeling,2,R2,Inductive Reasoning,33,P33,Narrative Synthesis,complicated,qualitative,2.00,0.23
4457,27,S27,Conceptual Modeling,2,R2,Inductive Reasoning,35,P35,Dialogue Format,complicated,qualitative,2.00,0.27
4458,27,S27,Conceptual Modeling,3,R3,Abductive Reasoning,1,P1,Cornell Notes,complex; complicated,conceptual,1.67,0.33
4459,27,S27,Conceptual Modeling,3,R3,Abductive Reasoning,2,P2,SQ3R,complex; complicated,conceptual,1.67,0.37
4460,27,S27,Conceptual Modeling,3,R3,Abductive Reasoning,3,P3,CODE (Second Brain),complex; complicated,conceptual,2.00,0.33
4461,27,S27,Conceptual Modeling,3,R3,Abductive Reasoning,4,P4,Progressive Summarization,complex; complicated,conceptual,2.00,0.33
4462,27,S27,Conceptual Modeling,3,R3,Abductive Reasoning,6,P6,Memo,complex; complicated,conceptual,1.67,0.27
4463,27,S27,Conceptual Modeling,3,R3,Abductive Reasoning,7,P7,Executive Summary,complex; complicated,conceptual,1.67,0.27
4464,27,S27,Conceptual Modeling,3,R3,Abductive Reasoning,10,P10,White Paper,complex; complicated,conceptual,2.00,0.30
4465,27,S27,Conceptual Modeling,3,R3,Abductive Reasoning,14,P14,FAQ,complex; complicated,conceptual,1.67,0.27
4466,27,S27,Conceptual Modeling,3,R3,Abductive Reasoning,25,P25,Mind Map,complex; complicated,conceptual,1.67,0.27
4467,27,S27,Conceptual Modeling,3,R3,Abductive Reasoning,28,P28,Slide Deck,complex; complicated,conceptual,1.67,0.27
4468,27,S27,Conceptual Modeling,3,R3,Abductive Reasoning,36,P36,Metaphorical Explanation,complex; complicated,conceptual,2.00,0.30
4469,27,S27,Conceptual Modeling,4,R4,Root Cause Analysis,1,P1,Cornell Notes,complicated,conceptual,1.67,0.33
4470,27,S27,Conceptual Modeling,4,R4,Root Cause Analysis,2,P2,SQ3R,complicated,conceptual,1.67,0.37
4471,27,S27,Conceptual Modeling,4,R4,Root Cause Analysis,3,P3,CODE (Second Brain),complicated,conceptual,2.00,0.33
4472,27,S27,Conceptual Modeling,4,R4,Root Cause Analysis,4,P4,Progressive Summarization,complicated,conceptual,2.00,0.33
4473,27,S27,Conceptual Modeling,4,R4,Root Cause Analysis,6,P6,Memo,complicated,conceptual,1.67,0.27
4474,27,S27,Conceptual Modeling,4,R4,Root Cause Analysis,7,P7,Executive Summary,complicated,conceptual,1.67,0.27
4475,27,S27,Conceptual Modeling,4,R4,Root Cause Analysis,10,P10,White Paper,complicated,conceptual,2.00,0.30
4476,27,S27,Conceptual Modeling,4,R4,Root Cause Analysis,14,P14,FAQ,complicated,conceptual,1.67,0.27
4477,27,S27,Conceptual Modeling,4,R4,Root Cause Analysis,25,P25,Mind Map,complicated,conceptual,1.67,0.27
4478,27,S27,Conceptual Modeling,4,R4,Root Cause Analysis,28,P28,Slide Deck,complicated,conceptual,1.67,0.27
4479,27,S27,Conceptual Modeling,4,R4,Root Cause Analysis,36,P36,Metaphorical Explanation,complicated,conceptual,2.00,0.30
4480,27,S27,Conceptual Modeling,5,R5,A3 Problem Solving,18,P18,Causal Diagram,complicated,visual,2.00,0.37
4481,27,S27,Conceptual Modeling,5,R5,A3 Problem Solving,19,P19,Flowchart,complicated,visual,1.67,0.33
4482,27,S27,Conceptual Modeling,5,R5,A3 Problem Solving,20,P20,Gantt Chart,complicated,visual,1.67,0.40
4483,27,S27,Conceptual Modeling,5,R5,A3 Problem Solving,21,P21,Dashboard,complicated,visual,2.00,0.37
4484,27,S27,Conceptual Modeling,5,R5,A3 Problem Solving,22,P22,Infographic,complicated,visual,1.67,0.37
4485,27,S27,Conceptual Modeling,5,R5,A3 Problem Solving,23,P23,Systems Diagram,complicated,visual,2.00,0.40
4486,27,S27,Conceptual Modeling,5,R5,A3 Problem Solving,24,P24,Network Graph,complicated,visual,2.00,0.40
4487,27,S27,Conceptual Modeling,5,R5,A3 Problem Solving,25,P25,Mind Map,complicated,visual,1.67,0.33
4488,27,S27,Conceptual Modeling,5,R5,A3 Problem Solving,26,P26,Timeline,complicated,visual,1.67,0.33
4489,27,S27,Conceptual Modeling,5,R5,A3 Problem Solving,27,P27,Fishbone Diagram,complicated,visual,1.67,0.40
4490,27,S27,Conceptual Modeling,5,R5,A3 Problem Solving,28,P28,Slide Deck,complicated,visual,1.67,0.33
4491,27,S27,Conceptual Modeling,5,R5,A3 Problem Solving,29,P29,Interactive Visualization,complicated,visual,2.33,0.40
4492,27,S27,Conceptual Modeling,5,R5,A3 Problem Solving,30,P30,Video,complicated,visual,2.00,0.37
4493,27,S27,Conceptual Modeling,5,R5,A3 Problem Solving,31,P31,Simulation,complicated,visual,2.33,0.43
4494,27,S27,Conceptual Modeling,6,R6,8D Problem Solving,5,P5,Checklist,complicated,sequential,1.67,0.40
4495,27,S27,Conceptual Modeling,6,R6,8D Problem Solving,8,P8,Technical Report,complicated,sequential,2.00,0.37
4496,27,S27,Conceptual Modeling,6,R6,8D Problem Solving,13,P13,Tutorial,complicated,sequential,1.67,0.40
4497,27,S27,Conceptual Modeling,6,R6,8D Problem Solving,19,P19,Flowchart,complicated,sequential,1.67,0.37
4498,27,S27,Conceptual Modeling,6,R6,8D Problem Solving,20,P20,Gantt Chart,complicated,sequential,1.67,0.43
4499,27,S27,Conceptual Modeling,6,R6,8D Problem Solving,26,P26,Timeline,complicated,sequential,1.67,0.37
4500,27,S27,Conceptual Modeling,6,R6,8D Problem Solving,32,P32,Annotated Code,complicated,sequential,2.00,0.50
4501,27,S27,Conceptual Modeling,7,R7,TRIZ,1,P1,Cornell Notes,complicated,conceptual,2.00,0.40
4502,27,S27,Conceptual Modeling,7,R7,TRIZ,2,P2,SQ3R,complicated,conceptual,2.00,0.43
4503,27,S27,Conceptual Modeling,7,R7,TRIZ,3,P3,CODE (Second Brain),complicated,conceptual,2.33,0.40
4504,27,S27,Conceptual Modeling,7,R7,TRIZ,4,P4,Progressive Summarization,complicated,conceptual,2.33,0.40
4505,27,S27,Conceptual Modeling,7,R7,TRIZ,6,P6,Memo,complicated,conceptual,2.00,0.33
4506,27,S27,Conceptual Modeling,7,R7,TRIZ,7,P7,Executive Summary,complicated,conceptual,2.00,0.33
4507,27,S27,Conceptual Modeling,7,R7,TRIZ,10,P10,White Paper,complicated,conceptual,2.33,0.37
4508,27,S27,Conceptual Modeling,7,R7,TRIZ,14,P14,FAQ,complicated,conceptual,2.00,0.33
4509,27,S27,Conceptual Modeling,7,R7,TRIZ,25,P25,Mind Map,complicated,conceptual,2.00,0.33
4510,27,S27,Conceptual Modeling,7,R7,TRIZ,28,P28,Slide Deck,complicated,conceptual,2.00,0.33
4511,27,S27,Conceptual Modeling,7,R7,TRIZ,36,P36,Metaphorical Explanation,complicated,conceptual,2.33,0.37
4512,27,S27,Conceptual Modeling,8,R8,Design Thinking,5,P5,Checklist,complex,sequential,1.67,0.30
4513,27,S27,Conceptual Modeling,8,R8,Design Thinking,6,P6,Memo,complex,qualitative,1.67,0.27
4514,27,S27,Conceptual Modeling,8,R8,Design Thinking,8,P8,Technical Report,complex,qualitative; sequential,2.00,0.27
4515,27,S27,Conceptual Modeling,8,R8,Design Thinking,10,P10,White Paper,complex,qualitative,2.00,0.30
4516,27,S27,Conceptual Modeling,8,R8,Design Thinking,11,P11,Academic Paper,complex,qualitative,2.33,0.30
4517,27,S27,Conceptual Modeling,8,R8,Design Thinking,12,P12,Case Study,complex,qualitative,2.00,0.30
4518,27,S27,Conceptual Modeling,8,R8,Design Thinking,13,P13,Tutorial,complex,sequential,1.67,0.30
4519,27,S27,Conceptual Modeling,8,R8,Design Thinking,15,P15,Dialogue,complex,qualitative,2.00,0.30
4520,27,S27,Conceptual Modeling,8,R8,Design Thinking,19,P19,Flowchart,complex,sequential,1.67,0.27
4521,27,S27,Conceptual Modeling,8,R8,Design Thinking,20,P20,Gantt Chart,complex,sequential,1.67,0.33
4522,27,S27,Conceptual Modeling,8,R8,Design Thinking,26,P26,Timeline,complex,sequential,1.67,0.27
4523,27,S27,Conceptual Modeling,8,R8,Design Thinking,32,P32,Annotated Code,complex,sequential,2.00,0.40
4524,27,S27,Conceptual Modeling,8,R8,Design Thinking,33,P33,Narrative Synthesis,complex,qualitative,2.00,0.27
4525,27,S27,Conceptual Modeling,8,R8,Design Thinking,35,P35,Dialogue Format,complex,qualitative,2.00,0.30
4526,27,S27,Conceptual Modeling,9,R9,OODA Loop,5,P5,Checklist,complex; complicated,sequential,1.67,0.33
4527,27,S27,Conceptual Modeling,9,R9,OODA Loop,8,P8,Technical Report,complex; complicated,sequential,2.00,0.30
4528,27,S27,Conceptual Modeling,9,R9,OODA Loop,13,P13,Tutorial,complex; complicated,sequential,1.67,0.33
4529,27,S27,Conceptual Modeling,9,R9,OODA Loop,19,P19,Flowchart,complex; complicated,sequential,1.67,0.30
4530,27,S27,Conceptual Modeling,9,R9,OODA Loop,20,P20,Gantt Chart,complex; complicated,sequential,1.67,0.37
4531,27,S27,Conceptual Modeling,9,R9,OODA Loop,26,P26,Timeline,complex; complicated,sequential,1.67,0.30
4532,27,S27,Conceptual Modeling,9,R9,OODA Loop,32,P32,Annotated Code,complex; complicated,sequential,2.00,0.43
4533,27,S27,Conceptual Modeling,10,R10,PDCA,5,P5,Checklist,complicated,sequential,1.33,0.30
4534,27,S27,Conceptual Modeling,10,R10,PDCA,8,P8,Technical Report,complicated,sequential,1.67,0.27
4535,27,S27,Conceptual Modeling,10,R10,PDCA,13,P13,Tutorial,complicated,sequential,1.33,0.30
4536,27,S27,Conceptual Modeling,10,R10,PDCA,19,P19,Flowchart,complicated,sequential,1.33,0.27
4537,27,S27,Conceptual Modeling,10,R10,PDCA,20,P20,Gantt Chart,complicated,sequential,1.33,0.33
4538,27,S27,Conceptual Modeling,10,R10,PDCA,26,P26,Timeline,complicated,sequential,1.33,0.27
4539,27,S27,Conceptual Modeling,10,R10,PDCA,32,P32,Annotated Code,complicated,sequential,1.67,0.40
4540,27,S27,Conceptual Modeling,11,R11,GROW Model,5,P5,Checklist,complicated,sequential,1.33,0.37
4541,27,S27,Conceptual Modeling,11,R11,GROW Model,8,P8,Technical Report,complicated,sequential,1.67,0.33
4542,27,S27,Conceptual Modeling,11,R11,GROW Model,13,P13,Tutorial,complicated,sequential,1.33,0.37
4543,27,S27,Conceptual Modeling,11,R11,GROW Model,19,P19,Flowchart,complicated,sequential,1.33,0.33
4544,27,S27,Conceptual Modeling,11,R11,GROW Model,20,P20,Gantt Chart,complicated,sequential,1.33,0.40
4545,27,S27,Conceptual Modeling,11,R11,GROW Model,26,P26,Timeline,complicated,sequential,1.33,0.33
4546,27,S27,Conceptual Modeling,11,R11,GROW Model,32,P32,Annotated Code,complicated,sequential,1.67,0.47
4547,27,S27,Conceptual Modeling,12,R12,Scientific Method,5,P5,Checklist,complex; complicated,sequential,1.67,0.27
4548,27,S27,Conceptual Modeling,12,R12,Scientific Method,8,P8,Technical Report,complex; complicated,sequential,2.00,0.23
4549,27,S27,Conceptual Modeling,12,R12,Scientific Method,13,P13,Tutorial,complex; complicated,sequential,1.67,0.27
4550,27,S27,Conceptual Modeling,12,R12,Scientific Method,19,P19,Flowchart,complex; complicated,sequential,1.67,0.23
4551,27,S27,Conceptual Modeling,12,R12,Scientific Method,20,P20,Gantt Chart,complex; complicated,sequential,1.67,0.30
4552,27,S27,Conceptual Modeling,12,R12,Scientific Method,26,P26,Timeline,complex; complicated,sequential,1.67,0.23
4553,27,S27,Conceptual Modeling,12,R12,Scientific Method,32,P32,Annotated Code,complex; complicated,sequential,2.00,0.37
4554,27,S27,Conceptual Modeling,13,R13,MCDA,7,P7,Executive Summary,complicated,comparative,1.67,0.27
4555,27,S27,Conceptual Modeling,13,R13,MCDA,8,P8,Technical Report,complicated,quantitative,2.00,0.27
4556,27,S27,Conceptual Modeling,13,R13,MCDA,9,P9,Policy Brief,complicated,comparative,2.00,0.33
4557,27,S27,Conceptual Modeling,13,R13,MCDA,11,P11,Academic Paper,complicated,quantitative,2.33,0.30
4558,27,S27,Conceptual Modeling,13,R13,MCDA,16,P16,Comparative Table,complicated,comparative,1.67,0.27
4559,27,S27,Conceptual Modeling,13,R13,MCDA,17,P17,Decision Matrix,complicated,comparative; quantitative,1.67,0.30
4560,27,S27,Conceptual Modeling,13,R13,MCDA,21,P21,Dashboard,complicated,quantitative,2.00,0.30
4561,27,S27,Conceptual Modeling,13,R13,MCDA,29,P29,Interactive Visualization,complicated,quantitative,2.33,0.33
4562,27,S27,Conceptual Modeling,13,R13,MCDA,31,P31,Simulation,complicated,quantitative,2.33,0.37
4563,27,S27,Conceptual Modeling,15,R15,Naturalistic Decision-Making,6,P6,Memo,complex,qualitative,1.67,0.30
4564,27,S27,Conceptual Modeling,15,R15,Naturalistic Decision-Making,8,P8,Technical Report,complex,qualitative,2.00,0.30
4565,27,S27,Conceptual Modeling,15,R15,Naturalistic Decision-Making,10,P10,White Paper,complex,qualitative,2.00,0.33
4566,27,S27,Conceptual Modeling,15,R15,Naturalistic Decision-Making,11,P11,Academic Paper,complex,qualitative,2.33,0.33
4567,27,S27,Conceptual Modeling,15,R15,Naturalistic Decision-Making,12,P12,Case Study,complex,qualitative,2.00,0.33
4568,27,S27,Conceptual Modeling,15,R15,Naturalistic Decision-Making,15,P15,Dialogue,complex,qualitative,2.00,0.33
4569,27,S27,Conceptual Modeling,15,R15,Naturalistic Decision-Making,33,P33,Narrative Synthesis,complex,qualitative,2.00,0.30
4570,27,S27,Conceptual Modeling,15,R15,Naturalistic Decision-Making,35,P35,Dialogue Format,complex,qualitative,2.00,0.33
4571,27,S27,Conceptual Modeling,16,R16,Intuitive Decision-Making,6,P6,Memo,complex,qualitative,1.33,0.27
4572,27,S27,Conceptual Modeling,16,R16,Intuitive Decision-Making,8,P8,Technical Report,complex,qualitative,1.67,0.27
4573,27,S27,Conceptual Modeling,16,R16,Intuitive Decision-Making,10,P10,White Paper,complex,qualitative,1.67,0.30
4574,27,S27,Conceptual Modeling,16,R16,Intuitive Decision-Making,11,P11,Academic Paper,complex,qualitative,2.00,0.30
4575,27,S27,Conceptual Modeling,16,R16,Intuitive Decision-Making,12,P12,Case Study,complex,qualitative,1.67,0.30
4576,27,S27,Conceptual Modeling,16,R16,Intuitive Decision-Making,15,P15,Dialogue,complex,qualitative,1.67,0.30
4577,27,S27,Conceptual Modeling,16,R16,Intuitive Decision-Making,33,P33,Narrative Synthesis,complex,qualitative,1.67,0.27
4578,27,S27,Conceptual Modeling,16,R16,Intuitive Decision-Making,35,P35,Dialogue Format,complex,qualitative,1.67,0.30
4579,27,S27,Conceptual Modeling,18,R18,Hypothesis Testing,8,P8,Technical Report,complicated,quantitative,2.00,0.27
4580,27,S27,Conceptual Modeling,18,R18,Hypothesis Testing,11,P11,Academic Paper,complicated,quantitative,2.33,0.30
4581,27,S27,Conceptual Modeling,18,R18,Hypothesis Testing,17,P17,Decision Matrix,complicated,quantitative,1.67,0.30
4582,27,S27,Conceptual Modeling,18,R18,Hypothesis Testing,21,P21,Dashboard,complicated,quantitative,2.00,0.30
4583,27,S27,Conceptual Modeling,18,R18,Hypothesis Testing,29,P29,Interactive Visualization,complicated,quantitative,2.33,0.33
4584,27,S27,Conceptual Modeling,18,R18,Hypothesis Testing,31,P31,Simulation,complicated,quantitative,2.33,0.37
4585,27,S27,Conceptual Modeling,20,R20,Sensitivity Analysis,8,P8,Technical Report,complex; complicated,quantitative,2.00,0.27
4586,27,S27,Conceptual Modeling,20,R20,Sensitivity Analysis,11,P11,Academic Paper,complex; complicated,quantitative,2.33,0.30
4587,27,S27,Conceptual Modeling,20,R20,Sensitivity Analysis,17,P17,Decision Matrix,complex; complicated,quantitative,1.67,0.30
4588,27,S27,Conceptual Modeling,20,R20,Sensitivity Analysis,21,P21,Dashboard,complex; complicated,quantitative,2.00,0.30
4589,27,S27,Conceptual Modeling,20,R20,Sensitivity Analysis,29,P29,Interactive Visualization,complex; complicated,quantitative,2.33,0.33
4590,27,S27,Conceptual Modeling,20,R20,Sensitivity Analysis,31,P31,Simulation,complex; complicated,quantitative,2.33,0.37
4591,27,S27,Conceptual Modeling,21,R21,Analogical Reasoning,1,P1,Cornell Notes,complex; complicated,conceptual,1.67,0.30
4592,27,S27,Conceptual Modeling,21,R21,Analogical Reasoning,2,P2,SQ3R,complex; complicated,conceptual,1.67,0.33
4593,27,S27,Conceptual Modeling,21,R21,Analogical Reasoning,3,P3,CODE (Second Brain),complex; complicated,conceptual,2.00,0.30
4594,27,S27,Conceptual Modeling,21,R21,Analogical Reasoning,4,P4,Progressive Summarization,complex; complicated,conceptual,2.00,0.30
4595,27,S27,Conceptual Modeling,21,R21,Analogical Reasoning,6,P6,Memo,complex; complicated,conceptual,1.67,0.23
4596,27,S27,Conceptual Modeling,21,R21,Analogical Reasoning,7,P7,Executive Summary,complex; complicated,conceptual,1.67,0.23
4597,27,S27,Conceptual Modeling,21,R21,Analogical Reasoning,10,P10,White Paper,complex; complicated,conceptual,2.00,0.27
4598,27,S27,Conceptual Modeling,21,R21,Analogical Reasoning,14,P14,FAQ,complex; complicated,conceptual,1.67,0.23
4599,27,S27,Conceptual Modeling,21,R21,Analogical Reasoning,25,P25,Mind Map,complex; complicated,conceptual,1.67,0.23
4600,27,S27,Conceptual Modeling,21,R21,Analogical Reasoning,28,P28,Slide Deck,complex; complicated,conceptual,1.67,0.23
4601,27,S27,Conceptual Modeling,21,R21,Analogical Reasoning,36,P36,Metaphorical Explanation,complex; complicated,conceptual,2.00,0.27
4602,27,S27,Conceptual Modeling,22,R22,Case-Based Reasoning,7,P7,Executive Summary,complicated,comparative,1.67,0.27
4603,27,S27,Conceptual Modeling,22,R22,Case-Based Reasoning,9,P9,Policy Brief,complicated,comparative,2.00,0.33
4604,27,S27,Conceptual Modeling,22,R22,Case-Based Reasoning,16,P16,Comparative Table,complicated,comparative,1.67,0.27
4605,27,S27,Conceptual Modeling,22,R22,Case-Based Reasoning,17,P17,Decision Matrix,complicated,comparative,1.67,0.30
4606,27,S27,Conceptual Modeling,23,R23,Benchmarking,7,P7,Executive Summary,complicated,comparative,1.33,0.27
4607,27,S27,Conceptual Modeling,23,R23,Benchmarking,9,P9,Policy Brief,complicated,comparative,1.67,0.33
4608,27,S27,Conceptual Modeling,23,R23,Benchmarking,16,P16,Comparative Table,complicated,comparative,1.33,0.27
4609,27,S27,Conceptual Modeling,23,R23,Benchmarking,17,P17,Decision Matrix,complicated,comparative,1.33,0.30
4610,27,S27,Conceptual Modeling,24,R24,Scenario Planning,5,P5,Checklist,complex,sequential,1.67,0.30
4611,27,S27,Conceptual Modeling,24,R24,Scenario Planning,6,P6,Memo,complex,narrative,1.67,0.27
4612,27,S27,Conceptual Modeling,24,R24,Scenario Planning,8,P8,Technical Report,complex,sequential,2.00,0.27
4613,27,S27,Conceptual Modeling,24,R24,Scenario Planning,9,P9,Policy Brief,complex,narrative,2.00,0.33
4614,27,S27,Conceptual Modeling,24,R24,Scenario Planning,12,P12,Case Study,complex,narrative,2.00,0.30
4615,27,S27,Conceptual Modeling,24,R24,Scenario Planning,13,P13,Tutorial,complex,sequential,1.67,0.30
4616,27,S27,Conceptual Modeling,24,R24,Scenario Planning,15,P15,Dialogue,complex,narrative,2.00,0.30
4617,27,S27,Conceptual Modeling,24,R24,Scenario Planning,19,P19,Flowchart,complex,sequential,1.67,0.27
4618,27,S27,Conceptual Modeling,24,R24,Scenario Planning,20,P20,Gantt Chart,complex,sequential,1.67,0.33
4619,27,S27,Conceptual Modeling,24,R24,Scenario Planning,22,P22,Infographic,complex,narrative,1.67,0.30
4620,27,S27,Conceptual Modeling,24,R24,Scenario Planning,26,P26,Timeline,complex,sequential,1.67,0.27
4621,27,S27,Conceptual Modeling,24,R24,Scenario Planning,28,P28,Slide Deck,complex,narrative,1.67,0.27
4622,27,S27,Conceptual Modeling,24,R24,Scenario Planning,30,P30,Video,complex,narrative,2.00,0.30
4623,27,S27,Conceptual Modeling,24,R24,Scenario Planning,32,P32,Annotated Code,complex,sequential,2.00,0.40
4624,27,S27,Conceptual Modeling,24,R24,Scenario Planning,33,P33,Narrative Synthesis,complex,narrative,2.00,0.27
4625,27,S27,Conceptual Modeling,24,R24,Scenario Planning,34,P34,Scenario Narrative,complex,narrative,2.00,0.30
4626,27,S27,Conceptual Modeling,24,R24,Scenario Planning,35,P35,Dialogue Format,complex,narrative,2.00,0.30
4627,27,S27,Conceptual Modeling,24,R24,Scenario Planning,36,P36,Metaphorical Explanation,complex,narrative,2.00,0.30
4628,27,S27,Conceptual Modeling,25,R25,Counterfactual Analysis,6,P6,Memo,complex; complicated,narrative,1.67,0.27
4629,27,S27,Conceptual Modeling,25,R25,Counterfactual Analysis,9,P9,Policy Brief,complex; complicated,narrative,2.00,0.33
4630,27,S27,Conceptual Modeling,25,R25,Counterfactual Analysis,12,P12,Case Study,complex; complicated,narrative,2.00,0.30
4631,27,S27,Conceptual Modeling,25,R25,Counterfactual Analysis,15,P15,Dialogue,complex; complicated,narrative,2.00,0.30
4632,27,S27,Conceptual Modeling,25,R25,Counterfactual Analysis,22,P22,Infographic,complex; complicated,narrative,1.67,0.30
4633,27,S27,Conceptual Modeling,25,R25,Counterfactual Analysis,28,P28,Slide Deck,complex; complicated,narrative,1.67,0.27
4634,27,S27,Conceptual Modeling,25,R25,Counterfactual Analysis,30,P30,Video,complex; complicated,narrative,2.00,0.30
4635,27,S27,Conceptual Modeling,25,R25,Counterfactual Analysis,33,P33,Narrative Synthesis,complex; complicated,narrative,2.00,0.27
4636,27,S27,Conceptual Modeling,25,R25,Counterfactual Analysis,34,P34,Scenario Narrative,complex; complicated,narrative,2.00,0.30
4637,27,S27,Conceptual Modeling,25,R25,Counterfactual Analysis,35,P35,Dialogue Format,complex; complicated,narrative,2.00,0.30
4638,27,S27,Conceptual Modeling,25,R25,Counterfactual Analysis,36,P36,Metaphorical Explanation,complex; complicated,narrative,2.00,0.30
4639,27,S27,Conceptual Modeling,26,R26,Pre-mortem Analysis,6,P6,Memo,complex; complicated,qualitative,1.67,0.23
4640,27,S27,Conceptual Modeling,26,R26,Pre-mortem Analysis,8,P8,Technical Report,complex; complicated,qualitative,2.00,0.23
4641,27,S27,Conceptual Modeling,26,R26,Pre-mortem Analysis,10,P10,White Paper,complex; complicated,qualitative,2.00,0.27
4642,27,S27,Conceptual Modeling,26,R26,Pre-mortem Analysis,11,P11,Academic Paper,complex; complicated,qualitative,2.33,0.27
4643,27,S27,Conceptual Modeling,26,R26,Pre-mortem Analysis,12,P12,Case Study,complex; complicated,qualitative,2.00,0.27
4644,27,S27,Conceptual Modeling,26,R26,Pre-mortem Analysis,15,P15,Dialogue,complex; complicated,qualitative,2.00,0.27
4645,27,S27,Conceptual Modeling,26,R26,Pre-mortem Analysis,33,P33,Narrative Synthesis,complex; complicated,qualitative,2.00,0.23
4646,27,S27,Conceptual Modeling,26,R26,Pre-mortem Analysis,35,P35,Dialogue Format,complex; complicated,qualitative,2.00,0.27
4647,27,S27,Conceptual Modeling,27,R27,Post-mortem Analysis,6,P6,Memo,complicated,qualitative,1.33,0.27
4648,27,S27,Conceptual Modeling,27,R27,Post-mortem Analysis,8,P8,Technical Report,complicated,qualitative,1.67,0.27
4649,27,S27,Conceptual Modeling,27,R27,Post-mortem Analysis,10,P10,White Paper,complicated,qualitative,1.67,0.30
4650,27,S27,Conceptual Modeling,27,R27,Post-mortem Analysis,11,P11,Academic Paper,complicated,qualitative,2.00,0.30
4651,27,S27,Conceptual Modeling,27,R27,Post-mortem Analysis,12,P12,Case Study,complicated,qualitative,1.67,0.30
4652,27,S27,Conceptual Modeling,27,R27,Post-mortem Analysis,15,P15,Dialogue,complicated,qualitative,1.67,0.30
4653,27,S27,Conceptual Modeling,27,R27,Post-mortem Analysis,33,P33,Narrative Synthesis,complicated,qualitative,1.67,0.27
4654,27,S27,Conceptual Modeling,27,R27,Post-mortem Analysis,35,P35,Dialogue Format,complicated,qualitative,1.67,0.30
4655,27,S27,Conceptual Modeling,28,R28,Red Team/Blue Team,7,P7,Executive Summary,complex; complicated,comparative,1.67,0.30
4656,27,S27,Conceptual Modeling,28,R28,Red Team/Blue Team,9,P9,Policy Brief,complex; complicated,comparative,2.00,0.37
4657,27,S27,Conceptual Modeling,28,R28,Red Team/Blue Team,16,P16,Comparative Table,complex; complicated,comparative,1.67,0.30
4658,27,S27,Conceptual Modeling,28,R28,Red Team/Blue Team,17,P17,Decision Matrix,complex; complicated,comparative,1.67,0.33
4659,27,S27,Conceptual Modeling,29,R29,Devil's Advocate,6,P6,Memo,complicated,qualitative,1.33,0.23
4660,27,S27,Conceptual Modeling,29,R29,Devil's Advocate,8,P8,Technical Report,complicated,qualitative,1.67,0.23
4661,27,S27,Conceptual Modeling,29,R29,Devil's Advocate,10,P10,White Paper,complicated,qualitative,1.67,0.27
4662,27,S27,Conceptual Modeling,29,R29,Devil's Advocate,11,P11,Academic Paper,complicated,qualitative,2.00,0.27
4663,27,S27,Conceptual Modeling,29,R29,Devil's Advocate,12,P12,Case Study,complicated,qualitative,1.67,0.27
4664,27,S27,Conceptual Modeling,29,R29,Devil's Advocate,15,P15,Dialogue,complicated,qualitative,1.67,0.27
4665,27,S27,Conceptual Modeling,29,R29,Devil's Advocate,33,P33,Narrative Synthesis,complicated,qualitative,1.67,0.23
4666,27,S27,Conceptual Modeling,29,R29,Devil's Advocate,35,P35,Dialogue Format,complicated,qualitative,1.67,0.27
4667,27,S27,Conceptual Modeling,31,R31,Critical Thinking,6,P6,Memo,complex; complicated,qualitative,1.67,0.23
4668,27,S27,Conceptual Modeling,31,R31,Critical Thinking,8,P8,Technical Report,complex; complicated,qualitative,2.00,0.23
4669,27,S27,Conceptual Modeling,31,R31,Critical Thinking,10,P10,White Paper,complex; complicated,qualitative,2.00,0.27
4670,27,S27,Conceptual Modeling,31,R31,Critical Thinking,11,P11,Academic Paper,complex; complicated,qualitative,2.33,0.27
4671,27,S27,Conceptual Modeling,31,R31,Critical Thinking,12,P12,Case Study,complex; complicated,qualitative,2.00,0.27
4672,27,S27,Conceptual Modeling,31,R31,Critical Thinking,15,P15,Dialogue,complex; complicated,qualitative,2.00,0.27
4673,27,S27,Conceptual Modeling,31,R31,Critical Thinking,33,P33,Narrative Synthesis,complex; complicated,qualitative,2.00,0.23
4674,27,S27,Conceptual Modeling,31,R31,Critical Thinking,35,P35,Dialogue Format,complex; complicated,qualitative,2.00,0.27
4675,27,S27,Conceptual Modeling,32,R32,FMEA,7,P7,Executive Summary,complicated,comparative,1.67,0.33
4676,27,S27,Conceptual Modeling,32,R32,FMEA,8,P8,Technical Report,complicated,quantitative,2.00,0.33
4677,27,S27,Conceptual Modeling,32,R32,FMEA,9,P9,Policy Brief,complicated,comparative,2.00,0.40
4678,27,S27,Conceptual Modeling,32,R32,FMEA,11,P11,Academic Paper,complicated,quantitative,2.33,0.37
4679,27,S27,Conceptual Modeling,32,R32,FMEA,16,P16,Comparative Table,complicated,comparative,1.67,0.33
4680,27,S27,Conceptual Modeling,32,R32,FMEA,17,P17,Decision Matrix,complicated,comparative; quantitative,1.67,0.37
4681,27,S27,Conceptual Modeling,32,R32,FMEA,21,P21,Dashboard,complicated,quantitative,2.00,0.37
4682,27,S27,Conceptual Modeling,32,R32,FMEA,29,P29,Interactive Visualization,complicated,quantitative,2.33,0.40
4683,27,S27,Conceptual Modeling,32,R32,FMEA,31,P31,Simulation,complicated,quantitative,2.33,0.43
4684,27,S27,Conceptual Modeling,33,R33,Fault Tree Analysis,18,P18,Causal Diagram,complicated,visual,2.00,0.37
4685,27,S27,Conceptual Modeling,33,R33,Fault Tree Analysis,19,P19,Flowchart,complicated,visual,1.67,0.33
4686,27,S27,Conceptual Modeling,33,R33,Fault Tree Analysis,20,P20,Gantt Chart,complicated,visual,1.67,0.40
4687,27,S27,Conceptual Modeling,33,R33,Fault Tree Analysis,21,P21,Dashboard,complicated,visual,2.00,0.37
4688,27,S27,Conceptual Modeling,33,R33,Fault Tree Analysis,22,P22,Infographic,complicated,visual,1.67,0.37
4689,27,S27,Conceptual Modeling,33,R33,Fault Tree Analysis,23,P23,Systems Diagram,complicated,visual,2.00,0.40
4690,27,S27,Conceptual Modeling,33,R33,Fault Tree Analysis,24,P24,Network Graph,complicated,visual,2.00,0.40
4691,27,S27,Conceptual Modeling,33,R33,Fault Tree Analysis,25,P25,Mind Map,complicated,visual,1.67,0.33
4692,27,S27,Conceptual Modeling,33,R33,Fault Tree Analysis,26,P26,Timeline,complicated,visual,1.67,0.33
4693,27,S27,Conceptual Modeling,33,R33,Fault Tree Analysis,27,P27,Fishbone Diagram,complicated,visual,1.67,0.40
4694,27,S27,Conceptual Modeling,33,R33,Fault Tree Analysis,28,P28,Slide Deck,complicated,visual,1.67,0.33
4695,27,S27,Conceptual Modeling,33,R33,Fault Tree Analysis,29,P29,Interactive Visualization,complicated,visual,2.33,0.40
4696,27,S27,Conceptual Modeling,33,R33,Fault Tree Analysis,30,P30,Video,complicated,visual,2.00,0.37
4697,27,S27,Conceptual Modeling,33,R33,Fault Tree Analysis,31,P31,Simulation,complicated,visual,2.33,0.43
4698,27,S27,Conceptual Modeling,34,R34,Event Tree Analysis,5,P5,Checklist,complicated,sequential,1.67,0.37
4699,27,S27,Conceptual Modeling,34,R34,Event Tree Analysis,8,P8,Technical Report,complicated,sequential,2.00,0.33
4700,27,S27,Conceptual Modeling,34,R34,Event Tree Analysis,13,P13,Tutorial,complicated,sequential,1.67,0.37
4701,27,S27,Conceptual Modeling,34,R34,Event Tree Analysis,19,P19,Flowchart,complicated,sequential,1.67,0.33
4702,27,S27,Conceptual Modeling,34,R34,Event Tree Analysis,20,P20,Gantt Chart,complicated,sequential,1.67,0.40
4703,27,S27,Conceptual Modeling,34,R34,Event Tree Analysis,26,P26,Timeline,complicated,sequential,1.67,0.33
4704,27,S27,Conceptual Modeling,34,R34,Event Tree Analysis,32,P32,Annotated Code,complicated,sequential,2.00,0.47
4705,27,S27,Conceptual Modeling,35,R35,Bow-Tie Analysis,18,P18,Causal Diagram,complicated,visual,2.00,0.37
4706,27,S27,Conceptual Modeling,35,R35,Bow-Tie Analysis,19,P19,Flowchart,complicated,visual,1.67,0.33
4707,27,S27,Conceptual Modeling,35,R35,Bow-Tie Analysis,20,P20,Gantt Chart,complicated,visual,1.67,0.40
4708,27,S27,Conceptual Modeling,35,R35,Bow-Tie Analysis,21,P21,Dashboard,complicated,visual,2.00,0.37
4709,27,S27,Conceptual Modeling,35,R35,Bow-Tie Analysis,22,P22,Infographic,complicated,visual,1.67,0.37
4710,27,S27,Conceptual Modeling,35,R35,Bow-Tie Analysis,23,P23,Systems Diagram,complicated,visual,2.00,0.40
4711,27,S27,Conceptual Modeling,35,R35,Bow-Tie Analysis,24,P24,Network Graph,complicated,visual,2.00,0.40
4712,27,S27,Conceptual Modeling,35,R35,Bow-Tie Analysis,25,P25,Mind Map,complicated,visual,1.67,0.33
4713,27,S27,Conceptual Modeling,35,R35,Bow-Tie Analysis,26,P26,Timeline,complicated,visual,1.67,0.33
4714,27,S27,Conceptual Modeling,35,R35,Bow-Tie Analysis,27,P27,Fishbone Diagram,complicated,visual,1.67,0.40
4715,27,S27,Conceptual Modeling,35,R35,Bow-Tie Analysis,28,P28,Slide Deck,complicated,visual,1.67,0.33
4716,27,S27,Conceptual Modeling,35,R35,Bow-Tie Analysis,29,P29,Interactive Visualization,complicated,visual,2.33,0.40
4717,27,S27,Conceptual Modeling,35,R35,Bow-Tie Analysis,30,P30,Video,complicated,visual,2.00,0.37
4718,27,S27,Conceptual Modeling,35,R35,Bow-Tie Analysis,31,P31,Simulation,complicated,visual,2.33,0.43
4719,27,S27,Conceptual Modeling,36,R36,Delphi Method,6,P6,Memo,complex,qualitative,1.67,0.30
4720,27,S27,Conceptual Modeling,36,R36,Delphi Method,8,P8,Technical Report,complex,qualitative,2.00,0.30
4721,27,S27,Conceptual Modeling,36,R36,Delphi Method,10,P10,White Paper,complex,qualitative,2.00,0.33
4722,27,S27,Conceptual Modeling,36,R36,Delphi Method,11,P11,Academic Paper,complex,qualitative,2.33,0.33
4723,27,S27,Conceptual Modeling,36,R36,Delphi Method,12,P12,Case Study,complex,qualitative,2.00,0.33
4724,27,S27,Conceptual Modeling,36,R36,Delphi Method,15,P15,Dialogue,complex,qualitative,2.00,0.33
4725,27,S27,Conceptual Modeling,36,R36,Delphi Method,33,P33,Narrative Synthesis,complex,qualitative,2.00,0.30
4726,27,S27,Conceptual Modeling,36,R36,Delphi Method,35,P35,Dialogue Format,complex,qualitative,2.00,0.33
4727,27,S27,Conceptual Modeling,37,R37,Nominal Group Technique,6,P6,Memo,complicated,qualitative,1.33,0.27
4728,27,S27,Conceptual Modeling,37,R37,Nominal Group Technique,8,P8,Technical Report,complicated,qualitative,1.67,0.27
4729,27,S27,Conceptual Modeling,37,R37,Nominal Group Technique,10,P10,White Paper,complicated,qualitative,1.67,0.30
4730,27,S27,Conceptual Modeling,37,R37,Nominal Group Technique,11,P11,Academic Paper,complicated,qualitative,2.00,0.30
4731,27,S27,Conceptual Modeling,37,R37,Nominal Group Technique,12,P12,Case Study,complicated,qualitative,1.67,0.30
4732,27,S27,Conceptual Modeling,37,R37,Nominal Group Technique,15,P15,Dialogue,complicated,qualitative,1.67,0.30
4733,27,S27,Conceptual Modeling,37,R37,Nominal Group Technique,33,P33,Narrative Synthesis,complicated,qualitative,1.67,0.27
4734,27,S27,Conceptual Modeling,37,R37,Nominal Group Technique,35,P35,Dialogue Format,complicated,qualitative,1.67,0.30
4735,27,S27,Conceptual Modeling,38,R38,Six Thinking Hats,6,P6,Memo,complex; complicated,qualitative,1.33,0.27
4736,27,S27,Conceptual Modeling,38,R38,Six Thinking Hats,8,P8,Technical Report,complex; complicated,qualitative,1.67,0.27
4737,27,S27,Conceptual Modeling,38,R38,Six Thinking Hats,10,P10,White Paper,complex; complicated,qualitative,1.67,0.30
4738,27,S27,Conceptual Modeling,38,R38,Six Thinking Hats,11,P11,Academic Paper,complex; complicated,qualitative,2.00,0.30
4739,27,S27,Conceptual Modeling,38,R38,Six Thinking Hats,12,P12,Case Study,complex; complicated,qualitative,1.67,0.30
4740,27,S27,Conceptual Modeling,38,R38,Six Thinking Hats,15,P15,Dialogue,complex; complicated,qualitative,1.67,0.30
4741,27,S27,Conceptual Modeling,38,R38,Six Thinking Hats,33,P33,Narrative Synthesis,complex; complicated,qualitative,1.67,0.27
4742,27,S27,Conceptual Modeling,38,R38,Six Thinking Hats,35,P35,Dialogue Format,complex; complicated,qualitative,1.67,0.30
4743,27,S27,Conceptual Modeling,39,R39,Linear Programming,8,P8,Technical Report,complicated,quantitative,2.33,0.33
4744,27,S27,Conceptual Modeling,39,R39,Linear Programming,11,P11,Academic Paper,complicated,quantitative,2.67,0.37
4745,27,S27,Conceptual Modeling,39,R39,Linear Programming,17,P17,Decision Matrix,complicated,quantitative,2.00,0.37
4746,27,S27,Conceptual Modeling,39,R39,Linear Programming,21,P21,Dashboard,complicated,quantitative,2.33,0.37
4747,27,S27,Conceptual Modeling,39,R39,Linear Programming,29,P29,Interactive Visualization,complicated,quantitative,2.67,0.40
4748,27,S27,Conceptual Modeling,39,R39,Linear Programming,31,P31,Simulation,complicated,quantitative,2.67,0.43
4749,27,S27,Conceptual Modeling,40,R40,Decision Trees,5,P5,Checklist,complicated,sequential,1.67,0.30
4750,27,S27,Conceptual Modeling,40,R40,Decision Trees,8,P8,Technical Report,complicated,sequential,2.00,0.27
4751,27,S27,Conceptual Modeling,40,R40,Decision Trees,13,P13,Tutorial,complicated,sequential,1.67,0.30
4752,27,S27,Conceptual Modeling,40,R40,Decision Trees,18,P18,Causal Diagram,complicated,visual,2.00,0.30
4753,27,S27,Conceptual Modeling,40,R40,Decision Trees,19,P19,Flowchart,complicated,sequential; visual,1.67,0.27
4754,27,S27,Conceptual Modeling,40,R40,Decision Trees,20,P20,Gantt Chart,complicated,sequential; visual,1.67,0.33
4755,27,S27,Conceptual Modeling,40,R40,Decision Trees,21,P21,Dashboard,complicated,visual,2.00,0.30
4756,27,S27,Conceptual Modeling,40,R40,Decision Trees,22,P22,Infographic,complicated,visual,1.67,0.30
4757,27,S27,Conceptual Modeling,40,R40,Decision Trees,23,P23,Systems Diagram,complicated,visual,2.00,0.33
4758,27,S27,Conceptual Modeling,40,R40,Decision Trees,24,P24,Network Graph,complicated,visual,2.00,0.33
4759,27,S27,Conceptual Modeling,40,R40,Decision Trees,25,P25,Mind Map,complicated,visual,1.67,0.27
4760,27,S27,Conceptual Modeling,40,R40,Decision Trees,26,P26,Timeline,complicated,sequential; visual,1.67,0.27
4761,27,S27,Conceptual Modeling,40,R40,Decision Trees,27,P27,Fishbone Diagram,complicated,visual,1.67,0.33
4762,27,S27,Conceptual Modeling,40,R40,Decision Trees,28,P28,Slide Deck,complicated,visual,1.67,0.27
4763,27,S27,Conceptual Modeling,40,R40,Decision Trees,29,P29,Interactive Visualization,complicated,visual,2.33,0.33
4764,27,S27,Conceptual Modeling,40,R40,Decision Trees,30,P30,Video,complicated,visual,2.00,0.30
4765,27,S27,Conceptual Modeling,40,R40,Decision Trees,31,P31,Simulation,complicated,visual,2.33,0.37
4766,27,S27,Conceptual Modeling,40,R40,Decision Trees,32,P32,Annotated Code,complicated,sequential,2.00,0.40
4767,27,S27,Conceptual Modeling,41,R41,Cost-Benefit Analysis,7,P7,Executive Summary,complicated,comparative,1.67,0.27
4768,27,S27,Conceptual Modeling,41,R41,Cost-Benefit Analysis,8,P8,Technical Report,complicated,quantitative,2.00,0.27
4769,27,S27,Conceptual Modeling,41,R41,Cost-Benefit Analysis,9,P9,Policy Brief,complicated,comparative,2.00,0.33
4770,27,S27,Conceptual Modeling,41,R41,Cost-Benefit Analysis,11,P11,Academic Paper,complicated,quantitative,2.33,0.30
4771,27,S27,Conceptual Modeling,41,R41,Cost-Benefit Analysis,16,P16,Comparative Table,complicated,comparative,1.67,0.27
4772,27,S27,Conceptual Modeling,41,R41,Cost-Benefit Analysis,17,P17,Decision Matrix,complicated,comparative; quantitative,1.67,0.30
4773,27,S27,Conceptual Modeling,41,R41,Cost-Benefit Analysis,21,P21,Dashboard,complicated,quantitative,2.00,0.30
4774,27,S27,Conceptual Modeling,41,R41,Cost-Benefit Analysis,29,P29,Interactive Visualization,complicated,quantitative,2.33,0.33
4775,27,S27,Conceptual Modeling,41,R41,Cost-Benefit Analysis,31,P31,Simulation,complicated,quantitative,2.33,0.37
4776,27,S27,Conceptual Modeling,42,R42,Trade-off Analysis,7,P7,Executive Summary,complicated,comparative,1.67,0.23
4777,27,S27,Conceptual Modeling,42,R42,Trade-off Analysis,9,P9,Policy Brief,complicated,comparative,2.00,0.30
4778,27,S27,Conceptual Modeling,42,R42,Trade-off Analysis,16,P16,Comparative Table,complicated,comparative,1.67,0.23
4779,27,S27,Conceptual Modeling,42,R42,Trade-off Analysis,17,P17,Decision Matrix,complicated,comparative,1.67,0.27
